0.994922,0.00507829
0.0390588,0.960941
5.36481e-11,1.0
0.993521,0.0064795
0.940546,0.0594536
0.00014716,0.999853
0.994729,0.00527052
0.988417,0.0115833
0.991584,0.00841611
2.37299e-15,1.0
0.997544,0.00245605
0.000411799,0.999588
0.989541,0.0104593
0.985606,0.014394
1.36701e-05,0.999986
0.0,1.0
1.24559e-17,1.0
5.09985e-12,1.0
0.990906,0.00909363
0.988119,0.0118806
0.422474,0.577526
0.191884,0.808116
0.996808,0.00319176
1.45789e-33,1.0
0.0114505,0.98855
1.97616e-15,1.0
0.238074,0.761926
0.0684151,0.931585
0.994705,0.00529456
0.933794,0.0662056
0.000185723,0.999814
1.13245e-05,0.999989
0.998918,0.00108195
0.987458,0.0125421
0.98577,0.0142301
1.00645e-18,1.0
0.833965,0.166035
0.962009,0.0379908
0.99457,0.00542966
5.15209e-06,0.999995
3.18687e-21,1.0
1.67237e-10,1.0
0.016253,0.983747
0.915044,0.0849565
0.997943,0.00205714
0.997901,0.00209858
0.994741,0.00525922
2.36192e-10,1.0
0.972655,0.0273447
2.3537e-33,1.0
0.962879,0.0371205
0.898754,0.101246
0.9971,0.00290043
0.718145,0.281855
5.78682e-12,1.0
0.149156,0.850844
1.22301e-07,1.0
0.307548,0.692452
0.0195443,0.980456
0.996877,0.00312262
9.19379e-08,1.0
0.99153,0.00847006
0.705661,0.294339
0.9899,0.0100997
0.995652,0.00434766
0.842149,0.157851
1.50962e-15,1.0
0.00241366,0.997586
0.988092,0.0119079
0.993605,0.00639501
0.0117225,0.988277
0.173843,0.826156
0.699075,0.300925
0.950822,0.0491777
0.981501,0.0184992
0.991098,0.00890228
4.71575e-20,1.0
0.991847,0.00815313
0.609707,0.390293
0.996308,0.00369154
0.971176,0.0288244
0.956984,0.0430161
1.69306e-08,1.0
0.438962,0.561038
0.984227,0.0157726
0.997887,0.00211308
0.891165,0.108835
0.769499,0.230501
0.0010588,0.998941
0.97231,0.0276903
0.00126681,0.998733
0.891711,0.108289
2.40214e-10,1.0
0.568993,0.431007
2.04375e-07,1.0
0.854403,0.145597
0.540343,0.459657
0.137657,0.862343
0.993666,0.0063338
0.99321,0.00679013
0.903802,0.0961979
0.905028,0.0949722
0.604111,0.395889
0.288499,0.711501
0.997727,0.00227295
0.996622,0.00337769
0.991892,0.00810784
0.989315,0.0106848
0.404071,0.595929
0.728614,0.271386
0.990937,0.00906306
0.973027,0.0269732
4.75121e-28,1.0
0.996091,0.00390936
0.991699,0.00830093
0.992529,0.00747062
0.680296,0.319704
0.842993,0.157007
2.94463e-08,1.0
5.35507e-11,1.0
0.813012,0.186988
0.990883,0.00911734
0.946651,0.0533495
1.42698e-08,1.0
0.473608,0.526392
0.993385,0.0066155
0.976651,0.023349
0.986924,0.0130762
0.0925263,0.907474
0.0494899,0.95051
0.998317,0.00168265
0.935023,0.0649773
0.994471,0.0055289
0.930187,0.0698128
0.988211,0.0117894
0.968829,0.0311712
0.576736,0.423264
0.995371,0.00462861
0.0860914,0.913909
0.993511,0.00648949
0.990704,0.00929644
0.991019,0.00898138
7.24221e-15,1.0
0.408225,0.591775
0.000165972,0.999834
2.66442e-21,1.0
1.54772e-08,1.0
0.976914,0.023086
0.0127417,0.987258
0.879131,0.120869
1.12665e-11,1.0
0.595074,0.404926
0.0742048,0.925795
0.9853,0.0146998
5.37889e-05,0.999946
0.871619,0.128381
0.955585,0.0444148
0.99024,0.00976014
0.820411,0.179589
0.969403,0.0305968
0.975692,0.0243083
0.944066,0.0559343
0.122755,0.877245
0.102588,0.897412
0.94436,0.0556395
8.07868e-25,1.0
0.861317,0.138683
2.39832e-36,1.0
8.15902e-17,1.0
0.930896,0.0691037
0.669468,0.330532
0.994959,0.00504107
0.994396,0.00560379
8.07994e-18,1.0
0.984592,0.0154075
0.000301188,0.999699
0.992465,0.00753483
0.998242,0.00175792
0.86069,0.13931
0.950437,0.0495626
0.995004,0.00499646
0.994454,0.0055463
0.996808,0.00319203
0.946732,0.0532685
0.298388,0.701612
0.990547,0.00945281
0.944867,0.055133
0.982642,0.0173585
6.06826e-10,1.0
0.88954,0.11046
5.1592e-15,1.0
4.72312e-24,1.0
0.754885,0.245115
0.859096,0.140904
0.964351,0.0356486
0.994666,0.00533387
8.24792e-25,1.0
0.000116516,0.999883
0.998219,0.0017806
3.17901e-16,1.0
0.696398,0.303602
0.927897,0.0721028
0.996135,0.00386452
1.0534e-18,1.0
1.07782e-08,1.0
0.943947,0.0560526
0.3548,0.6452
0.997947,0.00205291
0.908266,0.0917339
0.284359,0.715641
0.649497,0.350503
0.264462,0.735538
0.900884,0.0991157
0.49167,0.50833
1.52563e-07,1.0
0.899038,0.100962
3.75387e-07,1.0
0.997413,0.00258689
0.989277,0.0107228
9.82705e-08,1.0
0.958773,0.0412265
0.00111542,0.998885
0.99959,0.000410078
0.998107,0.00189277
0.986475,0.0135247
0.788414,0.211586
0.98725,0.0127498
0.00444469,0.995555
0.996512,0.00348775
0.897182,0.102818
0.996788,0.00321246
0.9706,0.0294003
0.971601,0.0283988
3.01215e-07,1.0
0.782974,0.217026
1.22765e-05,0.999988
0.00106759,0.998932
3.642e-05,0.999964
0.994227,0.00577264
0.996807,0.00319353
0.886524,0.113476
0.991477,0.00852257
0.995828,0.00417186
0.995465,0.00453454
0.581592,0.418408
0.876722,0.123279
2.62646e-14,1.0
0.968908,0.031092
0.980941,0.0190588
0.982934,0.0170659
0.985259,0.0147406
0.157354,0.842646
0.989642,0.0103583
0.962948,0.0370522
0.992485,0.00751537
0.993801,0.00619863
2.96536e-24,1.0
0.983413,0.0165868
0.751211,0.248789
0.000118673,0.999881
0.310109,0.689891
0.969829,0.0301714
0.996104,0.00389628
0.0128103,0.98719
0.000832932,0.999167
0.312312,0.687688
0.994386,0.00561413
0.993625,0.00637459
0.965546,0.0344541
0.0757481,0.924252
0.996537,0.0034633
0.989461,0.0105389
0.997548,0.00245245
1.91396e-08,1.0
0.955773,0.0442269
0.00467554,0.995324
0.923132,0.0768684
2.51154e-15,1.0
2.21583e-08,1.0
0.984381,0.0156194
0.991138,0.00886153
0.234994,0.765006
0.965342,0.0346584
4.9677e-11,1.0
0.706427,0.293573
0.971778,0.0282217
0.967818,0.0321825
1.99589e-11,1.0
0.985814,0.0141863
0.940557,0.0594431
0.885391,0.114609
0.247517,0.752483
0.608784,0.391216
0.998951,0.00104873
0.99486,0.00513999
0.99299,0.0070104
0.999564,0.000435762
0.990601,0.00939916
0.982049,0.0179506
7.06441e-05,0.999929
0.993546,0.0064537
0.974659,0.0253409
3.7873e-29,1.0
5.17863e-08,1.0
0.958097,0.0419029
0.585044,0.414956
0.641364,0.358636
0.0143832,0.985617
0.024134,0.975866
0.00740195,0.992598
0.982498,0.0175023
0.85914,0.14086
0.969145,0.0308554
2.5611e-21,1.0
0.0398842,0.960116
0.00489454,0.995106
0.490502,0.509498
0.991865,0.00813468
0.824973,0.175027
0.924238,0.0757623
0.963286,0.0367145
0.988281,0.0117187
2.93142e-19,1.0
0.864877,0.135123
0.987106,0.0128941
0.995243,0.00475706
0.997371,0.00262875
4.3926e-11,1.0
6.32805e-17,1.0
3.60334e-15,1.0
4.15073e-05,0.999959
0.609299,0.390701
0.844708,0.155292
0.424951,0.575049
0.922513,0.077487
0.96899,0.0310096
0.996838,0.00316202
0.994493,0.00550738
0.95047,0.0495295
0.0174053,0.982595
0.997486,0.00251423
0.940619,0.0593807
0.990079,0.00992094
0.997517,0.00248318
0.688783,0.311217
2.22967e-10,1.0
0.998895,0.00110471
0.898777,0.101223
0.991919,0.00808125
0.594354,0.405646
0.985704,0.0142959
9.67123e-12,1.0
0.981317,0.0186835
0.00325619,0.996744
1.15615e-09,1.0
2.56999e-22,1.0
0.0524858,0.947514
0.984231,0.0157689
0.79985,0.20015
4.60723e-07,1.0
0.962804,0.0371956
0.919182,0.080818
2.13478e-22,1.0
2.02869e-06,0.999998
2.58839e-08,1.0
0.974115,0.0258851
0.994659,0.00534104
0.997484,0.0025155
0.401075,0.598925
0.710845,0.289155
0.909213,0.0907867
0.840776,0.159224
0.977654,0.0223463
3.28654e-08,1.0
0.852289,0.147711
0.965689,0.0343105
0.989556,0.0104443
0.994071,0.0059291
0.958258,0.0417421
0.994768,0.00523229
0.000329001,0.999671
9.73006e-36,1.0
0.000598789,0.999401
0.95033,0.0496701
0.796382,0.203618
0.591823,0.408177
0.984309,0.0156908
0.992512,0.00748838
0.891328,0.108672
9.65852e-08,1.0
0.473437,0.526563
0.0573933,0.942607
0.14269,0.85731
0.978816,0.0211844
0.98136,0.0186395
0.962456,0.0375442
0.998986,0.00101383
0.864907,0.135093
0.647888,0.352112
0.0618909,0.938109
0.985507,0.0144931
4.91069e-06,0.999995
0.346866,0.653134
0.991465,0.00853509
1.60756e-06,0.999998
0.993388,0.00661174
0.92771,0.0722901
4.23596e-09,1.0
0.866408,0.133592
0.99381,0.00619053
0.693897,0.306103
1.10462e-10,1.0
3.52903e-10,1.0
0.00956098,0.990439
4.57213e-34,1.0
0.748513,0.251487
0.99338,0.00662003
0.144626,0.855374
0.869332,0.130668
0.995174,0.00482606
0.992324,0.00767599
0.997128,0.00287203
3.53529e-08,1.0
0.991716,0.00828351
2.768e-15,1.0
0.0565568,0.943443
0.818343,0.181657
0.975201,0.0247986
2.48958e-08,1.0
0.6804,0.3196
0.996711,0.00328908
4.96706e-09,1.0
0.124581,0.875419
0.00123647,0.998764
0.973535,0.0264648
0.145972,0.854028
0.97164,0.0283596
0.998961,0.00103852
0.911549,0.0884512
3.7029e-07,1.0
0.997551,0.00244942
7.43117e-30,1.0
0.973723,0.0262767
0.952719,0.0472812
6.37016e-10,1.0
3.80723e-14,1.0
1.7135e-26,1.0
0.0145637,0.985436
3.40625e-26,1.0
0.926309,0.0736911
0.87885,0.12115
0.845063,0.154937
0.997944,0.002056
0.934996,0.0650043
0.642499,0.357501
0.115022,0.884978
0.922299,0.0777006
8.5433e-10,1.0
0.992996,0.00700385
0.97123,0.0287697
1.43496e-19,1.0
0.97575,0.0242497
0.917939,0.0820612
2.90837e-14,1.0
0.998059,0.00194118
0.996621,0.00337862
0.867096,0.132904
0.927744,0.0722555
0.0183998,0.9816
0.792764,0.207236
0.933179,0.0668206
0.988866,0.0111338
0.990515,0.00948519
0.00221996,0.99778
0.0494141,0.950586
0.998619,0.00138128
0.0101641,0.989836
0.0471809,0.952819
0.988552,0.0114475
2.95872e-09,1.0
0.994293,0.00570684
2.20547e-23,1.0
0.995528,0.00447233
7.84018e-07,0.999999
1.98425e-17,1.0
4.66126e-10,1.0
2.26589e-08,1.0
8.30804e-07,0.999999
0.738332,0.261668
4.60026e-05,0.999954
0.890532,0.109468
3.34681e-12,1.0
0.939634,0.0603655
0.99388,0.00611997
0.994226,0.00577413
1.60016e-28,1.0
0.694538,0.305462
8.63687e-22,1.0
7.41929e-11,1.0
9.90006e-08,1.0
5.82423e-17,1.0
0.0339636,0.966036
0.200129,0.799871
6.80442e-08,1.0
0.948192,0.0518084
0.940316,0.0596843
3.35551e-09,1.0
0.566356,0.433644
0.232169,0.767831
0.977879,0.0221205
5.16093e-06,0.999995
4.57216e-12,1.0
1.19738e-06,0.999999
0.000161443,0.999838
0.891965,0.108035
0.0328376,0.967162
0.996248,0.00375235
0.454926,0.545074
1.69137e-09,1.0
3.61729e-38,1.0
2.27733e-09,1.0
0.000727937,0.999272
0.572927,0.427073
0.00749806,0.992502
0.995694,0.00430594
0.9883,0.0116997
0.226033,0.773967
0.905381,0.0946193
0.816881,0.183119
3.78804e-19,1.0
3.53438e-05,0.999965
0.952306,0.0476942
0.366812,0.633188
1.75869e-07,1.0
0.807872,0.192128
0.630802,0.369198
0.957005,0.042995
0.979419,0.0205806
4.00064e-05,0.99996
0.585125,0.414875
3.75288e-25,1.0
0.982266,0.0177335
0.995028,0.00497173
0.693139,0.306861
0.97022,0.0297797
0.017837,0.982163
0.989632,0.0103677
5.51782e-10,1.0
6.1728e-06,0.999994
0.621622,0.378378
0.476199,0.523801
0.989012,0.0109885
0.982406,0.0175942
0.97867,0.0213304
0.452014,0.547986
0.996447,0.00355326
0.98585,0.0141504
0.658899,0.341101
6.94205e-11,1.0
0.946262,0.0537376
0.695849,0.304151
1.91415e-06,0.999998
0.998002,0.0019975
0.957468,0.0425316
0.993861,0.00613908
0.891785,0.108215
0.990545,0.00945455
0.992624,0.00737546
0.989633,0.0103671
9.82999e-12,1.0
0.948825,0.0511745
3.85907e-16,1.0
0.236713,0.763287
1.2381e-14,1.0
0.36264,0.63736
3.01918e-07,1.0
0.723445,0.276555
0.000193194,0.999807
0.868402,0.131598
0.965405,0.0345954
0.232933,0.767067
2.26705e-20,1.0
0.986587,0.0134131
0.260585,0.739415
0.708751,0.291249
3.2666e-11,1.0
0.0101746,0.989825
0.922151,0.0778494
0.875464,0.124536
2.98683e-08,1.0
0.0139071,0.986093
0.383585,0.616415
1.16985e-05,0.999988
0.957003,0.0429969
4.01791e-15,1.0
0.869005,0.130995
2.1755e-09,1.0
0.987592,0.0124086
2.94327e-05,0.999971
0.985388,0.0146116
0.963242,0.0367583
8.75725e-11,1.0
0.993195,0.00680501
0.04477,0.95523
0.846047,0.153953
3.20249e-17,1.0
7.05785e-06,0.999993
0.976493,0.0235072
2.55203e-09,1.0
0.980018,0.0199822
0.455315,0.544685
0.988682,0.0113182
0.997554,0.00244576
0.955966,0.0440336
0.0,1.0
1.01338e-05,0.99999
0.996564,0.00343569
2.97464e-13,1.0
0.0604099,0.93959
0.113335,0.886665
2.96896e-12,1.0
3.93637e-07,1.0
0.977293,0.0227068
0.00919952,0.9908
0.89766,0.10234
0.96977,0.0302299
0.992763,0.00723728
3.49186e-08,1.0
0.000253024,0.999747
0.999362,0.000637959
0.814297,0.185703
2.76558e-05,0.999972
0.00991395,0.990086
0.547738,0.452262
0.994341,0.00565897
0.950538,0.0494624
0.96485,0.0351498
0.975298,0.0247024
0.99201,0.0079897
2.18299e-05,0.999978
0.964269,0.0357311
0.988057,0.0119426
0.166984,0.833016
0.987295,0.0127053
0.13644,0.86356
7.38425e-11,1.0
0.995331,0.00466908
8.97872e-07,0.999999
0.940337,0.0596633
0.860242,0.139758
0.990857,0.00914257
2.58464e-10,1.0
0.957689,0.0423114
0.817144,0.182856
0.980159,0.0198405
0.961879,0.0381211
0.973897,0.0261026
0.75935,0.240649
0.996738,0.0032618
0.78216,0.21784
0.973281,0.0267194
0.960401,0.0395992
0.911448,0.0885515
0.00324684,0.996753
3.55655e-05,0.999964
0.00140459,0.998595
0.990385,0.00961467
0.0259308,0.974069
0.980877,0.0191227
1.79406e-16,1.0
6.31684e-16,1.0
0.302988,0.697012
0.315946,0.684054
0.959014,0.0409861
0.990445,0.00955542
0.974956,0.0250444
2.60795e-21,1.0
0.967858,0.0321418
0.998577,0.00142301
0.991367,0.0086326
1.77191e-06,0.999998
0.998305,0.00169492
0.61476,0.38524
8.56752e-10,1.0
0.255293,0.744707
0.261244,0.738756
0.941106,0.0588937
0.988537,0.0114633
0.958156,0.0418437
0.000926838,0.999073
0.9562,0.0437999
0.947303,0.0526967
0.920925,0.0790754
0.959012,0.0409883
0.983497,0.016503
0.999042,0.000958046
0.990789,0.00921122
0.273883,0.726117
0.992573,0.00742669
0.998013,0.00198743
4.22914e-06,0.999996
0.67537,0.32463
0.178781,0.821219
0.690027,0.309973
0.93961,0.0603904
0.985698,0.0143018
0.995284,0.00471577
0.000203499,0.999797
0.709967,0.290033
0.993002,0.00699796
0.99194,0.00806005
0.98094,0.0190601
0.996227,0.00377344
2.51671e-08,1.0
0.980621,0.0193794
0.977003,0.0229966
0.949223,0.0507768
0.980673,0.0193274
0.976017,0.0239834
0.984249,0.0157511
0.98194,0.01806
0.00358756,0.996412
9.99585e-05,0.9999
4.80084e-05,0.999952
2.47772e-11,1.0
0.542214,0.457786
8.80765e-11,1.0
0.97559,0.0244096
3.6693e-27,1.0
0.982542,0.0174578
0.000264466,0.999736
0.989847,0.0101532
0.984926,0.0150742
0.987681,0.0123188
0.926624,0.0733763
0.907037,0.0929631
0.957566,0.0424342
7.37427e-08,1.0
3.07066e-14,1.0
0.876661,0.123339
0.999591,0.000409309
0.497742,0.502258
0.000395669,0.999604
3.89432e-05,0.999961
0.997043,0.00295715
0.885503,0.114497
0.975848,0.0241522
1.94222e-08,1.0
0.0117851,0.988215
0.992188,0.00781172
1.65398e-08,1.0
0.99471,0.00528952
1.1002e-10,1.0
0.972963,0.0270368
0.954792,0.0452079
0.974693,0.0253065
2.68023e-05,0.999973
1.3029e-11,1.0
0.983596,0.0164044
0.985131,0.0148693
0.95586,0.0441396
5.89725e-15,1.0
0.983588,0.0164122
0.937996,0.0620044
2.93065e-05,0.999971
0.00182123,0.998179
0.998367,0.001633
2.75751e-05,0.999972
0.867666,0.132334
0.900637,0.0993627
7.80246e-31,1.0
1.26787e-09,1.0
0.134161,0.865839
0.399755,0.600245
0.983017,0.0169831
0.991066,0.00893371
0.956426,0.0435741
0.000431981,0.999568
0.999472,0.00052808
0.992766,0.00723372
0.00136924,0.998631
0.967647,0.0323527
0.701922,0.298078
0.998671,0.00132923
1.4762e-05,0.999985
0.990357,0.00964286
0.986494,0.013506
0.669672,0.330328
0.279241,0.720759
0.954435,0.0455647
0.713993,0.286007
1.41657e-12,1.0
0.00675512,0.993245
0.000352806,0.999647
0.994158,0.00584234
0.000498834,0.999501
0.00624531,0.993755
0.991664,0.00833548
1.20942e-22,1.0
8.98534e-06,0.999991
0.941779,0.0582209
5.648e-12,1.0
7.20221e-08,1.0
0.954691,0.0453091
0.993021,0.00697931
0.997969,0.00203088
1.52801e-08,1.0
0.997766,0.00223371
0.99038,0.00961972
0.985385,0.0146155
0.964232,0.0357683
0.894071,0.105929
0.995512,0.00448833
7.06027e-07,0.999999
0.937837,0.0621631
0.00590392,0.994096
5.86816e-06,0.999994
0.0644459,0.935554
0.992922,0.00707826
0.860886,0.139115
0.994471,0.00552885
0.994432,0.00556802
0.978447,0.021553
0.00298461,0.997015
0.994463,0.00553686
0.989449,0.0105505
0.608135,0.391865
0.991491,0.00850906
0.973075,0.0269251
0.33391,0.66609
0.772396,0.227604
0.984809,0.0151911
0.997258,0.00274228
0.982793,0.017207
0.653413,0.346587
2.84364e-18,1.0
0.00368554,0.996314
1.68745e-16,1.0
0.996988,0.00301178
1.91066e-06,0.999998
9.97037e-15,1.0
0.333389,0.666611
0.994569,0.00543114
7.0085e-05,0.99993
0.403299,0.596701
1.45842e-08,1.0
8.64637e-05,0.999914
0.997243,0.002757
0.890869,0.109131
0.935131,0.0648687
0.0024269,0.997573
0.500675,0.499325
1.76751e-09,1.0
0.992403,0.00759732
4.36418e-25,1.0
0.990384,0.00961573
0.982307,0.0176927
0.683154,0.316846
0.127022,0.872978
0.357401,0.642599
0.000119837,0.99988
0.988152,0.0118482
0.960469,0.0395315
0.995111,0.00488938
0.954409,0.0455912
0.0116873,0.988313
4.35336e-05,0.999956
0.718102,0.281898
9.93237e-15,1.0
0.988786,0.0112139
0.393235,0.606765
2.05026e-10,1.0
0.992154,0.0078459
0.000455241,0.999545
0.0556961,0.944304
0.989839,0.0101613
0.970225,0.029775
0.000330939,0.999669
3.98322e-05,0.99996
0.976121,0.0238791
0.0100517,0.989948
0.00522785,0.994772
0.000172496,0.999828
0.978313,0.0216866
0.99688,0.00312019
0.996648,0.00335248
0.995241,0.00475897
0.944268,0.0557322
0.00087752,0.999122
0.764849,0.235151
0.0163523,0.983648
0.94511,0.0548903
0.748349,0.251651
0.306616,0.693384
0.0262338,0.973766
0.996428,0.00357155
0.893882,0.106118
0.983806,0.0161938
0.948258,0.051742
0.304168,0.695832
0.192625,0.807375
0.99438,0.00561968
0.948222,0.0517784
6.76153e-26,1.0
0.0580287,0.941971
0.98449,0.0155096
0.512176,0.487824
0.988403,0.0115967
4.15619e-28,1.0
0.343901,0.656099
0.691936,0.308064
0.997452,0.00254761
0.957002,0.0429985
0.966954,0.0330457
0.000581363,0.999419
0.991947,0.00805276
0.0588145,0.941186
3.09232e-10,1.0
0.851607,0.148393
0.838917,0.161083
0.995498,0.00450232
0.878654,0.121346
5.15243e-25,1.0
0.646871,0.353129
0.286898,0.713102
0.997314,0.00268589
0.540659,0.459341
0.992107,0.00789248
0.974034,0.0259663
0.996372,0.00362751
4.51392e-07,1.0
0.994165,0.00583538
0.777857,0.222143
0.934012,0.0659879
0.996735,0.00326488
0.000843166,0.999157
0.847026,0.152974
0.301173,0.698827
0.980109,0.0198914
0.00460536,0.995395
0.0574476,0.942552
0.993977,0.00602288
0.00541743,0.994583
0.00250485,0.997495
0.055561,0.944439
0.985978,0.0140216
0.0614423,0.938558
0.983296,0.0167036
0.961752,0.0382483
5.94874e-13,1.0
0.948757,0.0512434
1.77991e-12,1.0
0.994006,0.00599443
0.965048,0.0349519
5.86286e-08,1.0
0.977413,0.0225867
0.000133556,0.999866
0.694301,0.305699
0.99246,0.00753976
0.790673,0.209327
2.46436e-12,1.0
0.330527,0.669473
0.641067,0.358933
1.32291e-09,1.0
0.995703,0.00429676
0.990983,0.00901647
0.953539,0.046461
0.891966,0.108034
0.998852,0.00114846
0.983524,0.0164762
0.997809,0.00219114
4.454e-05,0.999955
0.15695,0.84305
0.000487613,0.999512
8.97036e-11,1.0
0.91758,0.0824198
0.0186304,0.98137
0.739676,0.260325
5.44289e-22,1.0
0.238274,0.761726
0.841113,0.158887
0.494721,0.505279
1.65147e-27,1.0
5.69402e-05,0.999943
0.988461,0.011539
0.998056,0.0019436
5.88172e-10,1.0
4.01341e-12,1.0
0.999279,0.000720618
0.521004,0.478996
2.69468e-15,1.0
0.0775471,0.922453
0.989187,0.0108133
5.37074e-06,0.999995
0.996922,0.00307788
0.998395,0.00160496
0.00131625,0.998684
0.992868,0.0071316
6.06457e-15,1.0
0.158962,0.841038
0.888628,0.111372
0.299051,0.700949
0.996632,0.00336759
1.58461e-08,1.0
2.07953e-10,1.0
0.960014,0.0399859
0.945353,0.0546467
0.996375,0.00362474
0.951681,0.048319
0.984585,0.0154155
7.02845e-09,1.0
0.00102664,0.998973
1.14848e-14,1.0
9.29762e-05,0.999907
0.949388,0.0506121
0.503129,0.496871
0.988678,0.0113223
0.993695,0.00630534
3.69478e-18,1.0
0.00434962,0.99565
0.946595,0.0534048
0.972975,0.0270249
0.175068,0.824932
1.4034e-16,1.0
0.997537,0.00246306
1.00151e-16,1.0
0.998004,0.00199616
0.99006,0.00994
4.79256e-26,1.0
0.974682,0.0253177
0.00797394,0.992026
2.54156e-10,1.0
0.00457209,0.995428
0.990005,0.00999533
0.171882,0.828118
0.934623,0.0653768
0.500845,0.499155
0.041475,0.958525
0.986861,0.013139
5.45286e-07,0.999999
0.977397,0.0226033
0.993978,0.00602233
0.182414,0.817586
5.65744e-08,1.0
0.985171,0.0148285
0.948848,0.0511518
0.978928,0.0210724
5.15412e-12,1.0
0.000127064,0.999873
0.998134,0.00186548
0.992222,0.00777797
0.782479,0.217521
0.0268427,0.973157
4.94134e-15,1.0
8.7684e-15,1.0
0.998222,0.00177755
0.989014,0.010986
0.993346,0.00665435
0.989509,0.0104912
0.0,1.0
0.990433,0.00956673
0.941576,0.0584236
1.83539e-07,1.0
0.00326113,0.996739
0.997208,0.00279246
0.00561779,0.994382
0.987531,0.0124691
0.996776,0.00322431
0.993297,0.0067032
0.973172,0.0268281
2.4303e-05,0.999976
0.951807,0.0481928
0.961395,0.0386045
0.807638,0.192362
0.854219,0.14578
0.996246,0.00375395
0.997457,0.00254293
0.988931,0.0110686
0.517457,0.482543
3.38657e-09,1.0
0.987536,0.012464
0.994358,0.00564154
0.997482,0.00251806
0.985892,0.0141077
0.996317,0.00368258
0.271914,0.728086
0.00030195,0.999698
0.00360872,0.996391
0.998476,0.00152432
1.81998e-10,1.0
0.924958,0.0750418
2.25482e-05,0.999977
0.981084,0.018916
0.0206685,0.979331
1.68278e-30,1.0
0.98614,0.0138599
0.942639,0.0573607
4.73931e-09,1.0
0.98014,0.0198601
0.467175,0.532825
0.998266,0.00173442
0.910531,0.0894691
0.971897,0.0281031
0.132258,0.867742
0.910583,0.0894165
1.97405e-35,1.0
0.987772,0.0122283
0.0176979,0.982302
0.581846,0.418154
0.958431,0.0415691
0.995281,0.00471876
0.995619,0.00438058
0.960208,0.0397925
0.178665,0.821334
0.0224307,0.977569
0.601059,0.398941
0.000131437,0.999869
0.985616,0.014384
0.00751516,0.992485
0.993208,0.00679167
0.864198,0.135802
0.000510576,0.999489
0.70432,0.29568
0.943419,0.0565807
0.998029,0.00197079
0.656448,0.343552
1.44361e-10,1.0
3.79153e-10,1.0
0.0119558,0.988044
1.45218e-18,1.0
0.825069,0.174931
0.990746,0.00925365
3.16052e-16,1.0
1.2817e-07,1.0
2.43734e-21,1.0
0.989068,0.010932
1.7834e-05,0.999982
6.30702e-06,0.999994
5.90374e-05,0.999941
0.891676,0.108324
0.000106485,0.999894
0.977725,0.022275
0.986594,0.0134064
4.48632e-05,0.999955
0.000530097,0.99947
0.991852,0.00814817
0.948848,0.051152
0.995693,0.00430735
0.998017,0.00198263
0.0385834,0.961417
0.361006,0.638994
7.50101e-05,0.999925
0.984182,0.0158179
0.498396,0.501604
0.978984,0.021016
0.880297,0.119703
1.42063e-09,1.0
0.0122609,0.987739
1.01966e-15,1.0
1.11784e-13,1.0
0.000171928,0.999828
0.0272762,0.972724
9.67288e-09,1.0
2.00735e-05,0.99998
2.34411e-05,0.999977
0.992628,0.00737234
0.968949,0.0310509
0.997694,0.00230634
3.31935e-05,0.999967
0.000231547,0.999768
0.988987,0.0110131
0.0210293,0.978971
0.997713,0.00228733
0.993885,0.00611473
0.870189,0.129811
0.615903,0.384097
0.0109163,0.989084
3.27979e-11,1.0
0.000167508,0.999833
0.999284,0.000715909
1.9013e-15,1.0
0.518232,0.481768
0.0718162,0.928184
0.00224371,0.997756
0.619811,0.380189
0.998312,0.00168823
0.96294,0.03706
4.65108e-05,0.999954
0.00505427,0.994946
0.994309,0.00569077
0.945205,0.0547952
9.86665e-10,1.0
0.798467,0.201533
0.00702955,0.99297
0.0536129,0.946387
0.997282,0.00271764
3.72044e-17,1.0
0.625035,0.374965
3.56993e-09,1.0
0.133258,0.866742
0.983348,0.0166519
0.997064,0.00293618
0.992169,0.00783058
7.85232e-10,1.0
0.00111818,0.998882
0.151606,0.848395
0.959566,0.0404341
0.882865,0.117135
7.73181e-12,1.0
3.50202e-20,1.0
0.997637,0.00236304
0.0168833,0.983117
2.87884e-10,1.0
0.0349926,0.965007
0.925158,0.0748421
0.980369,0.0196308
0.635048,0.364952
0.921995,0.0780049
0.921165,0.0788345
3.6078e-13,1.0
0.211309,0.788691
0.00291527,0.997085
0.978324,0.0216757
7.13449e-11,1.0
0.998408,0.00159153
3.24315e-12,1.0
0.994785,0.00521549
0.998763,0.00123685
0.985841,0.0141593
0.87778,0.12222
0.993627,0.00637269
0.74773,0.25227
0.0269625,0.973038
0.996217,0.00378288
5.66132e-15,1.0
0.517867,0.482133
0.00748601,0.992514
0.372822,0.627178
0.980793,0.0192071
0.371278,0.628722
0.00147683,0.998523
0.978743,0.0212566
2.13488e-06,0.999998
0.20963,0.79037
0.277407,0.722593
0.0,1.0
0.00016373,0.999836
0.982177,0.0178232
1.83142e-05,0.999982
2.4942e-18,1.0
0.998346,0.00165383
0.362892,0.637108
0.193912,0.806088
8.21303e-19,1.0
2.12295e-08,1.0
0.966543,0.0334567
0.860283,0.139717
0.973679,0.0263205
1.459e-22,1.0
0.892195,0.107805
1.21153e-14,1.0
0.00121412,0.998786
0.498686,0.501315
0.962696,0.0373042
0.990415,0.00958462
1.96758e-05,0.99998
0.029514,0.970486
0.987913,0.0120865
0.00724514,0.992755
0.993141,0.00685852
3.33555e-28,1.0
0.99412,0.00587967
0.991544,0.00845571
0.961034,0.0389665
0.996599,0.00340151
0.00391965,0.99608
0.00706079,0.992939
0.941739,0.0582612
0.973029,0.0269709
0.954092,0.0459077
0.823781,0.176219
0.000412207,0.999588
0.996482,0.00351776
0.946022,0.0539777
0.64176,0.35824
0.000791523,0.999209
0.0401879,0.959812
0.990689,0.00931118
1.65349e-05,0.999983
0.0503531,0.949647
0.497921,0.502079
0.983157,0.0168432
0.967713,0.032287
0.606794,0.393206
0.965612,0.0343879
0.992392,0.0076079
0.998095,0.00190461
8.98279e-11,1.0
0.931856,0.0681436
2.60299e-13,1.0
0.89758,0.10242
2.94902e-12,1.0
0.0118653,0.988135
0.464341,0.535659
0.986504,0.0134958
0.995803,0.0041974
0.99706,0.00293978
0.000286861,0.999713
0.974858,0.025142
3.99885e-19,1.0
0.991714,0.00828616
0.00404271,0.995957
0.995209,0.00479079
0.993909,0.0060909
2.12798e-32,1.0
0.998236,0.00176403
0.996753,0.00324659
0.998797,0.00120336
0.993592,0.006408
0.996777,0.00322261
5.31482e-08,1.0
1.48588e-06,0.999999
0.989599,0.0104015
0.925651,0.0743492
0.963859,0.0361406
0.215078,0.784922
0.976122,0.0238781
0.995431,0.00456938
0.0379114,0.962089
0.000245055,0.999755
0.0870687,0.912931
0.94721,0.0527898
0.991259,0.00874079
0.881664,0.118336
0.375799,0.624201
0.929621,0.0703788
0.994862,0.00513771
0.726123,0.273877
3.6922e-05,0.999963
0.0205291,0.979471
0.00037668,0.999623
0.000146904,0.999853
0.995223,0.00477704
0.837435,0.162565
1.46494e-08,1.0
0.109651,0.890349
3.38452e-08,1.0
0.963632,0.0363676
0.996198,0.00380215
0.965776,0.0342243
0.990175,0.00982549
0.0213739,0.978626
0.962181,0.037819
0.994524,0.00547606
0.0235988,0.976401
0.900397,0.0996026
0.997453,0.00254676
0.0417303,0.95827
0.995609,0.00439055
0.907604,0.0923961
3.64026e-11,1.0
0.958952,0.0410482
0.969133,0.030867
0.949901,0.0500992
0.339174,0.660826
0.995871,0.0041294
0.528722,0.471278
0.0432596,0.95674
0.977676,0.0223242
0.963671,0.0363287
0.989907,0.0100926
1.75828e-10,1.0
0.00908118,0.990919
0.99307,0.00692959
0.926155,0.073845
0.887903,0.112097
3.69251e-17,1.0
1.69287e-08,1.0
1.64926e-10,1.0
0.908498,0.0915024
0.390348,0.609652
0.995667,0.0043329
0.963479,0.0365212
0.804113,0.195887
1.70705e-09,1.0
0.977326,0.0226744
0.997784,0.00221599
2.4908e-08,1.0
3.1925e-08,1.0
0.991854,0.00814617
3.96624e-22,1.0
0.9903,0.00970009
0.994838,0.00516186
0.997774,0.00222552
0.984508,0.0154925
5.17262e-13,1.0
0.980674,0.0193256
0.994826,0.00517413
0.938747,0.0612529
0.0274915,0.972508
4.18001e-14,1.0
0.344104,0.655896
1.16845e-19,1.0
1.56867e-12,1.0
0.723151,0.276849
0.754857,0.245143
4.89229e-05,0.999951
5.66586e-37,1.0
0.811615,0.188385
0.874317,0.125683
0.993667,0.00633317
0.000256281,0.999744
0.992596,0.00740361
0.99535,0.00464984
0.00306781,0.996932
0.991962,0.00803766
0.952094,0.0479059
0.00163032,0.99837
0.0783001,0.9217
0.969061,0.0309395
0.98413,0.0158699
4.27152e-13,1.0
0.770595,0.229405
0.986456,0.0135443
0.845796,0.154204
0.948016,0.0519845
0.992422,0.00757772
0.889159,0.110841
0.994364,0.00563646
2.70123e-17,1.0
0.000148798,0.999851
0.998036,0.00196429
0.988455,0.0115449
0.971575,0.0284254
4.49358e-11,1.0
0.916851,0.0831489
0.00168065,0.998319
0.194367,0.805633
0.991757,0.00824297
0.997029,0.00297119
0.997102,0.00289815
0.0112456,0.988754
0.992682,0.00731825
0.998344,0.00165618
5.15111e-07,1.0
1.17279e-08,1.0
0.948608,0.0513923
0.000884421,0.999116
0.455189,0.544811
1.4863e-06,0.999999
0.000250702,0.999749
2.77622e-06,0.999997
3.00928e-18,1.0
0.949778,0.0502224
0.993085,0.00691512
0.475149,0.524851
0.985611,0.014389
0.998329,0.00167124
0.987432,0.0125685
0.92356,0.0764398
2.54897e-11,1.0
0.929762,0.0702383
0.996113,0.00388756
0.995993,0.00400695
0.949014,0.0509859
0.000242087,0.999758
0.978543,0.021457
1.6942e-07,1.0
0.00123769,0.998762
0.997276,0.0027243
0.00309368,0.996906
0.971923,0.0280767
0.932894,0.0671064
0.718707,0.281293
0.850227,0.149773
0.613251,0.386749
0.000856662,0.999143
0.613491,0.386509
1.45151e-11,1.0
0.989666,0.0103337
3.1108e-16,1.0
0.997343,0.00265652
0.998679,0.00132048
0.0369102,0.96309
0.87436,0.12564
0.908197,0.0918026
0.524247,0.475753
0.92565,0.0743496
0.907008,0.0929919
4.8713e-05,0.999951
0.971608,0.028392
0.000246848,0.999753
0.0840571,0.915943
0.931459,0.0685413
0.937443,0.0625574
0.00225946,0.997741
0.988245,0.0117554
0.956631,0.0433692
1.89459e-21,1.0
0.25969,0.74031
0.981414,0.0185855
0.990859,0.00914107
0.988252,0.0117479
0.973155,0.0268455
0.948185,0.0518152
0.163712,0.836288
0.997061,0.00293909
6.24072e-08,1.0
0.997938,0.00206209
0.984899,0.0151007
6.14127e-07,0.999999
0.160189,0.839811
1.10409e-16,1.0
0.0488703,0.95113
0.985616,0.0143838
0.997767,0.0022327
0.951412,0.0485883
2.86786e-07,1.0
0.982952,0.0170477
0.989498,0.0105023
0.988672,0.0113279
0.313884,0.686116
0.989775,0.0102254
0.976181,0.023819
0.970517,0.029483
0.494149,0.505851
0.90372,0.0962798
0.974793,0.0252071
0.272043,0.727957
0.955007,0.0449934
0.96238,0.0376199
0.989651,0.0103489
0.599297,0.400703
0.00916542,0.990835
6.99026e-11,1.0
0.941638,0.0583618
1.00667e-09,1.0
0.91333,0.0866701
0.957059,0.0429409
0.86889,0.13111
4.8574e-09,1.0
0.975759,0.0242413
3.86764e-09,1.0
0.969727,0.0302733
0.806242,0.193758
0.857719,0.142281
0.942216,0.0577838
0.972812,0.0271883
0.907249,0.0927508
2.6598e-27,1.0
0.00837201,0.991628
0.998583,0.00141694
0.984719,0.0152813
0.00625515,0.993745
0.981743,0.0182568
0.184071,0.815929
0.779341,0.220659
0.74348,0.25652
0.940166,0.0598341
4.45031e-37,1.0
0.021954,0.978046
0.990738,0.00926209
0.996645,0.00335535
0.980305,0.0196951
0.940797,0.0592032
0.000265285,0.999735
0.973378,0.0266215
0.995615,0.00438481
0.997285,0.00271455
0.978247,0.0217532
0.985555,0.0144449
4.08544e-06,0.999996
0.993879,0.00612111
0.99327,0.00672984
0.949408,0.0505918
0.151731,0.848269
0.019338,0.980662
0.98023,0.0197698
0.996871,0.00312878
0.905341,0.0946594
0.964785,0.0352153
0.997829,0.00217102
0.00011947,0.999881
5.46734e-14,1.0
0.993635,0.00636524
2.20444e-05,0.999978
2.03062e-16,1.0
7.56121e-18,1.0
0.36428,0.63572
0.919087,0.0809126
9.58824e-28,1.0
0.789091,0.210909
0.997098,0.0029022
3.35739e-07,1.0
0.971692,0.0283075
0.994787,0.00521332
1.46687e-06,0.999999
0.998229,0.00177131
5.24297e-09,1.0
3.54097e-08,1.0
0.99828,0.00172037
0.00340546,0.996594
0.987156,0.0128436
1.24873e-13,1.0
0.99299,0.00700997
0.893491,0.106509
0.899976,0.100024
0.996524,0.00347611
0.941646,0.058354
0.974544,0.0254559
2.28439e-07,1.0
0.996527,0.00347347
0.0243179,0.975682
0.96079,0.0392102
0.00442675,0.995573
0.994655,0.00534546
1.15549e-08,1.0
0.130112,0.869888
0.986942,0.0130582
3.2849e-17,1.0
0.756139,0.243861
0.631003,0.368997
0.99688,0.00311976
0.986151,0.0138488
0.854349,0.145651
0.996282,0.00371805
0.0524516,0.947548
0.991417,0.00858328
0.99164,0.00836037
0.992934,0.00706555
0.941295,0.0587046
0.793964,0.206036
0.979956,0.0200438
0.984543,0.0154571
0.713837,0.286163
0.982382,0.0176176
0.994875,0.0051251
0.994316,0.00568414
0.669577,0.330423
0.968849,0.031151
0.996246,0.00375354
0.988186,0.0118142
0.988011,0.0119888
0.809902,0.190098
0.835058,0.164942
2.16554e-06,0.999998
0.995849,0.00415116
0.998535,0.0014654
0.993778,0.00622217
0.0733049,0.926695
2.7585e-07,1.0
1.62574e-13,1.0
0.992918,0.00708201
0.953904,0.0460961
6.40226e-05,0.999936
0.99291,0.00708996
0.974021,0.0259794
8.77478e-16,1.0
0.992427,0.00757343
2.01627e-06,0.999998
0.926268,0.0737319
0.98845,0.0115495
1.74089e-12,1.0
0.351501,0.648499
0.992017,0.0079827
0.997143,0.00285722
0.415226,0.584773
0.992444,0.00755601
0.94543,0.0545695
4.57674e-06,0.999995
0.00142597,0.998574
0.958083,0.0419171
8.58731e-11,1.0
0.982124,0.0178765
0.995152,0.00484772
6.4159e-09,1.0
0.998727,0.00127348
1.01373e-10,1.0
0.9888,0.0112004
0.997763,0.00223678
2.45422e-14,1.0
0.990607,0.00939264
0.995985,0.00401534
0.991901,0.00809878
0.0433866,0.956613
0.997043,0.00295699
0.0424901,0.95751
0.939631,0.0603693
0.977092,0.0229076
8.74975e-06,0.999991
0.00879549,0.991204
0.393965,0.606035
0.9834,0.0165996
0.961623,0.0383774
6.61433e-33,1.0
0.863612,0.136388
0.980996,0.0190043
6.03895e-05,0.99994
0.332585,0.667415
4.6588e-09,1.0
0.82963,0.170371
0.978151,0.0218488
0.998797,0.00120259
0.993978,0.00602221
0.972544,0.0274556
8.45441e-09,1.0
0.0103391,0.989661
0.999015,0.000985285
0.0358439,0.964156
0.970635,0.0293655
0.633656,0.366344
0.990393,0.00960747
0.282064,0.717936
0.994783,0.00521695
0.992712,0.00728803
0.789467,0.210533
0.996266,0.00373436
5.3357e-14,1.0
0.788783,0.211217
0.997958,0.00204205
7.1495e-13,1.0
0.992568,0.00743166
6.84326e-14,1.0
0.963982,0.0360178
0.654725,0.345275
0.972051,0.0279493
0.998285,0.00171456
0.851753,0.148247
0.875757,0.124243
0.988569,0.0114315
0.983939,0.0160614
0.993746,0.00625428
0.991883,0.00811747
0.00610745,0.993893
0.708768,0.291232
0.989702,0.0102984
3.31613e-05,0.999967
0.919698,0.0803021
7.52704e-11,1.0
0.9947,0.00529972
1.09555e-16,1.0
0.996816,0.00318355
0.881951,0.118049
0.00117702,0.998823
0.350689,0.649311
4.64154e-08,1.0
0.998092,0.0019085
2.29361e-05,0.999977
0.879696,0.120304
0.968424,0.0315761
0.992885,0.0071147
0.987213,0.0127872
0.000176302,0.999824
0.99509,0.00491042
0.997472,0.00252761
0.997299,0.0027007
0.99148,0.00852007
0.986288,0.0137116
1.08064e-06,0.999999
2.32773e-05,0.999977
0.941903,0.0580968
0.996731,0.00326874
7.54455e-14,1.0
0.112514,0.887486
0.974879,0.0251213
0.931648,0.068352
0.00215328,0.997847
0.980479,0.0195207
0.990454,0.00954602
0.953631,0.0463693
0.998759,0.00124119
4.3244e-12,1.0
0.965545,0.0344547
0.0366423,0.963358
0.959664,0.040336
0.992899,0.00710138
3.90573e-09,1.0
0.0886442,0.911356
0.987261,0.012739
0.906078,0.0939224
0.999298,0.000702123
0.000743204,0.999257
0.989484,0.0105159
0.995203,0.00479712
2.84373e-15,1.0
0.986125,0.0138754
0.950556,0.0494444
0.987368,0.0126325
0.803041,0.196959
0.95488,0.0451197
2.1535e-06,0.999998
0.830963,0.169037
0.98999,0.0100101
0.502647,0.497353
0.953009,0.0469911
0.689263,0.310737
0.998669,0.00133096
0.838106,0.161894
0.958073,0.0419271
0.0314632,0.968537
0.257682,0.742318
0.997508,0.00249167
0.920341,0.0796589
0.764513,0.235487
0.954785,0.0452146
0.98229,0.0177099
0.199211,0.800789
0.265888,0.734113
0.994541,0.00545883
0.000122407,0.999878
0.0162553,0.983745
0.844366,0.155634
0.982228,0.0177724
0.930083,0.069917
0.0159414,0.984059
0.93453,0.06547
2.04863e-06,0.999998
0.870835,0.129165
9.43179e-13,1.0
2.09577e-08,1.0
0.98271,0.0172902
1.38939e-24,1.0
0.380008,0.619992
1.47502e-22,1.0
7.35758e-38,1.0
0.35849,0.64151
0.982144,0.0178555
0.298963,0.701037
0.621338,0.378662
0.973077,0.0269231
0.955996,0.0440039
1.71401e-11,1.0
9.99861e-12,1.0
3.82264e-06,0.999996
0.971099,0.0289013
0.998423,0.00157731
0.981552,0.0184477
5.61596e-08,1.0
0.997674,0.00232635
6.73564e-07,0.999999
0.790443,0.209557
0.954272,0.0457277
0.0038861,0.996114
0.998701,0.00129907
0.973617,0.0263825
0.949089,0.0509115
0.00322992,0.99677
0.995919,0.00408119
1.23983e-05,0.999988
0.992039,0.00796062
0.00270598,0.997294
0.995068,0.00493222
0.968279,0.0317205
0.306982,0.693018
2.68985e-17,1.0
0.924592,0.0754084
0.9939,0.00610039
0.0892645,0.910735
0.918906,0.0810941
0.937991,0.0620094
0.869496,0.130504
2.20712e-06,0.999998
6.65454e-05,0.999933
1.12168e-17,1.0
0.984158,0.0158416
0.993112,0.00688844
1.69232e-11,1.0
0.13119,0.86881
0.859458,0.140542
0.996409,0.00359048
0.650709,0.349291
0.99372,0.00627976
0.029864,0.970136
0.101264,0.898736
0.898208,0.101792
0.99798,0.00201994
0.98552,0.0144804
0.0924336,0.907566
0.998971,0.00102911
0.938304,0.0616958
0.978407,0.0215927
0.976199,0.0238006
5.48583e-20,1.0
7.96582e-06,0.999992
0.992324,0.00767547
0.951315,0.0486845
0.901556,0.0984435
0.0269058,0.973094
0.776746,0.223254
0.998424,0.0015761
0.936651,0.063349
0.814996,0.185004
0.992783,0.00721687
0.987646,0.0123536
1.47041e-06,0.999999
0.969603,0.0303967
0.989463,0.0105366
6.32756e-26,1.0
0.994571,0.00542918
0.976674,0.0233259
0.994495,0.00550453
0.999062,0.000937946
0.979345,0.0206545
1.45459e-12,1.0
0.995673,0.0043266
0.917403,0.0825971
0.987001,0.0129992
0.00797466,0.992025
0.801816,0.198184
0.997512,0.00248774
0.360689,0.639311
0.990332,0.00966801
0.967996,0.0320043
0.997869,0.0021305
0.995056,0.00494427
0.338293,0.661707
0.981239,0.0187607
0.9904,0.00960038
0.00130999,0.99869
1.9526e-08,1.0
0.00141302,0.998587
0.997367,0.00263255
0.955554,0.0444461
0.974251,0.0257488
0.0028602,0.99714
0.416203,0.583797
0.0,1.0
0.559604,0.440396
0.0247093,0.975291
0.0148283,0.985172
0.901616,0.0983837
1.12278e-10,1.0
5.56738e-09,1.0
0.979846,0.0201538
0.998191,0.0018093
5.57419e-09,1.0
0.00185925,0.998141
0.776445,0.223555
0.306042,0.693958
1.4133e-13,1.0
0.917426,0.082574
0.0144281,0.985572
1.3437e-14,1.0
0.798663,0.201337
0.792838,0.207162
2.68148e-17,1.0
0.993278,0.00672168
0.24789,0.75211
0.969245,0.0307548
0.975874,0.0241258
2.71773e-05,0.999973
0.258877,0.741123
0.984728,0.0152718
0.969084,0.0309165
0.984701,0.0152991
0.935154,0.0648458
0.608853,0.391146
0.945206,0.0547941
0.260857,0.739144
0.954989,0.045011
0.697518,0.302482
6.08239e-05,0.999939
0.784378,0.215622
0.924399,0.0756005
0.963488,0.0365119
0.804625,0.195375
0.983267,0.0167332
0.489682,0.510318
0.570373,0.429627
0.98336,0.0166399
4.95248e-06,0.999995
0.974163,0.0258373
0.998049,0.00195151
0.983619,0.0163807
0.000346707,0.999653
0.995937,0.00406341
5.41028e-06,0.999995
0.95806,0.0419401
3.96042e-09,1.0
0.993317,0.00668332
0.975797,0.0242029
0.99521,0.00478974
0.000164831,0.999835
0.000914653,0.999085
5.08747e-11,1.0
0.993847,0.00615324
5.59267e-09,1.0
0.971432,0.0285682
0.998852,0.00114831
0.0132078,0.986792
0.625629,0.37437
0.951563,0.0484369
0.980249,0.0197513
0.997556,0.00244384
0.000146345,0.999854
0.947171,0.0528286
0.979248,0.0207523
0.866509,0.133491
0.0107954,0.989205
0.0434257,0.956574
0.960631,0.0393685
0.933786,0.066214
0.392253,0.607747
1.11041e-06,0.999999
2.13673e-06,0.999998
0.586711,0.413289
0.000413999,0.999586
0.900771,0.0992292
0.104158,0.895842
0.99201,0.00798981
1.92286e-06,0.999998
3.98296e-05,0.99996
0.925321,0.0746793
0.936631,0.0633687
9.79544e-06,0.99999
0.996751,0.00324891
0.945853,0.0541467
0.897343,0.102657
0.628663,0.371337
0.987532,0.0124684
8.8739e-07,0.999999
0.995888,0.00411181
0.969762,0.0302377
0.866079,0.133921
0.0133465,0.986654
0.000894154,0.999106
0.0470471,0.952953
0.998571,0.00142882
0.98923,0.01077
0.934586,0.0654144
0.971665,0.0283349
0.993217,0.00678341
7.017e-08,1.0
0.78841,0.21159
0.560303,0.439697
0.979293,0.0207068
0.986993,0.0130071
0.987887,0.0121131
6.06847e-05,0.999939
0.975467,0.0245326
0.997107,0.00289316
0.996057,0.00394259
0.98351,0.0164901
0.929157,0.0708432
0.935726,0.0642738
0.952335,0.0476653
0.641277,0.358723
0.985585,0.0144154
3.05888e-11,1.0
0.0162414,0.983759
0.135713,0.864287
0.946846,0.0531538
0.996076,0.00392387
0.98515,0.0148503
0.527273,0.472727
0.0493774,0.950623
0.000177821,0.999822
0.917987,0.0820134
0.995736,0.00426407
6.1595e-06,0.999994
0.76422,0.23578
0.754926,0.245074
0.210231,0.789768
0.602725,0.397275
0.972131,0.0278686
0.00068857,0.999311
0.88814,0.11186
0.99759,0.00241012
0.941087,0.058913
0.995463,0.00453662
0.966973,0.0330271
0.988538,0.0114617
5.82792e-15,1.0
1.84704e-09,1.0
0.903568,0.0964316
0.0,1.0
0.979255,0.0207446
0.94535,0.0546498
0.00806582,0.991934
0.883732,0.116268
0.569948,0.430052
0.777039,0.222961
0.955427,0.0445725
2.53452e-25,1.0
0.995867,0.00413307
0.67057,0.32943
0.975204,0.0247964
2.94333e-28,1.0
0.994675,0.00532529
0.994959,0.00504057
0.96861,0.0313897
0.923511,0.0764888
0.668499,0.331501
0.976606,0.0233936
0.000419534,0.99958
5.47382e-25,1.0
0.000536845,0.999463
1.04576e-08,1.0
0.998838,0.00116237
1.22112e-14,1.0
0.00156133,0.998439
0.993418,0.00658159
0.966233,0.0337673
0.982523,0.0174772
0.972213,0.027787
0.00163128,0.998369
0.982841,0.0171592
0.998855,0.0011446
0.993303,0.00669699
0.988706,0.0112943
0.983652,0.0163481
1.21788e-18,1.0
0.385634,0.614366
0.615549,0.384451
1.26549e-13,1.0
0.890324,0.109676
0.994091,0.00590853
0.999055,0.00094524
0.988041,0.0119593
0.00272949,0.997271
0.993267,0.00673333
4.49992e-07,1.0
0.24753,0.75247
0.699921,0.300079
0.950588,0.0494117
0.440066,0.559934
0.792571,0.207429
0.884644,0.115356
5.3494e-05,0.999946
0.0505302,0.94947
0.886923,0.113077
1.04483e-11,1.0
0.996947,0.00305339
0.877534,0.122466
0.960577,0.039423
0.859825,0.140175
0.988255,0.0117454
0.798429,0.201571
0.99918,0.00082022
0.994751,0.00524887
0.99565,0.00434994
2.78024e-10,1.0
0.997221,0.00277931
0.919642,0.0803576
0.0023176,0.997682
0.940943,0.0590572
5.05336e-10,1.0
0.00252158,0.997478
3.52288e-06,0.999996
0.109099,0.890901
0.990448,0.00955205
0.987879,0.0121209
0.576726,0.423274
1.07131e-12,1.0
0.000210964,0.999789
0.557428,0.442572
0.0846153,0.915385
0.99152,0.00848032
0.985101,0.0148987
3.7635e-05,0.999962
0.0491149,0.950885
4.58505e-07,1.0
0.495989,0.504011
1.34164e-13,1.0
0.750208,0.249792
0.960802,0.0391975
0.542427,0.457573
3.03764e-05,0.99997
0.463942,0.536058
0.768734,0.231266
0.211541,0.788459
0.990057,0.00994296
8.05512e-21,1.0
1.06414e-37,1.0
0.986618,0.0133824
0.995084,0.00491598
0.868106,0.131894
0.977491,0.0225089
0.00267735,0.997323
0.0753307,0.924669
0.994983,0.00501717
0.998072,0.00192779
0.000615564,0.999384
0.96808,0.0319203
0.968819,0.0311805
0.0171013,0.982899
0.33855,0.66145
0.992705,0.00729521
0.0189246,0.981075
0.956359,0.0436409
0.997164,0.00283564
4.10666e-14,1.0
0.992269,0.0077307
0.989256,0.0107439
0.992792,0.00720789
0.994712,0.0052876
0.0059071,0.994093
0.99852,0.00148034
2.33335e-32,1.0
0.951695,0.0483052
0.952732,0.0472682
0.958275,0.0417253
0.979826,0.0201738
0.996395,0.00360491
0.311673,0.688327
9.24837e-18,1.0
2.44372e-09,1.0
0.997697,0.00230296
0.00189966,0.9981
0.999089,0.000910673
3.04692e-08,1.0
0.970614,0.0293863
1.24177e-28,1.0
0.990358,0.00964206
0.989908,0.0100917
0.983594,0.0164061
3.41526e-10,1.0
0.939981,0.0600195
0.995082,0.00491825
0.96775,0.0322502
0.967955,0.0320449
0.116594,0.883406
0.991852,0.00814848
0.94247,0.0575304
0.176226,0.823774
4.93333e-20,1.0
0.978679,0.0213207
7.66342e-06,0.999992
0.998772,0.00122758
0.0139731,0.986027
0.387088,0.612912
0.996637,0.00336285
0.903988,0.0960115
0.982361,0.017639
0.997815,0.00218537
0.860839,0.139161
0.00308726,0.996913
0.991548,0.00845167
0.891579,0.108421
0.00714956,0.99285
0.18471,0.81529
8.6412e-12,1.0
0.989818,0.0101819
0.000358264,0.999642
0.993167,0.00683276
0.987749,0.0122506
0.00012233,0.999878
0.000354941,0.999645
5.49557e-05,0.999945
0.924635,0.0753648
2.5565e-10,1.0
0.996672,0.00332772
0.996393,0.00360699
0.937999,0.062001
0.918671,0.081329
0.989336,0.0106634
1.21736e-33,1.0
0.974252,0.025748
0.0411181,0.958882
0.0271961,0.972804
0.978007,0.0219925
0.00035216,0.999648
0.979515,0.0204854
0.114042,0.885958
0.936373,0.063627
0.875278,0.124722
0.933052,0.0669481
0.996028,0.00397162
0.807675,0.192325
0.000180302,0.99982
0.964204,0.0357959
0.933577,0.0664226
0.95557,0.0444301
3.60541e-07,1.0
0.475753,0.524247
0.990458,0.00954166
1.39362e-10,1.0
0.975551,0.0244493
0.925095,0.0749045
3.60969e-05,0.999964
0.0283695,0.97163
0.998684,0.00131565
0.393035,0.606965
0.000656727,0.999343
0.829578,0.170422
0.980757,0.0192425
0.991368,0.00863176
0.994445,0.0055552
3.41218e-08,1.0
0.876379,0.123621
0.991732,0.00826787
0.845745,0.154255
1.21641e-22,1.0
0.980961,0.0190393
0.995083,0.00491693
0.923824,0.0761765
0.924587,0.075413
3.85854e-22,1.0
0.844319,0.155681
0.994774,0.00522589
0.469194,0.530806
0.00032982,0.99967
0.981069,0.0189311
0.00141547,0.998585
0.926675,0.0733247
0.983615,0.0163849
0.973952,0.026048
0.94602,0.0539801
0.986369,0.0136311
0.0129655,0.987034
0.172515,0.827485
0.97904,0.0209601
0.00144151,0.998558
0.986893,0.0131074
0.991835,0.00816533
0.998585,0.0014155
0.103957,0.896043
0.901187,0.0988126
1.46459e-20,1.0
0.973958,0.0260424
0.43424,0.56576
0.00124839,0.998752
0.00103973,0.99896
1.86929e-15,1.0
0.982401,0.0175993
4.4173e-09,1.0
0.978051,0.0219488
0.991702,0.00829767
4.38456e-07,1.0
0.989908,0.0100924
0.0118848,0.988115
0.979047,0.020953
0.0217741,0.978226
1.15789e-08,1.0
4.0463e-09,1.0
0.969628,0.0303723
0.996506,0.00349378
0.937408,0.0625917
2.27529e-09,1.0
0.991683,0.00831722
0.966323,0.0336773
0.977421,0.0225793
0.999073,0.000927016
3.53556e-06,0.999996
0.0208168,0.979183
0.995411,0.00458862
4.42432e-09,1.0
0.687699,0.312301
1.44958e-05,0.999985
0.913215,0.0867847
0.978685,0.0213148
0.999205,0.000795102
1.26793e-21,1.0
4.59824e-10,1.0
0.912636,0.0873643
0.979753,0.0202469
2.45706e-25,1.0
1.27789e-32,1.0
2.29144e-07,1.0
1.77305e-25,1.0
0.978301,0.021699
2.6424e-16,1.0
0.941968,0.0580323
2.91765e-06,0.999997
0.997663,0.00233749
0.0315809,0.968419
0.98663,0.0133704
0.647994,0.352006
0.980606,0.0193942
0.955134,0.0448661
0.994585,0.00541519
0.987732,0.0122677
5.53642e-09,1.0
1.83096e-12,1.0
6.38128e-05,0.999936
0.000536802,0.999463
0.989522,0.0104783
3.37506e-11,1.0
0.0250682,0.974932
0.923353,0.0766465
0.94511,0.0548897
7.86416e-10,1.0
0.923384,0.0766161
0.305977,0.694023
0.997489,0.00251075
0.00187735,0.998123
0.992655,0.00734547
0.0913914,0.908609
0.949538,0.0504621
0.755583,0.244417
0.00748035,0.99252
0.987517,0.0124829
0.99838,0.00162027
5.75862e-16,1.0
0.742876,0.257124
0.697971,0.302029
0.978565,0.0214355
1.47235e-11,1.0
0.99586,0.00414038
3.97552e-07,1.0
0.982971,0.0170294
4.00113e-15,1.0
0.96499,0.0350097
0.262124,0.737876
0.850641,0.149359
0.996145,0.00385494
0.998492,0.00150828
0.99867,0.0013304
8.67574e-21,1.0
2.7933e-05,0.999972
0.932281,0.0677195
0.99582,0.00418002
0.978604,0.0213964
0.0117446,0.988255
0.998001,0.00199944
0.968401,0.0315987
1.97003e-19,1.0
0.774672,0.225328
0.977705,0.022295
0.0,1.0
0.298703,0.701297
0.988626,0.0113736
0.00967805,0.990322
0.952528,0.0474721
0.94339,0.0566101
0.998182,0.00181766
1.79687e-10,1.0
4.13253e-18,1.0
0.80278,0.19722
0.961982,0.0380184
0.985372,0.0146279
0.963309,0.0366914
2.61992e-14,1.0
0.890339,0.109661
0.784024,0.215976
0.921599,0.0784011
0.886753,0.113247
0.9981,0.00190035
0.994918,0.00508212
0.998881,0.00111868
0.995009,0.00499083
9.73853e-34,1.0
0.993478,0.00652154
1.13044e-06,0.999999
0.858203,0.141797
0.99407,0.00593008
1.79579e-08,1.0
5.16559e-07,1.0
0.067757,0.932243
0.994673,0.00532686
0.989542,0.0104582
0.000106945,0.999893
0.9868,0.0132004
0.737608,0.262392
2.27704e-13,1.0
0.484317,0.515683
0.9755,0.0245
0.535051,0.464949
0.57311,0.42689
2.84117e-05,0.999972
0.983639,0.0163605
0.945868,0.0541323
0.998151,0.00184895
3.8771e-21,1.0
0.991624,0.00837572
2.61376e-25,1.0
0.98524,0.0147603
1.48413e-35,1.0
0.000853947,0.999146
4.46336e-16,1.0
0.854023,0.145977
0.0248682,0.975132
0.864623,0.135376
0.99617,0.00383003
0.252204,0.747796
0.998505,0.00149508
0.358038,0.641962
0.790764,0.209236
0.991572,0.00842799
0.981046,0.0189535
0.996822,0.00317771
0.981331,0.0186691
0.944418,0.0555818
4.73906e-09,1.0
0.984976,0.0150241
0.781384,0.218616
0.992744,0.00725604
0.965922,0.0340781
0.308482,0.691518
0.961481,0.0385187
0.249281,0.750719
0.927457,0.0725428
0.00467964,0.99532
0.179015,0.820985
0.00526755,0.994732
0.027256,0.972744
2.45293e-25,1.0
0.968443,0.0315575
0.939104,0.0608962
8.59776e-13,1.0
0.312636,0.687364
9.52535e-06,0.99999
0.984539,0.0154606
0.991319,0.00868088
0.92346,0.0765398
6.16676e-07,0.999999
0.000833192,0.999167
0.00184032,0.99816
0.997664,0.00233564
0.99787,0.00212973
4.34611e-20,1.0
0.47732,0.522681
0.00339945,0.996601
0.0722689,0.927731
0.980589,0.019411
0.998398,0.00160222
8.26791e-09,1.0
0.98585,0.0141503
0.961421,0.0385788
0.959973,0.0400272
0.472151,0.527849
0.895903,0.104097
0.996507,0.00349289
0.96031,0.0396903
0.992298,0.00770213
0.995042,0.00495795
0.974135,0.0258647
7.64772e-09,1.0
0.543267,0.456733
0.99825,0.00174957
4.43184e-07,1.0
7.30547e-05,0.999927
0.998552,0.00144846
0.931535,0.0684645
0.581867,0.418133
0.996788,0.00321224
0.996629,0.00337086
0.864776,0.135224
1.9346e-13,1.0
1.79237e-05,0.999982
0.989555,0.0104453
0.99539,0.00460954
3.82052e-21,1.0
3.00878e-09,1.0
2.94405e-16,1.0
0.712315,0.287685
0.899728,0.100272
0.968819,0.0311805
0.99901,0.000990307
4.2669e-11,1.0
0.999392,0.000608485
0.40079,0.59921
0.989925,0.0100748
0.998084,0.00191557
7.53483e-07,0.999999
0.857307,0.142693
7.00739e-12,1.0
0.000348794,0.999651
0.00122209,0.998778
8.86179e-06,0.999991
0.660755,0.339244
0.997352,0.00264782
0.923516,0.076484
0.994694,0.00530646
0.46202,0.53798
1.26429e-07,1.0
0.937801,0.0621992
0.9961,0.00390019
0.949073,0.0509267
0.781457,0.218543
2.41248e-10,1.0
0.168332,0.831668
0.168396,0.831604
0.992191,0.00780915
5.5963e-11,1.0
7.45934e-07,0.999999
2.51868e-32,1.0
0.00624082,0.993759
0.298198,0.701802
0.996411,0.00358857
0.974672,0.025328
0.997865,0.00213512
3.61941e-09,1.0
0.195164,0.804836
0.13707,0.86293
3.70553e-13,1.0
0.988895,0.0111054
0.997622,0.0023778
0.99295,0.00704968
4.90287e-07,1.0
3.5592e-07,1.0
0.934979,0.0650207
0.991015,0.00898539
0.96993,0.0300702
0.983064,0.0169357
0.997936,0.00206449
4.33273e-06,0.999996
0.777909,0.222091
0.997841,0.00215914
0.903386,0.0966144
9.22438e-10,1.0
0.00357758,0.996422
0.000990766,0.999009
4.93638e-19,1.0
2.94024e-23,1.0
1.71348e-06,0.999998
0.994096,0.00590385
0.198502,0.801498
0.985903,0.0140967
0.760665,0.239335
0.00160568,0.998394
0.989263,0.0107373
0.81366,0.18634
0.995918,0.00408182
1.84815e-06,0.999998
0.647507,0.352493
0.989514,0.0104861
0.959819,0.040181
0.992198,0.00780237
2.40428e-23,1.0
0.972046,0.0279539
0.995409,0.00459101
0.995416,0.00458439
0.000306459,0.999694
2.51618e-05,0.999975
2.30749e-06,0.999998
0.996489,0.00351077
0.912349,0.0876515
1.82397e-05,0.999982
0.984047,0.0159526
4.3366e-17,1.0
0.989495,0.0105045
8.82263e-27,1.0
0.0291984,0.970802
0.99555,0.00445028
0.0156939,0.984306
3.57803e-11,1.0
0.992732,0.00726845
0.0969759,0.903024
0.994558,0.00544244
0.758123,0.241877
0.996225,0.00377514
0.992951,0.00704887
4.20386e-11,1.0
0.916899,0.0831008
1.29618e-23,1.0
9.81118e-16,1.0
0.995228,0.00477191
0.796272,0.203728
0.997895,0.00210477
0.193918,0.806082
8.38098e-07,0.999999
0.0434735,0.956526
0.932725,0.0672754
0.867284,0.132716
0.968603,0.0313966
0.961817,0.0381831
0.0031068,0.996893
0.972494,0.0275063
6.3098e-08,1.0
0.00725503,0.992745
0.964086,0.0359135
1.21745e-07,1.0
0.989939,0.0100608
8.44964e-16,1.0
0.00153091,0.998469
0.995779,0.00422128
0.0054811,0.994519
0.976631,0.0233691
0.980953,0.0190475
0.993106,0.00689368
2.97251e-29,1.0
0.853607,0.146393
0.861083,0.138917
0.0,1.0
3.22523e-05,0.999968
0.940232,0.0597683
0.000303318,0.999697
0.541771,0.458229
0.992739,0.00726082
0.807176,0.192824
1.43034e-33,1.0
0.999043,0.00095667
0.983634,0.0163655
0.831522,0.168478
0.992209,0.00779134
0.992646,0.0073541
2.88793e-20,1.0
0.000230365,0.99977
0.997019,0.00298066
0.53609,0.46391
6.63951e-06,0.999993
1.81233e-09,1.0
0.253762,0.746238
0.887779,0.112221
0.956801,0.043199
0.986558,0.0134418
0.798358,0.201642
0.995034,0.00496575
8.06231e-06,0.999992
0.931832,0.0681683
0.982248,0.0177522
1.0846e-06,0.999999
0.0203751,0.979625
0.383223,0.616777
0.130719,0.869281
0.968487,0.031513
0.983682,0.0163183
0.968699,0.0313009
0.864671,0.135329
1.97151e-20,1.0
0.0,1.0
0.991905,0.00809482
0.182062,0.817938
4.46625e-10,1.0
1.21516e-34,1.0
1.90403e-06,0.999998
0.553764,0.446236
0.995804,0.00419634
0.99211,0.00788979
0.0661757,0.933824
0.994103,0.00589657
0.984847,0.015153
0.881632,0.118368
0.864366,0.135634
0.915191,0.0848088
0.935794,0.0642063
0.000754197,0.999246
0.996662,0.00333747
0.782544,0.217455
0.962407,0.0375928
0.985155,0.0148448
0.953373,0.0466273
0.991668,0.00833234
0.00640401,0.993596
2.08533e-22,1.0
0.0587411,0.941259
2.5508e-06,0.999997
0.970079,0.0299205
0.603817,0.396183
0.947723,0.0522769
6.57907e-20,1.0
4.40445e-07,1.0
0.98727,0.0127303
1.63024e-07,1.0
7.38859e-09,1.0
0.121772,0.878228
0.204544,0.795456
5.65439e-25,1.0
1.9311e-08,1.0
3.3626e-32,1.0
0.0,1.0
1.01934e-17,1.0
0.994531,0.00546916
0.99871,0.00128985
7.48435e-11,1.0
0.990778,0.00922199
0.973886,0.0261144
0.000245548,0.999754
1.67811e-05,0.999983
0.99579,0.00421034
0.948242,0.0517575
0.994054,0.00594586
0.997579,0.00242149
0.964617,0.0353825
0.842352,0.157648
0.88364,0.11636
1.99181e-10,1.0
0.941201,0.0587988
1.19344e-23,1.0
7.01091e-12,1.0
1.95862e-08,1.0
0.971605,0.0283951
0.837195,0.162805
0.992227,0.00777332
0.996831,0.00316941
0.987347,0.0126526
6.52392e-10,1.0
0.000124875,0.999875
0.000901248,0.999099
0.88318,0.11682
1.62087e-09,1.0
3.43254e-10,1.0
0.990462,0.00953837
0.832538,0.167462
0.996167,0.00383283
0.730963,0.269037
0.955213,0.044787
0.993074,0.00692621
0.978,0.0219996
5.48158e-06,0.999995
5.29348e-16,1.0
0.996504,0.00349607
0.976366,0.0236338
2.03589e-08,1.0
1.98586e-05,0.99998
0.99667,0.00333037
0.960396,0.0396042
3.76912e-11,1.0
0.905772,0.0942277
0.998845,0.0011551
0.453345,0.546655
2.42692e-10,1.0
0.0289687,0.971031
0.967529,0.0324706
0.937725,0.0622755
7.6942e-15,1.0
0.748711,0.251289
0.985018,0.0149823
0.000364463,0.999636
0.995312,0.00468836
1.01572e-23,1.0
0.46939,0.53061
0.96947,0.0305298
0.93682,0.0631796
2.19182e-22,1.0
0.0180173,0.981983
0.527782,0.472218
0.995115,0.00488457
0.900636,0.099364
1.18707e-07,1.0
0.968265,0.0317353
3.1884e-05,0.999968
0.508332,0.491668
0.90356,0.0964402
0.97031,0.0296898
0.927913,0.0720872
0.913942,0.0860583
0.934706,0.0652943
0.208834,0.791166
0.997307,0.00269276
0.985613,0.0143873
2.16811e-22,1.0
4.45228e-08,1.0
8.36283e-06,0.999992
0.991514,0.00848597
3.53012e-31,1.0
0.183211,0.816789
0.996055,0.0039453
0.834927,0.165073
0.982095,0.0179046
0.628893,0.371107
0.823095,0.176905
0.473651,0.526349
0.992117,0.00788318
0.942084,0.0579162
0.865915,0.134085
0.985731,0.0142693
0.160315,0.839685
0.192647,0.807353
0.452941,0.547059
0.952946,0.0470538
0.875056,0.124944
0.23244,0.76756
0.98659,0.0134101
0.759799,0.240201
0.996308,0.003692
0.994335,0.0056646
0.958512,0.041488
0.990723,0.00927745
0.00351592,0.996484
0.718407,0.281593
0.992544,0.00745634
0.998267,0.00173309
0.906993,0.0930074
0.876124,0.123876
0.895509,0.104491
0.90836,0.0916396
0.996949,0.00305061
0.988802,0.0111977
0.958014,0.0419864
0.998674,0.00132572
0.00781826,0.992182
0.998562,0.00143792
1.54721e-24,1.0
0.157421,0.842579
1.08888e-10,1.0
0.168718,0.831282
0.825864,0.174136
0.96644,0.0335597
0.981478,0.0185222
0.950913,0.0490868
0.97305,0.0269502
0.730535,0.269465
0.990569,0.00943081
0.944328,0.0556721
0.991064,0.00893627
0.11668,0.88332
0.207779,0.792221
0.989478,0.0105219
0.0375542,0.962446
0.507523,0.492477
0.0,1.0
0.867419,0.132581
0.976396,0.0236036
0.475616,0.524384
0.929668,0.070332
0.980247,0.019753
0.103034,0.896966
0.221411,0.778589
1.9485e-23,1.0
6.04441e-05,0.99994
0.575498,0.424502
0.986899,0.0131005
0.873928,0.126072
0.99174,0.00825988
0.954431,0.0455696
0.941817,0.0581828
0.852251,0.147749
0.00554173,0.994458
0.622907,0.377093
0.110321,0.889679
0.795915,0.204085
0.305266,0.694734
0.977087,0.0229127
4.18095e-05,0.999958
0.712404,0.287596
0.323592,0.676408
0.988663,0.0113369
0.00703158,0.992968
0.79431,0.20569
0.464577,0.535423
0.138433,0.861567
8.02721e-06,0.999992
0.0346108,0.965389
0.924953,0.0750472
0.517789,0.482211
0.992752,0.00724794
0.857617,0.142383
0.0669038,0.933096
0.958267,0.0417326
0.667968,0.332032
0.931139,0.0688609
0.979346,0.020654
0.935937,0.0640628
0.977235,0.0227647
4.08107e-05,0.999959
0.00185427,0.998146
0.998169,0.00183104
4.46583e-17,1.0
0.950185,0.0498147
1.88803e-08,1.0
0.901081,0.0989192
0.980764,0.0192359
0.938081,0.061919
0.000483629,0.999516
0.996645,0.0033548
0.959809,0.0401913
0.514011,0.485989
0.0899281,0.910072
0.995152,0.00484846
0.992257,0.00774304
0.554029,0.445971
4.82685e-05,0.999952
0.31855,0.68145
0.956265,0.0437352
0.996579,0.00342098
0.973664,0.0263358
2.41717e-06,0.999998
0.996849,0.0031515
3.57859e-09,1.0
0.974666,0.0253341
0.993743,0.00625667
0.99676,0.00324041
0.980246,0.019754
0.492327,0.507673
9.5991e-10,1.0
0.000186709,0.999813
0.994935,0.00506466
0.00917582,0.990824
3.32754e-09,1.0
0.976138,0.0238616
3.37597e-12,1.0
0.979905,0.0200946
0.991084,0.00891604
0.999103,0.000896592
0.973925,0.0260749
0.981599,0.0184007
4.07522e-24,1.0
6.65186e-09,1.0
0.969517,0.0304829
0.99733,0.0026698
0.141347,0.858653
0.839398,0.160602
0.99852,0.00147962
2.36483e-12,1.0
0.745359,0.254641
0.991574,0.00842603
6.30343e-16,1.0
0.991718,0.00828195
0.117921,0.882079
0.994878,0.005122
0.980194,0.0198061
1.22815e-09,1.0
3.2592e-07,1.0
0.876278,0.123722
0.992033,0.00796698
0.00019347,0.999807
0.998773,0.00122678
0.997673,0.00232736
1.61751e-09,1.0
0.994553,0.00544654
0.98321,0.0167904
0.996428,0.00357185
0.994443,0.00555714
0.00306161,0.996938
0.836426,0.163574
0.79016,0.20984
0.951432,0.0485682
3.69083e-12,1.0
2.67455e-08,1.0
0.00548335,0.994517
0.994912,0.00508844
0.99396,0.00604044
0.944773,0.055227
0.995039,0.00496071
1.82947e-05,0.999982
0.0866776,0.913322
0.997763,0.00223716
0.00112017,0.99888
0.991487,0.00851308
3.25426e-11,1.0
0.942907,0.0570934
0.0011682,0.998832
8.0954e-07,0.999999
0.983135,0.0168647
3.45845e-07,1.0
0.994365,0.00563472
0.26529,0.73471
0.985548,0.0144525
0.973692,0.026308
0.714405,0.285595
0.842589,0.157411
0.00080503,0.999195
0.0704978,0.929502
0.995348,0.00465244
0.025701,0.974299
0.889577,0.110423
0.975706,0.0242944
7.17981e-20,1.0
0.998649,0.00135059
0.957593,0.0424071
1.5466e-11,1.0
0.90419,0.0958099
1.02629e-11,1.0
0.995078,0.0049221
1.51484e-10,1.0
0.000369882,0.99963
0.854897,0.145103
0.998315,0.00168509
4.68038e-11,1.0
0.00770185,0.992298
0.99411,0.00588984
0.99504,0.00495991
0.998527,0.00147329
0.280551,0.719449
0.754677,0.245323
2.13636e-09,1.0
2.39396e-05,0.999976
0.247218,0.752782
0.000226793,0.999773
0.935437,0.0645627
0.997641,0.00235927
0.977975,0.0220248
0.989109,0.0108906
0.985586,0.0144144
9.69691e-17,1.0
0.997403,0.0025968
0.99247,0.00752987
0.804312,0.195688
3.5429e-07,1.0
0.96045,0.0395501
0.982246,0.0177536
0.734906,0.265093
0.951414,0.048586
2.47101e-35,1.0
6.82329e-05,0.999932
0.913932,0.0860677
0.99379,0.00620959
0.990725,0.00927485
0.136522,0.863478
0.998206,0.00179366
0.0109253,0.989075
1.80698e-06,0.999998
0.000580763,0.999419
0.985805,0.0141948
3.44246e-22,1.0
0.000152515,0.999847
0.959318,0.0406817
3.63278e-05,0.999964
0.000789784,0.99921
0.998545,0.00145458
0.996139,0.00386061
0.959794,0.0402061
0.985243,0.014757
0.0203545,0.979645
2.7991e-21,1.0
7.11305e-09,1.0
0.59767,0.402329
0.0101613,0.989839
0.660652,0.339348
0.847857,0.152143
1.86447e-09,1.0
3.95476e-20,1.0
0.414111,0.585889
0.996432,0.00356829
0.00328036,0.99672
0.637151,0.362849
0.00383657,0.996163
2.92167e-10,1.0
0.991941,0.00805869
0.899897,0.100103
5.9778e-13,1.0
0.966726,0.0332735
5.09977e-10,1.0
0.00457971,0.99542
0.978231,0.0217689
0.393426,0.606574
0.966276,0.033724
0.00238687,0.997613
0.000408019,0.999592
9.18862e-19,1.0
0.768908,0.231092
0.997913,0.00208718
2.35007e-25,1.0
3.46403e-07,1.0
0.991559,0.00844068
2.08182e-16,1.0
0.441966,0.558034
0.979382,0.020618
0.852973,0.147027
0.984877,0.0151231
0.668975,0.331025
0.998003,0.0019968
0.875443,0.124557
0.899333,0.100667
2.19069e-13,1.0
0.95221,0.0477895
0.994058,0.00594241
2.32033e-18,1.0
0.997667,0.00233316
0.90218,0.0978196
1.16099e-10,1.0
2.60546e-32,1.0
0.987952,0.0120477
0.929157,0.0708431
2.34831e-05,0.999977
0.839119,0.160881
0.0993993,0.900601
0.49108,0.50892
0.957486,0.0425138
0.844279,0.155721
0.611321,0.388679
0.920986,0.0790138
0.983533,0.016467
1.66677e-09,1.0
0.927099,0.0729011
1.24257e-16,1.0
0.958124,0.0418764
0.995559,0.0044409
0.994836,0.00516406
0.516828,0.483172
1.48499e-10,1.0
1.26744e-07,1.0
0.994057,0.00594267
0.409998,0.590002
0.993208,0.00679162
0.807234,0.192766
0.992952,0.00704781
0.981239,0.0187605
4.11006e-08,1.0
0.00461611,0.995384
0.92776,0.0722399
1.59646e-24,1.0
0.000251836,0.999748
0.997673,0.00232682
0.759427,0.240573
9.92056e-10,1.0
0.995489,0.00451137
1.47809e-09,1.0
0.0345043,0.965496
0.581875,0.418125
0.700873,0.299127
0.918099,0.0819012
0.653833,0.346167
3.01279e-22,1.0
9.696e-05,0.999903
0.378223,0.621777
0.942676,0.0573241
0.90724,0.0927604
0.969274,0.0307263
0.938209,0.0617912
0.994348,0.00565202
0.92521,0.0747899
0.985087,0.0149134
0.867335,0.132665
0.00919994,0.9908
0.00130274,0.998697
9.95981e-29,1.0
0.00212042,0.99788
0.993404,0.00659592
0.738593,0.261407
0.961183,0.0388167
0.000261588,0.999738
0.964724,0.0352755
0.969866,0.0301344
0.912177,0.087823
0.000186612,0.999813
2.18742e-13,1.0
0.000383222,0.999617
6.00635e-06,0.999994
0.993159,0.0068408
0.858607,0.141393
0.989418,0.0105816
0.99544,0.00456039
0.998623,0.00137744
0.0,1.0
0.00115192,0.998848
0.248445,0.751555
0.954596,0.0454037
0.997754,0.0022456
1.02433e-13,1.0
0.995399,0.00460099
3.10007e-07,1.0
0.746728,0.253272
0.960259,0.0397407
1.1018e-08,1.0
0.688023,0.311977
0.805901,0.194099
8.48068e-29,1.0
0.105217,0.894783
0.0287202,0.97128
0.960216,0.0397836
4.6045e-05,0.999954
0.990613,0.00938742
0.000296354,0.999704
0.986167,0.0138333
0.000668725,0.999331
0.330396,0.669604
0.994015,0.00598482
0.0384059,0.961594
2.32903e-09,1.0
0.988834,0.0111656
0.84527,0.15473
0.448758,0.551242
0.0814737,0.918526
0.991628,0.0083723
0.949642,0.0503576
0.869339,0.130661
0.996086,0.00391361
0.970532,0.0294683
9.21586e-09,1.0
0.985979,0.0140213
0.203487,0.796513
0.990418,0.00958223
6.37107e-09,1.0
0.00132219,0.998678
0.624903,0.375097
0.492532,0.507468
0.838951,0.161049
9.79474e-11,1.0
0.988213,0.0117871
0.589126,0.410874
0.0361549,0.963845
0.00107709,0.998923
0.995448,0.00455162
0.735027,0.264973
0.151136,0.848864
0.827125,0.172875
0.985723,0.0142768
0.966965,0.0330349
1.82146e-16,1.0
0.997581,0.00241913
2.71312e-05,0.999973
2.69456e-14,1.0
8.16605e-14,1.0
0.982207,0.0177928
0.879701,0.120299
0.00760648,0.992393
8.50585e-16,1.0
0.822255,0.177745
0.985853,0.0141467
0.998787,0.00121295
8.9677e-24,1.0
0.0304728,0.969527
8.87457e-22,1.0
0.995146,0.00485374
1.2023e-12,1.0
0.991239,0.00876141
0.815956,0.184044
0.997901,0.0020991
0.993497,0.00650316
0.15881,0.84119
7.57496e-07,0.999999
1.72183e-08,1.0
0.833065,0.166935
0.996728,0.00327225
0.96649,0.0335096
1.18574e-10,1.0
0.99825,0.00175014
0.108828,0.891172
0.992602,0.00739847
0.254922,0.745078
3.00902e-07,1.0
0.995266,0.00473385
0.994834,0.00516604
0.965618,0.0343821
0.845561,0.154439
0.140346,0.859654
0.9762,0.0238003
0.875185,0.124815
0.970968,0.029032
0.17479,0.82521
0.000119977,0.99988
1.28643e-08,1.0
0.998642,0.00135803
0.46974,0.53026
0.998314,0.00168549
0.189167,0.810833
0.998713,0.00128731
0.988743,0.0112571
2.59182e-05,0.999974
9.63987e-21,1.0
0.995423,0.00457748
0.997397,0.00260263
0.995774,0.0042261
0.982824,0.0171764
1.66045e-10,1.0
0.966443,0.0335575
0.819391,0.180609
0.814456,0.185544
0.976402,0.0235984
0.500658,0.499342
0.835712,0.164288
0.997432,0.00256803
0.940368,0.0596318
2.73934e-11,1.0
0.00677024,0.99323
0.998372,0.0016278
0.995336,0.00466447
0.992418,0.00758186
0.0729035,0.927097
0.998725,0.00127546
0.00058238,0.999418
0.985717,0.0142834
3.69529e-09,1.0
5.2709e-13,1.0
0.995844,0.00415623
2.4673e-05,0.999975
0.975423,0.0245773
2.47894e-11,1.0
0.773588,0.226412
0.996463,0.0035372
0.930641,0.0693593
0.975005,0.024995
0.527502,0.472498
0.874434,0.125566
0.991249,0.00875066
2.77195e-12,1.0
0.903783,0.096217
0.98593,0.0140698
0.979659,0.0203408
2.96309e-07,1.0
0.650366,0.349634
0.996643,0.00335748
0.826052,0.173948
0.962536,0.0374642
0.819642,0.180358
0.9578,0.0421998
2.18674e-12,1.0
9.07329e-09,1.0
0.142958,0.857042
0.987514,0.0124864
0.98682,0.0131799
0.994219,0.00578098
0.996503,0.00349668
0.874153,0.125847
1.01949e-06,0.999999
0.965171,0.0348288
0.986089,0.013911
0.998587,0.0014131
0.000159058,0.999841
5.83508e-07,0.999999
0.0137391,0.986261
0.98901,0.0109904
0.803996,0.196004
0.993249,0.00675102
0.99523,0.00477035
3.22996e-13,1.0
3.73642e-05,0.999963
0.996904,0.0030955
0.985221,0.014779
0.770603,0.229398
0.735285,0.264715
0.990021,0.0099793
1.61622e-06,0.999998
1.603e-19,1.0
0.958742,0.0412577
0.774205,0.225795
0.966264,0.0337356
0.932783,0.0672168
0.096338,0.903662
0.994039,0.0059614
0.978896,0.0211035
2.76669e-22,1.0
7.50883e-07,0.999999
0.00878902,0.991211
0.869464,0.130536
0.999116,0.000883775
0.944871,0.0551294
0.994204,0.00579624
2.29699e-06,0.999998
0.0419814,0.958019
0.998687,0.00131327
0.0153926,0.984607
0.98745,0.01255
0.996254,0.00374548
0.995032,0.00496767
0.00259127,0.997409
0.998129,0.00187118
0.978461,0.0215391
0.972559,0.0274409
0.998418,0.00158172
0.000541781,0.999458
0.02589,0.97411
0.000881693,0.999118
0.920556,0.0794444
1.16622e-06,0.999999
1.29198e-07,1.0
0.981192,0.0188078
8.62679e-17,1.0
2.33684e-05,0.999977
0.999349,0.000650806
0.000579823,0.99942
0.897912,0.102088
0.96692,0.0330801
5.73059e-09,1.0
0.00888577,0.991114
0.000775239,0.999225
0.000209253,0.999791
0.997733,0.00226751
6.98691e-06,0.999993
0.991572,0.00842756
0.951639,0.0483605
0.999103,0.000897292
0.934912,0.0650883
4.05272e-07,1.0
0.000577911,0.999422
0.974115,0.0258851
0.999583,0.000416984
0.367175,0.632825
2.03978e-09,1.0
0.962699,0.0373013
7.23111e-16,1.0
0.000287702,0.999712
1.50648e-06,0.999998
2.92547e-12,1.0
0.997184,0.00281611
0.586657,0.413343
0.711822,0.288178
8.79273e-08,1.0
8.6588e-10,1.0
1.22541e-09,1.0
0.949485,0.0505152
2.31237e-15,1.0
0.518793,0.481207
0.997067,0.00293326
0.996409,0.0035906
0.998727,0.00127341
7.57033e-25,1.0
0.998986,0.00101396
0.0114763,0.988524
0.988803,0.0111969
0.428529,0.571471
0.0120631,0.987937
0.966537,0.0334632
0.936764,0.0632355
0.999075,0.000924534
0.935659,0.0643414
0.419667,0.580333
1.32672e-10,1.0
0.799141,0.200859
0.81358,0.18642
0.98951,0.0104903
8.01032e-14,1.0
0.749232,0.250768
7.85154e-11,1.0
3.69155e-23,1.0
0.996782,0.00321761
0.989244,0.0107558
0.843441,0.156559
0.622701,0.377299
3.82207e-17,1.0
0.387765,0.612235
6.70009e-18,1.0
0.859472,0.140528
0.99709,0.00290968
0.982769,0.0172307
1.01124e-08,1.0
0.948063,0.0519374
0.638834,0.361166
0.989021,0.0109789
0.277331,0.722669
0.998508,0.00149191
6.01561e-06,0.999994
7.16523e-12,1.0
0.951742,0.0482583
0.0843563,0.915644
2.12271e-07,1.0
1.0404e-09,1.0
0.000126383,0.999874
0.00218891,0.997811
0.993538,0.0064623
0.978728,0.0212716
0.877178,0.122822
0.872159,0.127841
0.996933,0.00306701
2.52753e-11,1.0
0.852901,0.147099
0.99693,0.00306955
0.957413,0.0425868
0.979404,0.0205958
8.61321e-30,1.0
0.421805,0.578195
0.988016,0.0119838
0.992688,0.0073123
0.407435,0.592565
0.985865,0.0141354
0.979484,0.0205159
1.32158e-09,1.0
0.997594,0.00240585
0.969637,0.0303626
0.127546,0.872454
0.986672,0.0133285
0.989596,0.0104038
0.00950324,0.990497
0.853473,0.146527
0.989805,0.0101949
0.989887,0.0101132
0.884916,0.115084
0.00283883,0.997161
0.940599,0.0594009
0.86129,0.13871
0.000447428,0.999553
6.00731e-12,1.0
2.34844e-07,1.0
0.871899,0.128101
0.00160995,0.99839
0.99085,0.00915042
0.961485,0.0385151
0.990644,0.0093555
9.61399e-20,1.0
1.15623e-10,1.0
0.331542,0.668458
0.97319,0.0268095
0.98615,0.0138501
7.12034e-16,1.0
1.53047e-10,1.0
0.924316,0.0756843
0.000961872,0.999038
0.979998,0.0200024
4.86504e-05,0.999951
0.0604099,0.93959
0.86864,0.13136
0.946995,0.0530048
9.86095e-21,1.0
8.2899e-19,1.0
0.997946,0.0020539
3.50894e-10,1.0
0.979663,0.0203372
0.00238915,0.997611
0.998405,0.00159516
0.971022,0.0289775
0.997212,0.00278825
0.993766,0.00623353
0.0625023,0.937498
0.000706118,0.999294
0.188204,0.811796
0.794953,0.205048
0.99247,0.00752965
0.941602,0.058398
0.000236062,0.999764
1.1162e-13,1.0
0.68364,0.31636
0.967569,0.0324313
0.265944,0.734056
4.79628e-22,1.0
0.737439,0.262561
0.0281819,0.971818
0.774238,0.225762
0.996481,0.00351869
2.77292e-10,1.0
0.00012646,0.999874
0.654274,0.345726
0.828522,0.171478
0.989864,0.0101357
0.443152,0.556848
0.998372,0.00162853
0.582058,0.417942
0.831167,0.168833
0.99484,0.00516019
0.991955,0.00804471
0.993194,0.00680584
6.55186e-11,1.0
0.490858,0.509142
0.988544,0.0114561
0.966827,0.0331733
0.913852,0.0861484
0.596469,0.403531
0.906738,0.0932622
0.99544,0.00455965
0.949305,0.0506951
0.993745,0.00625494
0.996847,0.00315319
4.9849e-07,1.0
5.66193e-23,1.0
5.94242e-10,1.0
0.931677,0.0683233
0.0117846,0.988215
0.94424,0.0557598
0.90364,0.0963601
1.66908e-18,1.0
0.961155,0.0388449
2.11043e-09,1.0
4.85306e-07,1.0
0.986271,0.0137293
0.929888,0.070112
0.0100984,0.989902
0.0853863,0.914614
0.981205,0.0187953
0.993072,0.00692766
1.55612e-10,1.0
0.943337,0.0566632
2.26679e-28,1.0
0.907765,0.0922353
0.951852,0.0481484
0.860014,0.139986
1.18288e-15,1.0
0.858382,0.141618
1.91999e-14,1.0
2.8282e-20,1.0
0.985769,0.0142311
0.506897,0.493103
0.0106646,0.989335
0.939017,0.0609833
0.917713,0.082287
0.934339,0.065661
3.55258e-08,1.0
0.356322,0.643678
1.33321e-08,1.0
0.00720511,0.992795
0.951889,0.0481109
0.00441985,0.99558
0.954932,0.0450681
0.031229,0.968771
0.989201,0.0107992
0.945818,0.0541818
0.00275101,0.997249
5.18092e-05,0.999948
3.54184e-14,1.0
0.891545,0.108455
1.92164e-18,1.0
8.02982e-07,0.999999
3.76626e-14,1.0
6.62271e-11,1.0
0.0134257,0.986574
0.992473,0.00752708
0.995682,0.00431783
0.996597,0.00340288
0.780807,0.219193
0.98643,0.0135698
0.631573,0.368427
0.970869,0.0291313
0.00229971,0.9977
0.0104245,0.989576
0.987191,0.0128094
0.0124215,0.987578
0.98942,0.0105801
2.29072e-05,0.999977
0.98796,0.0120403
0.990415,0.0095848
0.886712,0.113288
0.00131868,0.998681
0.954427,0.0455725
0.669591,0.330409
2.92508e-29,1.0
1.62862e-09,1.0
0.831696,0.168304
0.985994,0.0140059
0.997918,0.00208196
0.955556,0.0444444
0.994809,0.00519072
0.993803,0.0061971
0.992586,0.00741426
0.987313,0.012687
9.58469e-07,0.999999
0.978395,0.0216047
0.455601,0.544399
0.985389,0.0146105
5.95947e-10,1.0
0.989132,0.0108684
2.68402e-05,0.999973
3.58098e-13,1.0
0.94225,0.0577502
7.8604e-08,1.0
0.976781,0.0232191
0.317355,0.682644
0.956873,0.043127
0.992668,0.00733241
1.83271e-11,1.0
2.01705e-07,1.0
3.85907e-07,1.0
0.989846,0.0101543
0.430434,0.569566
0.994351,0.0056486
0.361556,0.638444
0.998358,0.00164181
0.966393,0.0336069
0.00113921,0.998861
4.60436e-05,0.999954
0.353197,0.646803
3.05405e-32,1.0
0.992449,0.00755083
0.992625,0.00737524
0.919219,0.080781
0.986762,0.013238
0.995773,0.00422715
0.22555,0.77445
0.0845919,0.915408
0.579251,0.420749
0.630313,0.369687
0.0296855,0.970314
0.973868,0.0261322
3.72137e-06,0.999996
0.996419,0.00358068
5.89805e-12,1.0
3.35442e-05,0.999967
0.27798,0.72202
0.975367,0.0246331
0.57732,0.42268
0.944376,0.0556238
7.45207e-15,1.0
0.375239,0.624761
0.998504,0.0014958
0.00137604,0.998624
0.986108,0.0138923
0.993005,0.00699517
0.997252,0.00274815
0.936259,0.0637412
0.909891,0.0901088
0.0137094,0.986291
0.998555,0.00144479
1.64065e-08,1.0
0.672318,0.327682
0.0,1.0
0.0061176,0.993882
3.25183e-15,1.0
1.93186e-12,1.0
0.989901,0.0100987
0.993452,0.00654773
1.26798e-06,0.999999
0.211688,0.788312
0.92823,0.07177
3.05563e-06,0.999997
0.998228,0.00177166
0.222649,0.777351
0.797377,0.202623
0.816549,0.183451
0.83775,0.16225
0.997397,0.0026029
0.98818,0.0118197
0.99761,0.00239042
0.984664,0.0153358
0.191131,0.808869
0.995884,0.00411623
0.993128,0.00687243
0.385593,0.614407
0.983539,0.016461
0.990455,0.00954509
0.989202,0.0107982
0.0,1.0
6.93874e-07,0.999999
0.98323,0.0167704
7.06211e-19,1.0
0.926575,0.0734248
0.996275,0.00372484
0.962336,0.0376636
3.06411e-07,1.0
0.0642259,0.935774
0.00919797,0.990802
0.957934,0.0420664
0.912719,0.0872812
1.93222e-12,1.0
2.09952e-10,1.0
0.987379,0.0126212
0.0543895,0.94561
5.02974e-14,1.0
0.900808,0.0991919
1.10138e-31,1.0
0.469064,0.530936
0.995204,0.00479566
0.996716,0.00328349
0.0383223,0.961678
0.466484,0.533516
0.93803,0.0619699
4.01842e-22,1.0
3.35235e-20,1.0
0.971898,0.0281023
2.83386e-23,1.0
0.0563887,0.943611
0.662706,0.337294
0.998462,0.00153822
2.4616e-06,0.999997
0.97543,0.0245697
0.96772,0.0322796
0.398485,0.601515
0.959498,0.0405024
0.995582,0.00441847
0.000448885,0.999551
0.917288,0.082712
5.32106e-31,1.0
9.13568e-18,1.0
7.28855e-16,1.0
0.00749895,0.992501
0.815885,0.184115
2.59616e-14,1.0
2.70337e-22,1.0
4.29036e-05,0.999957
0.999018,0.000981565
0.919735,0.080265
2.71515e-18,1.0
0.930011,0.0699893
0.149455,0.850545
0.973185,0.0268145
0.00844726,0.991553
0.974115,0.0258855
0.225439,0.774561
0.974455,0.0255445
0.657805,0.342195
6.95589e-11,1.0
0.896747,0.103253
0.00241353,0.997586
0.979919,0.0200814
1.78514e-15,1.0
0.956199,0.0438008
0.0201891,0.979811
0.9967,0.00329981
0.992252,0.00774789
0.970356,0.0296441
0.0958538,0.904146
6.07497e-06,0.999994
2.84639e-19,1.0
2.39115e-24,1.0
0.977096,0.022904
0.908139,0.0918606
0.000283415,0.999717
0.916767,0.0832331
0.771689,0.228311
4.49934e-18,1.0
8.64699e-08,1.0
0.937022,0.0629783
0.0450359,0.954964
0.0221887,0.977811
0.921464,0.0785357
0.997395,0.00260535
0.0,1.0
0.00786858,0.992131
0.993991,0.00600878
0.900334,0.0996657
0.992877,0.00712292
0.0150564,0.984944
0.963148,0.0368523
0.977814,0.0221856
1.76621e-08,1.0
1.06234e-13,1.0
1.86328e-16,1.0
0.00130045,0.9987
0.491196,0.508804
0.826568,0.173432
0.00112442,0.998876
0.649611,0.350389
0.767209,0.232791
0.995319,0.00468141
0.905118,0.0948821
1.30207e-21,1.0
0.853844,0.146156
0.0210602,0.97894
4.50449e-05,0.999955
0.855721,0.144279
1.6339e-11,1.0
0.00786635,0.992134
3.62206e-13,1.0
0.82477,0.17523
0.997873,0.00212687
0.822336,0.177664
0.104755,0.895245
0.00149929,0.998501
1.00597e-09,1.0
0.967386,0.0326143
0.843241,0.156759
0.0663776,0.933622
0.974577,0.0254231
1.48111e-07,1.0
4.49742e-09,1.0
1.19426e-08,1.0
0.00624924,0.993751
0.971154,0.0288455
8.70224e-18,1.0
0.45012,0.54988
0.27132,0.72868
0.939671,0.0603294
0.12588,0.87412
0.949435,0.0505646
0.996053,0.00394742
0.641355,0.358645
0.990315,0.00968482
0.950773,0.0492268
0.980312,0.0196878
6.22487e-08,1.0
0.52659,0.47341
0.98233,0.0176705
0.996396,0.00360441
4.6662e-08,1.0
0.987264,0.0127359
0.567737,0.432263
0.957198,0.0428021
0.0749085,0.925092
0.870387,0.129613
1.49856e-07,1.0
0.99772,0.0022795
0.990267,0.00973284
2.10026e-16,1.0
1.67324e-05,0.999983
0.999315,0.000685095
0.998763,0.00123657
7.58943e-07,0.999999
0.945591,0.054409
0.00225499,0.997745
0.924972,0.0750281
0.625727,0.374273
0.987964,0.0120363
1.44538e-05,0.999986
0.98891,0.0110903
0.997799,0.00220103
7.00869e-09,1.0
2.93327e-26,1.0
0.987921,0.012079
1.46775e-11,1.0
0.993831,0.00616885
0.0133092,0.986691
0.00640515,0.993595
0.986635,0.0133649
2.75304e-07,1.0
0.912267,0.0877334
0.982409,0.0175915
0.997703,0.00229732
6.87815e-09,1.0
1.43751e-15,1.0
0.990971,0.00902881
0.98103,0.0189705
0.997785,0.00221549
0.961619,0.0383808
0.99729,0.0027103
0.998746,0.0012539
0.980193,0.0198074
0.796009,0.203991
0.853306,0.146694
0.995093,0.00490692
0.998531,0.00146898
0.757965,0.242035
0.92743,0.07257
6.72114e-09,1.0
3.92142e-09,1.0
7.76719e-29,1.0
0.00101846,0.998982
1.24021e-09,1.0
0.557793,0.442207
0.317159,0.682841
0.982659,0.0173412
0.997524,0.0024764
0.997695,0.00230526
0.988131,0.0118687
0.657905,0.342095
0.96703,0.03297
0.989228,0.0107721
0.871068,0.128932
0.98712,0.0128797
0.768501,0.231499
0.000132536,0.999867
0.995933,0.00406682
2.45011e-13,1.0
3.70237e-05,0.999963
0.44013,0.55987
0.0299694,0.970031
0.00144272,0.998557
4.09204e-33,1.0
0.000121613,0.999878
0.97204,0.0279598
0.0464269,0.953573
0.989561,0.0104385
0.936101,0.0638994
0.731545,0.268455
0.000688359,0.999312
9.43609e-06,0.999991
0.644672,0.355328
0.996139,0.00386067
0.954053,0.0459471
0.997925,0.00207541
7.83277e-06,0.999992
0.544067,0.455933
0.99183,0.00817022
0.569136,0.430864
0.985042,0.0149576
4.94757e-06,0.999995
0.0269852,0.973015
0.942678,0.0573216
0.987359,0.012641
0.702571,0.297429
0.953366,0.0466345
1.84677e-08,1.0
0.995129,0.00487149
0.998824,0.00117646
0.768737,0.231263
0.975613,0.0243866
5.9871e-09,1.0
0.181591,0.818409
7.57734e-09,1.0
0.909994,0.0900065
1.99853e-22,1.0
0.957569,0.042431
0.92929,0.0707099
6.20348e-16,1.0
0.000125164,0.999875
1.7161e-17,1.0
0.996126,0.00387377
0.997431,0.00256933
0.99108,0.00891979
1.88543e-13,1.0
0.978592,0.0214077
0.99053,0.00946979
0.877261,0.122739
0.945212,0.0547883
1.71499e-07,1.0
0.441252,0.558748
0.997032,0.00296759
0.00500778,0.994992
0.313194,0.686806
0.994986,0.00501402
0.246343,0.753657
4.44023e-16,1.0
0.948541,0.0514591
0.897194,0.102806
0.8827,0.1173
0.00234876,0.997651
0.353055,0.646945
0.0920208,0.907979
0.000147791,0.999852
0.161459,0.838541
0.901259,0.0987411
0.841591,0.158409
1.1149e-09,1.0
1.04741e-08,1.0
0.807083,0.192917
3.26549e-14,1.0
0.944582,0.0554179
0.979906,0.0200937
0.997397,0.00260318
1.19874e-05,0.999988
0.996045,0.0039552
0.988449,0.0115506
0.991578,0.0084219
0.995155,0.00484538
0.0,1.0
0.00131175,0.998688
0.0367276,0.963272
0.252206,0.747794
0.00390676,0.996093
0.770998,0.229002
0.987747,0.0122531
2.0473e-05,0.999979
0.992157,0.007843
0.00021125,0.999789
0.773363,0.226638
0.00028929,0.999711
7.00658e-05,0.99993
1.04374e-05,0.99999
0.905662,0.0943376
8.87361e-07,0.999999
0.0294896,0.97051
0.879036,0.120964
1.18258e-17,1.0
0.996994,0.00300559
0.878405,0.121595
0.996189,0.0038109
0.362414,0.637586
0.816575,0.183425
0.982282,0.017718
1.14064e-07,1.0
4.36957e-10,1.0
0.0313961,0.968604
0.991683,0.0083174
0.0056963,0.994304
0.00026454,0.999735
0.124769,0.875231
2.81046e-06,0.999997
0.0138138,0.986186
0.997279,0.00272075
0.00723571,0.992764
0.000293454,0.999707
0.00350411,0.996496
0.000117074,0.999883
0.886476,0.113524
0.991645,0.00835515
3.12028e-11,1.0
9.50276e-05,0.999905
8.91409e-15,1.0
0.998164,0.00183559
0.982457,0.0175433
0.950205,0.0497954
0.492991,0.507009
0.978252,0.0217478
0.00175492,0.998245
0.177713,0.822287
4.46571e-09,1.0
0.996903,0.00309747
0.918473,0.0815274
5.31618e-06,0.999995
7.74083e-05,0.999923
2.71797e-05,0.999973
0.440683,0.559317
0.995832,0.00416805
8.66065e-08,1.0
0.00516236,0.994838
0.725575,0.274425
0.140206,0.859794
0.876852,0.123148
0.992135,0.00786519
0.00230837,0.997692
8.86838e-09,1.0
0.000135539,0.999864
0.959721,0.0402789
0.996879,0.00312098
5.14957e-13,1.0
0.94302,0.0569799
0.0988137,0.901186
0.996345,0.00365451
0.27501,0.724991
6.8684e-19,1.0
6.02234e-14,1.0
0.983922,0.016078
0.11556,0.88444
0.766696,0.233304
0.0231081,0.976892
0.90543,0.0945702
0.93524,0.0647599
8.41036e-08,1.0
0.171921,0.828079
2.19333e-09,1.0
0.583339,0.416661
2.40803e-17,1.0
2.59307e-06,0.999997
0.241705,0.758295
0.988784,0.0112161
0.996817,0.00318346
1.60406e-20,1.0
0.00176592,0.998234
0.990525,0.00947546
2.23592e-11,1.0
0.986581,0.0134189
0.993535,0.00646534
0.0901187,0.909881
0.94509,0.0549104
4.29182e-13,1.0
0.9963,0.00369955
0.000594115,0.999406
0.975891,0.0241086
0.996653,0.00334673
0.998059,0.00194087
0.996652,0.00334805
0.981467,0.0185326
0.93439,0.0656102
0.998159,0.00184077
2.27058e-05,0.999977
2.1275e-08,1.0
0.0343145,0.965685
0.993618,0.0063818
0.0219642,0.978036
1.82556e-12,1.0
0.894123,0.105877
0.989601,0.0103987
0.981188,0.0188119
0.981658,0.0183416
0.903708,0.0962921
0.989138,0.0108617
0.653279,0.346721
8.39387e-17,1.0
0.163134,0.836866
0.15832,0.84168
2.74454e-15,1.0
0.00785591,0.992144
0.152011,0.847989
0.998096,0.0019044
2.61807e-10,1.0
0.998423,0.00157654
1.04926e-08,1.0
0.00662105,0.993379
0.995681,0.00431884
0.99635,0.00364986
0.886904,0.113096
0.803727,0.196273
0.956668,0.043332
0.973499,0.0265012
0.00124698,0.998753
0.986711,0.0132891
0.99679,0.00320983
0.929782,0.0702179
2.08754e-14,1.0
5.86019e-05,0.999941
0.992784,0.00721649
0.983895,0.0161052
0.919259,0.0807411
0.959528,0.0404717
0.131526,0.868474
0.994336,0.00566358
6.85606e-06,0.999993
0.927606,0.0723936
0.991696,0.00830423
8.67254e-12,1.0
0.996749,0.00325149
1.17417e-08,1.0
0.629447,0.370553
0.937945,0.0620551
0.50823,0.49177
0.985793,0.0142074
0.932264,0.0677364
0.996553,0.00344706
8.10572e-10,1.0
0.231919,0.768081
0.983035,0.0169652
0.997588,0.00241245
0.996659,0.00334099
0.920749,0.0792511
0.000107361,0.999893
0.955158,0.0448425
0.00755173,0.992448
0.992003,0.00799672
0.868228,0.131772
6.85837e-13,1.0
0.00465448,0.995346
0.0126852,0.987315
0.988882,0.0111178
0.00279144,0.997209
0.213404,0.786596
0.202452,0.797548
0.988566,0.0114342
2.18571e-08,1.0
0.00112207,0.998878
0.164756,0.835244
0.997991,0.00200934
5.87113e-11,1.0
0.969458,0.0305423
0.994785,0.0052148
0.59721,0.40279
4.54932e-12,1.0
0.961562,0.0384381
0.979206,0.0207944
0.99785,0.00215047
0.946161,0.0538388
0.673727,0.326273
7.31181e-14,1.0
0.933171,0.0668293
0.735267,0.264733
4.40355e-06,0.999996
0.00858508,0.991415
0.00689856,0.993101
0.208324,0.791676
0.896472,0.103528
4.23782e-17,1.0
0.000197934,0.999802
0.422172,0.577828
0.0448789,0.955121
0.021457,0.978543
0.288801,0.711199
0.902514,0.0974858
0.986849,0.0131509
3.00191e-19,1.0
0.973099,0.0269009
0.00022626,0.999774
0.995889,0.00411124
0.572538,0.427462
0.795759,0.204241
0.0168729,0.983127
2.87547e-08,1.0
0.879504,0.120496
1.0602e-32,1.0
6.22184e-07,0.999999
2.86051e-27,1.0
0.99494,0.00506022
5.59381e-05,0.999944
0.679934,0.320066
0.935651,0.0643494
4.11646e-37,1.0
0.543693,0.456307
0.0325802,0.96742
0.997565,0.0024347
7.97905e-13,1.0
0.953624,0.0463758
0.0220111,0.977989
0.00173344,0.998267
0.9614,0.0386
0.262764,0.737236
0.974151,0.0258486
0.000476565,0.999523
0.0221511,0.977849
9.93094e-06,0.99999
0.993448,0.00655223
0.999044,0.000955762
0.990301,0.00969938
0.991375,0.00862465
0.955751,0.0442492
0.992102,0.00789804
0.74617,0.25383
6.93405e-14,1.0
0.280639,0.719361
4.68864e-10,1.0
0.998861,0.00113878
0.989949,0.0100508
0.000131011,0.999869
0.925042,0.0749579
0.995291,0.00470938
0.0198533,0.980147
0.802868,0.197132
0.980958,0.0190424
4.20761e-06,0.999996
0.981902,0.0180984
0.984164,0.0158357
0.595683,0.404317
0.904296,0.0957044
2.97036e-27,1.0
0.985196,0.0148035
0.998496,0.00150355
0.999245,0.000755338
0.00281501,0.997185
0.989087,0.0109134
6.48702e-08,1.0
3.10261e-07,1.0
8.43344e-05,0.999916
2.1602e-23,1.0
0.96501,0.0349903
0.959116,0.0408844
0.771835,0.228165
0.958589,0.0414111
0.840661,0.15934
3.7803e-16,1.0
6.60746e-05,0.999934
0.919894,0.0801061
0.908216,0.0917844
0.746578,0.253422
0.592761,0.407239
0.936047,0.0639531
2.1028e-20,1.0
0.877318,0.122682
0.000494234,0.999506
0.818266,0.181734
0.0138474,0.986153
0.991869,0.00813118
1.78077e-10,1.0
0.984329,0.0156714
0.998415,0.00158545
0.364215,0.635785
0.280796,0.719204
0.955871,0.044129
8.17511e-14,1.0
4.93439e-17,1.0
3.72079e-05,0.999963
0.993528,0.00647161
0.992071,0.00792916
0.986779,0.0132208
3.16564e-07,1.0
0.0282621,0.971738
0.931887,0.0681127
0.976654,0.0233463
0.996229,0.00377135
0.484275,0.515725
0.996711,0.00328897
0.853797,0.146203
0.985639,0.0143605
0.758465,0.241535
0.946884,0.0531158
0.987188,0.0128115
1.88791e-13,1.0
0.866317,0.133683
0.998426,0.00157388
3.74579e-08,1.0
0.974618,0.0253821
4.1991e-06,0.999996
0.0,1.0
0.943247,0.0567531
4.41529e-14,1.0
0.0051535,0.994846
0.997153,0.00284744
0.718155,0.281845
9.06981e-09,1.0
0.367827,0.632173
0.934765,0.0652347
1.2582e-23,1.0
0.0443357,0.955664
0.485562,0.514438
0.851197,0.148803
7.76469e-07,0.999999
0.880122,0.119879
0.887499,0.112501
4.27332e-08,1.0
0.209722,0.790278
3.75196e-11,1.0
0.965835,0.0341651
2.96277e-14,1.0
0.760374,0.239626
0.996646,0.003354
0.000113061,0.999887
0.983554,0.0164458
0.97966,0.0203397
0.43502,0.56498
0.946599,0.0534008
0.0127841,0.987216
0.837272,0.162728
1.38904e-11,1.0
0.990572,0.00942797
0.988235,0.0117648
0.000133571,0.999866
0.99509,0.00491038
0.89084,0.10916
0.98531,0.0146899
0.695337,0.304663
0.774267,0.225733
0.641883,0.358117
3.3372e-11,1.0
0.995847,0.00415334
0.758506,0.241494
0.0912001,0.9088
0.955629,0.044371
0.975843,0.0241569
1.76091e-15,1.0
0.97145,0.0285496
0.995159,0.00484094
0.967804,0.032196
0.994447,0.00555276
0.00084427,0.999156
1.54948e-14,1.0
0.816434,0.183566
0.989477,0.0105229
1.87401e-22,1.0
0.019578,0.980422
0.973794,0.0262058
0.167568,0.832432
4.0296e-12,1.0
0.93691,0.06309
0.984415,0.0155855
0.852675,0.147325
8.49633e-08,1.0
0.181282,0.818718
0.0673463,0.932654
0.972584,0.0274159
0.718966,0.281034
0.021355,0.978645
0.281249,0.718751
0.988853,0.0111469
3.92485e-06,0.999996
0.998615,0.00138476
4.58464e-06,0.999995
0.976672,0.0233281
0.99851,0.00149002
1.10944e-12,1.0
0.994236,0.00576443
0.663378,0.336622
0.0671085,0.932891
0.997352,0.00264821
0.989567,0.0104329
0.0164743,0.983526
6.80441e-13,1.0
0.977679,0.0223213
0.671079,0.328921
7.16244e-06,0.999993
0.858551,0.141449
0.958746,0.0412538
0.961656,0.038344
1.70138e-09,1.0
0.991779,0.00822132
0.517043,0.482957
0.000631026,0.999369
0.893608,0.106392
3.04251e-08,1.0
8.0328e-07,0.999999
7.8616e-12,1.0
0.998822,0.00117847
0.81682,0.18318
0.988063,0.0119371
0.697598,0.302402
0.643987,0.356013
1.88698e-07,1.0
9.53261e-07,0.999999
0.000586012,0.999414
0.203606,0.796394
0.594168,0.405832
0.98149,0.0185095
0.933323,0.0666768
0.766797,0.233203
0.000238616,0.999761
0.949379,0.0506207
0.952711,0.0472893
2.12721e-07,1.0
0.98166,0.0183398
0.977233,0.0227674
0.817708,0.182291
3.81236e-07,1.0
0.906406,0.0935938
0.00652626,0.993474
2.29022e-12,1.0
0.854495,0.145505
0.996091,0.00390861
0.000891955,0.999108
0.980947,0.0190529
0.786672,0.213328
0.61989,0.38011
0.598673,0.401327
0.564262,0.435738
0.034557,0.965443
0.523476,0.476524
8.33814e-18,1.0
0.995326,0.00467371
0.990228,0.00977158
0.998348,0.00165155
0.980757,0.0192434
0.972348,0.0276523
0.993486,0.00651375
0.00235308,0.997647
0.0740163,0.925984
0.983065,0.0169348
0.997386,0.00261425
0.990013,0.00998669
0.898446,0.101554
0.988408,0.0115924
0.996638,0.00336241
0.695539,0.304461
0.998935,0.00106495
0.993561,0.00643914
0.994996,0.00500397
0.967606,0.0323936
0.914653,0.0853467
0.427212,0.572788
0.0263614,0.973639
0.152601,0.847399
0.202292,0.797708
6.65006e-10,1.0
8.70606e-26,1.0
0.996063,0.0039368
0.000832402,0.999168
0.00030283,0.999697
1.83388e-05,0.999982
1.9572e-08,1.0
0.385014,0.614986
0.983807,0.0161928
5.69017e-06,0.999994
0.00024652,0.999754
8.31397e-18,1.0
0.219648,0.780352
0.0327806,0.967219
0.344155,0.655845
0.973276,0.0267237
5.99854e-20,1.0
1.02248e-06,0.999999
0.622934,0.377066
0.761638,0.238362
3.23236e-05,0.999968
0.938414,0.0615855
0.985848,0.0141522
0.942302,0.0576983
6.12217e-07,0.999999
0.342684,0.657316
0.987273,0.0127272
0.997389,0.0026114
3.06159e-10,1.0
0.0,1.0
0.830208,0.169792
0.856913,0.143087
1.57758e-09,1.0
1.63977e-34,1.0
0.00258603,0.997414
0.99373,0.00626972
0.539101,0.460899
0.960858,0.0391419
0.962514,0.0374863
3.51888e-16,1.0
0.99563,0.00437029
1.21214e-05,0.999988
0.75833,0.24167
0.565571,0.434429
0.0976719,0.902328
0.902032,0.0979678
1.42622e-08,1.0
0.228226,0.771774
0.861255,0.138745
0.917743,0.0822573
0.998142,0.00185812
0.995686,0.00431376
0.99637,0.00363006
0.968279,0.0317207
0.000221421,0.999779
1.79431e-26,1.0
6.21143e-06,0.999994
0.993162,0.00683759
0.936175,0.0638251
1.47481e-12,1.0
2.6642e-06,0.999997
0.0,1.0
0.116753,0.883247
0.019379,0.980621
0.000183988,0.999816
2.34824e-11,1.0
0.0478627,0.952137
0.990645,0.00935486
0.987,0.0130003
0.997955,0.00204517
9.40836e-14,1.0
0.872538,0.127462
0.974235,0.0257646
0.993119,0.00688077
0.941016,0.0589837
0.997544,0.00245568
0.907487,0.0925126
4.13239e-11,1.0
0.980995,0.0190045
2.08034e-09,1.0
0.446698,0.553302
0.0283767,0.971623
0.976613,0.0233868
0.971268,0.0287318
1.03316e-05,0.99999
0.00104178,0.998958
0.993681,0.00631858
0.927116,0.0728839
0.988685,0.0113147
0.92534,0.0746596
0.00253227,0.997468
0.987137,0.0128634
0.98257,0.0174297
0.97648,0.0235198
8.56778e-10,1.0
0.475988,0.524012
0.974316,0.0256837
0.990124,0.00987611
0.776849,0.223151
5.32163e-09,1.0
2.92796e-11,1.0
0.99866,0.00133992
2.08626e-07,1.0
2.19378e-14,1.0
0.00010261,0.999897
0.98976,0.0102397
0.782171,0.217829
1.29714e-05,0.999987
0.675652,0.324348
0.00298802,0.997012
9.54383e-07,0.999999
0.152079,0.847921
0.0970881,0.902912
0.995883,0.00411711
0.00760155,0.992398
0.995929,0.00407145
0.010333,0.989667
0.787549,0.212451
9.8175e-14,1.0
4.04846e-05,0.999959
4.58454e-07,1.0
0.000380724,0.999619
0.321378,0.678622
0.778053,0.221947
3.09591e-08,1.0
1.0419e-14,1.0
0.996825,0.00317507
0.999178,0.00082221
0.866725,0.133275
1.49435e-17,1.0
0.906542,0.0934576
0.993752,0.00624787
0.0010468,0.998953
0.950036,0.0499638
0.99925,0.000749465
0.980221,0.0197794
0.144037,0.855963
1.64128e-07,1.0
5.26559e-09,1.0
0.780732,0.219268
0.972811,0.0271894
1.03803e-23,1.0
1.06264e-05,0.999989
0.908089,0.0919115
3.08135e-21,1.0
3.37292e-06,0.999997
0.156974,0.843026
0.915638,0.0843624
0.995213,0.00478728
0.866768,0.133232
0.339885,0.660115
0.685096,0.314904
1.74549e-07,1.0
0.998957,0.00104303
0.973557,0.0264432
4.68458e-17,1.0
0.947469,0.0525307
3.00729e-31,1.0
0.981082,0.0189181
3.60927e-13,1.0
0.978002,0.0219976
0.993727,0.00627285
1.14308e-32,1.0
0.908155,0.0918446
1.31398e-09,1.0
0.790637,0.209363
0.897958,0.102042
3.29634e-15,1.0
0.928953,0.0710474
0.985378,0.0146216
0.955165,0.0448347
0.964445,0.0355555
0.993893,0.00610647
1.32948e-10,1.0
0.989449,0.0105509
0.987616,0.0123844
0.955639,0.044361
0.624145,0.375855
0.677044,0.322956
1.3154e-20,1.0
0.927494,0.0725055
0.957931,0.0420694
1.0254e-07,1.0
4.68157e-12,1.0
2.02788e-05,0.99998
0.967692,0.0323075
0.991687,0.00831347
0.934958,0.0650425
0.712972,0.287028
0.910875,0.0891247
0.997562,0.00243804
0.000333679,0.999666
0.998416,0.00158368
0.944277,0.0557229
0.000550713,0.999449
2.54486e-09,1.0
0.998903,0.00109681
0.991212,0.00878796
0.996939,0.00306076
0.983298,0.0167022
0.625049,0.37495
0.995582,0.00441795
2.89184e-07,1.0
2.44144e-07,1.0
0.991754,0.00824644
0.9979,0.00210003
0.0147132,0.985287
0.978999,0.0210006
0.989684,0.0103163
0.000205331,0.999795
0.884322,0.115678
0.979975,0.0200253
0.939534,0.0604663
0.994872,0.00512796
0.0326702,0.96733
0.00021037,0.99979
0.962095,0.0379048
0.938936,0.0610644
0.885871,0.114129
0.937438,0.0625621
0.00636196,0.993638
0.00164896,0.998351
0.00108825,0.998912
0.0,1.0
0.953023,0.0469771
6.97524e-25,1.0
0.948582,0.0514178
0.920953,0.0790472
0.12346,0.87654
4.32383e-06,0.999996
0.000221351,0.999779
0.000377272,0.999623
4.88998e-15,1.0
1.09937e-21,1.0
0.993055,0.00694508
0.0250163,0.974984
0.817621,0.182379
0.0082689,0.991731
0.737714,0.262286
0.998059,0.00194083
0.627188,0.372812
0.981587,0.0184134
0.968054,0.0319458
0.00379227,0.996208
0.977656,0.0223443
1.72942e-31,1.0
0.995961,0.00403923
0.802354,0.197647
2.1186e-13,1.0
0.00122041,0.99878
0.986785,0.0132148
0.991019,0.00898116
0.99567,0.00433044
1.55697e-11,1.0
8.23585e-24,1.0
0.935876,0.0641243
0.954373,0.0456272
0.923642,0.0763578
0.921883,0.0781171
0.00263706,0.997363
0.953143,0.0468571
0.995697,0.00430281
2.84616e-05,0.999972
0.789399,0.210601
1.30587e-08,1.0
0.985538,0.0144622
0.927813,0.0721868
0.20742,0.79258
1.06245e-09,1.0
0.00786707,0.992133
0.999237,0.000763349
0.934546,0.0654544
0.997844,0.00215638
0.856421,0.143579
0.952568,0.0474321
0.983475,0.0165248
0.988154,0.0118456
0.218154,0.781846
0.494582,0.505418
0.812605,0.187395
0.996124,0.0038764
0.983481,0.0165195
0.030022,0.969978
0.977358,0.0226416
0.987607,0.0123927
0.995857,0.00414254
0.00149784,0.998502
0.985755,0.0142448
0.886536,0.113464
0.256199,0.743801
0.000180633,0.999819
0.997957,0.00204318
1.69508e-22,1.0
0.9983,0.00170016
0.819505,0.180495
0.247421,0.752579
1.09002e-08,1.0
1.54612e-11,1.0
0.0502379,0.949762
0.936313,0.063687
0.990492,0.00950787
0.998204,0.0017959
6.40489e-10,1.0
0.489225,0.510775
0.995095,0.00490492
0.999249,0.000751232
0.963256,0.0367442
0.974061,0.0259391
1.93822e-12,1.0
1.61873e-17,1.0
0.996812,0.00318829
0.00353593,0.996464
0.99816,0.00184046
0.993579,0.00642072
0.850935,0.149065
9.05201e-06,0.999991
0.995326,0.00467442
0.0823471,0.917653
0.997351,0.00264878
0.943506,0.0564944
0.959481,0.040519
0.994556,0.00544418
5.21473e-06,0.999995
0.99441,0.00558965
0.968636,0.0313643
0.984898,0.0151019
0.985621,0.0143791
0.998846,0.00115405
