1.0,1.38685e-21
1.0,0.0
1.0,9.65919e-31
1.0,5.19513e-35
1.0,5.25644e-17
1.0,2.95388e-34
1.0,0.0
1.0,4.76156e-20
1.0,1.72916e-16
1.0,0.0
1.0,1.68319e-19
1.0,2.26864e-38
1.0,6.169e-26
1.0,0.0
1.0,1.62475e-17
1.0,2.71087e-37
1.0,2.0477e-22
1.0,8.18807e-19
1.0,1.19125e-17
1.0,6.72999e-24
1.0,8.57509e-22
1.0,0.0
1.0,1.04137e-17
1.0,3.16414e-17
1.0,0.0
1.0,0.0
1.0,6.20784e-23
1.0,0.0
1.0,4.05886e-20
1.0,1.59516e-25
1.0,8.64292e-26
1.0,5.36866e-26
1.0,7.51244e-22
1.0,0.0
1.0,0.0
1.0,0.0
1.0,4.00274e-28
1.0,4.95744e-20
1.0,3.16428e-33
1.0,7.06059e-23
1.0,3.23381e-26
1.0,2.82941e-21
1.0,2.56242e-38
1.0,0.0
1.0,3.32588e-27
1.0,1.01525e-24
1.0,3.66769e-37
1.0,0.0
1.0,1.64726e-26
1.0,3.91955e-38
1.0,5.09188e-24
1.0,1.3665e-22
1.0,0.0
1.0,0.0
1.0,0.0
1.0,0.0
1.0,1.83211e-18
1.0,0.0
1.0,0.0
1.0,1.0783e-22
1.0,2.96021e-19
1.0,2.22694e-19
1.0,5.46014e-24
1.0,5.98573e-24
1.0,6.52148e-18
1.0,7.43551e-24
1.0,0.0
1.0,7.79398e-25
1.0,0.0
1.0,1.13041e-24
1.0,4.22395e-29
1.0,4.66606e-19
1.0,2.78738e-26
1.0,4.36748e-24
1.0,0.0
1.0,5.801e-29
1.0,0.0
1.0,0.0
1.0,0.0
1.0,7.01571e-19
1.0,1.59073e-34
1.0,1.33285e-19
1.0,1.00325e-27
1.0,0.0
1.0,1.86264e-32
1.0,1.78234e-27
1.0,9.68197e-26
1.0,1.13126e-24
1.0,2.20797e-18
1.0,2.48316e-16
1.0,0.0
1.0,0.0
1.0,2.99446e-21
1.0,4.84974e-19
1.0,0.0
1.0,1.71981e-35
1.0,2.02356e-37
1.0,3.55405e-18
1.0,2.02591e-22
1.0,2.79633e-26
1.0,0.0
1.0,1.30844e-35
1.0,1.01021e-31
1.0,1.38156e-24
1.0,4.82472e-22
1.0,1.31659e-17
1.0,9.61965e-18
1.0,2.0106e-19
1.0,3.71444e-38
1.0,1.19167e-27
1.0,1.41743e-20
1.0,1.14829e-21
1.0,3.62501e-21
1.0,2.24413e-20
1.0,0.0
1.0,0.0
1.0,1.43637e-26
1.0,8.03752e-25
1.0,8.27863e-23
1.0,7.42211e-23
1.0,1.05781e-18
1.0,9.16799e-29
1.0,3.21553e-24
1.0,1.31641e-28
1.0,2.4718e-21
1.0,2.21552e-19
1.0,0.0
1.0,1.21336e-20
1.0,8.24904e-20
1.0,0.0
1.0,3.78195e-19
1.0,9.4924e-16
1.0,3.32218e-20
1.0,1.15688e-19
1.0,0.0
1.0,1.30071e-24
1.0,6.13724e-19
1.0,0.0
1.0,1.54751e-24
1.0,2.34126e-21
1.0,6.61393e-17
1.0,0.0
1.0,0.0
1.0,1.49608e-23
1.0,5.05928e-21
1.0,1.73405e-37
1.0,1.47335e-32
1.0,3.61543e-19
1.0,1.62786e-27
1.0,7.35366e-29
1.0,4.18331e-22
1.0,5.86587e-21
1.0,0.0
1.0,5.94713e-31
1.0,7.82574e-23
1.0,3.20789e-25
1.0,1.23928e-19
1.0,8.26645e-30
1.0,1.50804e-31
1.0,4.34694e-26
1.0,8.62907e-28
1.0,1.09684e-19
1.0,0.0
1.0,4.71664e-38
1.0,3.67655e-22
1.0,0.0
1.0,1.0036e-20
1.0,2.72284e-20
1.0,0.0
1.0,0.0
1.0,1.22142e-29
1.0,6.47429e-25
1.0,3.33209e-21
1.0,7.28537e-18
1.0,1.18777e-19
1.0,1.95452e-28
1.0,2.26506e-18
1.0,0.0
1.0,0.0
1.0,7.89994e-32
1.0,1.36774e-29
1.0,2.96448e-28
1.0,7.89181e-23
1.0,2.1689e-29
1.0,3.66724e-28
1.0,3.00513e-17
1.0,0.0
1.0,4.35615e-30
1.0,1.13186e-24
1.0,8.30163e-22
1.0,8.15784e-24
1.0,4.0044e-22
1.0,6.67804e-18
1.0,0.0
1.0,0.0
1.0,8.63095e-29
1.0,2.53297e-19
1.0,1.31933e-35
1.0,6.93316e-18
1.0,7.55158e-20
1.0,6.82562e-32
1.0,4.44653e-18
1.0,7.27846e-33
1.0,1.79783e-29
1.0,9.38345e-26
1.0,8.16616e-22
1.0,1.32723e-20
1.0,5.31403e-28
1.0,8.32253e-21
1.0,1.15556e-21
1.0,0.0
1.0,6.01213e-19
1.0,5.09987e-31
1.0,7.56945e-22
1.0,0.0
1.0,4.86678e-38
1.0,0.0
1.0,0.0
1.0,0.0
1.0,2.04446e-27
1.0,5.41983e-20
1.0,6.74922e-17
1.0,0.0
1.0,1.28695e-33
1.0,5.52151e-19
1.0,0.0
1.0,0.0
1.0,0.0
1.0,2.41884e-33
1.0,0.0
1.0,1.02902e-27
1.0,0.0
1.0,4.00356e-25
1.0,2.55932e-20
1.0,5.80734e-18
1.0,1.76862e-17
1.0,2.02277e-21
1.0,0.0
1.0,3.1431e-30
1.0,3.19706e-19
1.0,2.24212e-16
1.0,0.0
1.0,0.0
1.0,3.53656e-22
1.0,0.0
1.0,4.06226e-18
1.0,0.0
1.0,1.22551e-17
1.0,0.0
1.0,2.41507e-20
1.0,1.7182e-19
1.0,2.20921e-19
1.0,4.55785e-20
1.0,5.38138e-23
1.0,1.59101e-27
1.0,1.62876e-28
1.0,2.8767e-19
1.0,1.08226e-25
1.0,0.0
1.0,2.83302e-18
1.0,0.0
1.0,1.14219e-24
1.0,2.96983e-38
1.0,3.41378e-27
1.0,2.92451e-21
1.0,9.39235e-21
1.0,3.83651e-21
1.0,1.98339e-18
1.0,1.43925e-28
1.0,3.5935e-34
1.0,2.44556e-33
1.0,4.09904e-26
1.0,1.29597e-21
1.0,2.42199e-17
1.0,0.0
1.0,0.0
1.0,3.59403e-35
1.0,2.57022e-19
1.0,1.18016e-18
1.0,0.0
1.0,4.78044e-24
1.0,0.0
1.0,0.0
1.0,2.43576e-19
1.0,2.85708e-17
1.0,1.47483e-27
1.0,1.27239e-21
1.0,6.13334e-38
1.0,1.0003e-34
1.0,6.03732e-35
1.0,7.36176e-25
1.0,0.0
1.0,4.56266e-25
1.0,0.0
1.0,7.21653e-33
1.0,1.21141e-22
1.0,6.60093e-17
1.0,1.43472e-34
1.0,0.0
1.0,4.54833e-20
1.0,2.64382e-33
1.0,1.59127e-17
1.0,0.0
1.0,0.0
1.0,1.33746e-18
1.0,5.82522e-34
1.0,1.15358e-19
1.0,5.02787e-24
1.0,3.67696e-28
1.0,2.63843e-17
1.0,0.0
1.0,0.0
1.0,3.36618e-33
1.0,7.52971e-29
1.0,9.21902e-28
1.0,3.86608e-18
1.0,2.09803e-35
1.0,3.2261e-19
1.0,0.0
1.0,1.96619e-31
1.0,1.67627e-19
1.0,2.269e-18
1.0,3.18328e-18
1.0,0.0
1.0,1.49041e-28
1.0,6.52517e-17
1.0,5.2161e-19
1.0,0.0
1.0,1.03201e-32
1.0,2.19963e-27
1.0,9.49861e-20
1.0,1.15521e-17
1.0,1.68507e-18
1.0,0.0
1.0,3.31602e-24
1.0,3.88377e-24
1.0,1.35106e-19
1.0,2.16835e-37
1.0,5.12768e-26
1.0,2.27121e-18
1.0,0.0
1.0,1.61539e-20
1.0,4.15674e-33
1.0,3.01648e-24
1.0,0.0
1.0,1.15647e-23
1.0,0.0
1.0,1.76365e-29
1.0,1.57421e-17
1.0,2.28887e-21
1.0,0.0
1.0,9.97291e-32
1.0,0.0
1.0,0.0
1.0,0.0
1.0,2.34087e-23
1.0,9.71001e-19
1.0,5.95001e-23
1.0,8.7224e-28
1.0,7.90852e-27
1.0,5.77598e-23
1.0,5.47008e-18
1.0,1.8143e-31
1.0,1.86472e-31
1.0,3.96847e-28
1.0,0.0
1.0,1.18844e-29
1.0,5.12683e-22
1.0,8.36815e-36
1.0,2.5751e-26
1.0,0.0
1.0,9.18329e-21
1.0,8.25934e-19
1.0,2.55042e-19
1.0,3.05145e-21
1.0,0.0
1.0,3.56646e-19
1.0,0.0
1.0,0.0
1.0,0.0
1.0,2.38596e-24
1.0,2.75428e-20
1.0,0.0
1.0,3.33293e-16
1.0,0.0
1.0,1.34484e-30
1.0,1.4917e-23
1.0,6.00106e-21
1.0,5.29008e-21
1.0,0.0
1.0,2.72546e-16
1.0,5.78848e-24
1.0,0.0
1.0,2.27716e-27
1.0,5.95946e-16
1.0,1.57898e-29
1.0,4.43752e-25
1.0,1.66973e-22
1.0,1.1154e-26
1.0,3.24257e-29
1.0,1.02877e-23
1.0,1.5135e-27
1.0,1.47075e-25
1.0,1.46851e-17
1.0,0.0
1.0,3.45482e-35
1.0,0.0
1.0,4.14416e-21
1.0,8.17374e-20
1.0,0.0
1.0,0.0
1.0,0.0
1.0,3.15924e-21
1.0,1.10736e-24
1.0,1.43151e-20
1.0,4.1994e-20
1.0,2.6488e-16
1.0,1.02913e-19
1.0,0.0
1.0,0.0
1.0,7.06634e-21
1.0,9.53535e-28
1.0,1.04322e-26
1.0,1.88763e-26
1.0,7.39847e-23
1.0,1.53722e-17
1.0,3.55041e-23
1.0,4.04561e-24
1.0,0.0
1.0,3.3293e-26
1.0,2.38227e-23
1.0,4.26156e-29
1.0,5.19602e-20
1.0,7.4049e-25
1.0,7.92908e-24
1.0,0.0
1.0,0.0
1.0,1.73366e-27
1.0,1.9745e-24
1.0,5.41161e-18
1.0,7.12388e-19
1.0,8.89629e-24
1.0,2.53407e-23
1.0,1.05103e-18
1.0,9.40412e-18
1.0,0.0
1.0,1.01776e-32
1.0,0.0
1.0,3.71235e-27
1.0,1.39383e-19
1.0,3.73399e-17
1.0,0.0
1.0,0.0
1.0,3.80888e-21
1.0,4.73441e-33
1.0,1.89622e-26
1.0,1.42531e-18
1.0,6.68731e-28
1.0,1.08114e-35
1.0,0.0
1.0,0.0
1.0,1.16639e-23
1.0,1.86787e-33
1.0,2.12763e-29
1.0,1.46367e-27
1.0,0.0
1.0,7.6612e-27
1.0,0.0
1.0,5.7843e-29
1.0,2.60699e-29
1.0,3.42505e-23
1.0,0.0
1.0,1.03015e-34
1.0,2.20396e-20
1.0,3.73965e-32
1.0,0.0
1.0,2.56403e-29
1.0,4.77773e-21
1.0,8.03738e-22
1.0,3.98708e-19
1.0,0.0
1.0,0.0
1.0,0.0
1.0,0.0
1.0,1.14911e-25
1.0,8.54969e-19
1.0,2.45431e-38
1.0,5.78202e-30
1.0,7.08932e-26
1.0,3.19943e-18
1.0,1.10396e-23
1.0,3.589e-24
1.0,1.35724e-18
1.0,6.15583e-20
1.0,9.06603e-18
1.0,3.78994e-32
1.0,9.03506e-19
1.0,7.56805e-19
1.0,9.63841e-19
1.0,1.25918e-18
1.0,0.0
1.0,0.0
1.0,2.10364e-37
1.0,2.7565e-30
1.0,1.1653e-18
1.0,0.0
1.0,7.57969e-20
1.0,3.61984e-23
1.0,1.2898e-21
1.0,2.39151e-35
1.0,7.7016e-21
1.0,0.0
1.0,4.32714e-19
1.0,0.0
1.0,0.0
1.0,1.48031e-18
1.0,0.0
1.0,3.55619e-36
1.0,1.0541e-17
1.0,1.94151e-18
1.0,0.0
1.0,2.45495e-34
1.0,0.0
1.0,6.91153e-35
1.0,1.35348e-30
1.0,0.0
1.0,0.0
1.0,0.0
1.0,5.79385e-30
1.0,9.77388e-20
1.0,0.0
1.0,2.50463e-31
1.0,5.55956e-29
1.0,1.79957e-18
1.0,1.72587e-20
1.0,1.05803e-25
1.0,1.43959e-18
1.0,0.0
1.0,9.67849e-20
1.0,8.41229e-20
1.0,8.35441e-19
1.0,5.63495e-32
1.0,3.73248e-23
1.0,2.39308e-17
1.0,7.05958e-19
1.0,3.21871e-26
1.0,0.0
1.0,0.0
1.0,0.0
1.0,1.21543e-23
1.0,3.70792e-16
1.0,7.84709e-30
1.0,8.56067e-30
1.0,2.14305e-26
1.0,2.59323e-25
1.0,1.35533e-18
1.0,0.0
1.0,0.0
1.0,6.88074e-30
1.0,5.17626e-26
1.0,2.07796e-19
1.0,4.20415e-18
1.0,1.34767e-17
1.0,1.91228e-27
1.0,1.08485e-17
1.0,1.01698e-23
1.0,1.00451e-28
1.0,3.28334e-24
1.0,2.73583e-22
1.0,5.11095e-17
1.0,2.05415e-37
1.0,4.76473e-16
1.0,4.83945e-24
1.0,3.23286e-23
1.0,2.58505e-30
1.0,4.64393e-28
1.0,0.0
1.0,4.5668e-32
1.0,9.60983e-30
1.0,0.0
1.0,5.26861e-21
1.0,7.46939e-17
1.0,1.30835e-18
1.0,0.0
1.0,6.73534e-29
1.0,4.06645e-26
1.0,2.91403e-19
1.0,1.03353e-33
1.0,1.43314e-20
1.0,0.0
1.0,0.0
1.0,0.0
1.0,4.98978e-28
1.0,0.0
1.0,1.01011e-16
1.0,0.0
1.0,1.31192e-30
1.0,1.11182e-20
1.0,5.43153e-34
1.0,3.13666e-32
1.0,7.13577e-33
1.0,5.85958e-22
1.0,1.08461e-17
1.0,1.02298e-18
1.0,3.14149e-25
1.0,0.0
1.0,6.79169e-20
1.0,0.0
1.0,0.0
1.0,5.39824e-37
1.0,3.80025e-32
1.0,0.0
1.0,0.0
1.0,7.65105e-30
1.0,0.0
1.0,0.0
1.0,0.0
1.0,1.71849e-34
1.0,0.0
1.0,3.53876e-28
1.0,3.0983e-17
1.0,1.14763e-16
1.0,2.02202e-17
1.0,5.3304e-31
1.0,1.70292e-19
1.0,3.92615e-19
1.0,0.0
1.0,1.59524e-32
1.0,0.0
1.0,8.50409e-18
1.0,9.67065e-17
1.0,2.89447e-17
1.0,0.0
1.0,6.36369e-32
1.0,0.0
1.0,0.0
1.0,3.86958e-31
1.0,2.22485e-20
1.0,7.94067e-25
1.0,0.0
1.0,0.0
1.0,2.4222e-23
1.0,1.64116e-21
1.0,0.0
1.0,6.17613e-18
1.0,1.78331e-19
1.0,2.41252e-18
1.0,5.80686e-23
1.0,8.3999e-23
1.0,4.06997e-24
1.0,0.0
1.0,2.13912e-26
1.0,1.81157e-16
1.0,0.0
1.0,1.86556e-20
1.0,2.22527e-18
1.0,9.42979e-30
1.0,1.25955e-21
1.0,0.0
1.0,0.0
1.0,2.4649e-29
1.0,6.7961e-26
1.0,1.32348e-21
1.0,0.0
1.0,0.0
1.0,1.43494e-35
1.0,4.70903e-29
1.0,1.55814e-25
1.0,7.17799e-22
1.0,1.44609e-21
1.0,7.89812e-20
1.0,0.0
1.0,0.0
1.0,6.12777e-31
1.0,4.64933e-31
1.0,4.62395e-23
1.0,2.89256e-19
1.0,3.43853e-36
1.0,0.0
1.0,0.0
1.0,2.41313e-29
1.0,0.0
1.0,0.0
1.0,2.23257e-20
1.0,2.00674e-24
1.0,1.12387e-20
1.0,1.87141e-18
1.0,0.0
1.0,2.29725e-25
1.0,0.0
1.0,8.59691e-27
1.0,0.0
1.0,0.0
1.0,6.19405e-24
1.0,1.83704e-23
1.0,2.27367e-23
1.0,0.0
1.0,0.0
1.0,7.38363e-20
1.0,1.9108e-21
1.0,0.0
1.0,7.07327e-35
1.0,0.0
1.0,1.64601e-36
1.0,0.0
1.0,8.92883e-37
1.0,3.44212e-25
1.0,6.09093e-22
1.0,0.0
1.0,0.0
1.0,6.47536e-28
1.0,4.98849e-26
1.0,0.0
1.0,0.0
1.0,1.99607e-33
1.0,2.07519e-31
1.0,2.66704e-26
1.0,3.4899e-26
1.0,9.17628e-21
1.0,7.80588e-18
1.0,0.0
1.0,0.0
1.0,1.84998e-38
1.0,1.06147e-35
1.0,0.0
1.0,1.07972e-17
1.0,6.28027e-18
1.0,9.44766e-19
1.0,8.13394e-17
1.0,0.0
1.0,1.07902e-21
1.0,1.01036e-19
1.0,0.0
1.0,0.0
1.0,0.0
1.0,0.0
1.0,0.0
1.0,2.92682e-29
1.0,4.61696e-19
1.0,0.0
1.0,3.38125e-32
1.0,1.53743e-24
1.0,1.26399e-21
1.0,0.0
1.0,0.0
1.0,5.28534e-21
1.0,0.0
1.0,3.95474e-25
1.0,3.16032e-23
1.0,0.0
1.0,0.0
1.0,1.36406e-27
1.0,2.41111e-18
1.0,1.7473e-34
1.0,4.59666e-21
1.0,3.08849e-27
1.0,1.62954e-23
1.0,3.86632e-28
1.0,1.74429e-17
1.0,7.85099e-21
1.0,1.75868e-20
1.0,0.0
1.0,7.27019e-17
1.0,4.96107e-18
1.0,7.88721e-24
1.0,7.31912e-36
1.0,0.0
1.0,0.0
1.0,1.23755e-20
1.0,5.57148e-19
1.0,7.92396e-34
1.0,4.39721e-25
1.0,0.0
1.0,6.01558e-31
1.0,0.0
1.0,3.06353e-22
1.0,3.59872e-21
1.0,1.40984e-28
1.0,6.49278e-27
1.0,0.0
1.0,4.43115e-24
1.0,0.0
1.0,6.74887e-22
1.0,5.73275e-19
1.0,8.72734e-33
1.0,4.48754e-37
1.0,0.0
1.0,5.88365e-34
1.0,0.0
1.0,0.0
1.0,4.42609e-32
1.0,2.66424e-23
1.0,2.13438e-22
1.0,3.8872e-23
1.0,0.0
1.0,5.82332e-32
1.0,2.9385e-22
1.0,1.67475e-26
1.0,5.11359e-27
1.0,8.51113e-19
1.0,1.53275e-17
1.0,7.34272e-16
1.0,3.83311e-24
1.0,0.0
1.0,0.0
1.0,1.29778e-29
1.0,2.43988e-31
1.0,9.85606e-21
1.0,0.0
1.0,3.79312e-34
1.0,8.99409e-29
1.0,3.95576e-29
1.0,1.18264e-18
1.0,1.04764e-29
1.0,9.19338e-28
1.0,5.74377e-23
1.0,2.2939e-34
1.0,3.05279e-26
1.0,2.21001e-23
1.0,0.0
1.0,4.42501e-18
1.0,1.7825e-20
1.0,6.47309e-21
1.0,0.0
1.0,1.70775e-27
1.0,1.14534e-19
1.0,0.0
1.0,0.0
1.0,0.0
1.0,0.0
1.0,0.0
1.0,6.67549e-20
1.0,3.45105e-19
1.0,0.0
1.0,1.03389e-30
1.0,3.29699e-18
1.0,0.0
1.0,0.0
1.0,2.4493e-26
1.0,3.86719e-24
1.0,2.55651e-23
1.0,0.0
1.0,6.55736e-24
1.0,2.92418e-19
1.0,1.52077e-35
1.0,5.41657e-17
1.0,4.73305e-20
1.0,0.0
1.0,2.89587e-35
1.0,1.88819e-18
1.0,1.11362e-30
1.0,0.0
1.0,3.14128e-24
1.0,6.32631e-18
1.0,0.0
1.0,3.75876e-23
1.0,9.51668e-19
1.0,6.03817e-18
1.0,1.47516e-30
1.0,1.55427e-26
1.0,0.0
1.0,6.27588e-25
1.0,2.70906e-19
1.0,0.0
1.0,0.0
1.0,6.77476e-29
1.0,7.88697e-22
1.0,1.39795e-18
1.0,0.0
1.0,3.03314e-28
1.0,9.65919e-22
1.0,0.0
1.0,1.96584e-25
1.0,0.0
1.0,1.18194e-17
1.0,3.22548e-21
1.0,0.0
1.0,0.0
1.0,2.63827e-21
1.0,0.0
1.0,1.04425e-25
1.0,1.88263e-36
1.0,2.52948e-25
1.0,1.37819e-26
1.0,2.43834e-17
1.0,0.0
1.0,0.0
1.0,4.99215e-27
1.0,0.0
1.0,5.00904e-28
1.0,0.0
1.0,0.0
1.0,1.07834e-19
1.0,0.0
1.0,2.48629e-26
1.0,4.16136e-37
1.0,8.83601e-26
1.0,1.38153e-24
1.0,0.0
1.0,0.0
1.0,0.0
1.0,1.00523e-18
1.0,1.89899e-17
1.0,0.0
1.0,0.0
1.0,0.0
1.0,2.07554e-28
1.0,2.80277e-25
1.0,1.53114e-34
1.0,5.22756e-32
1.0,3.05107e-30
1.0,1.18783e-20
1.0,1.05683e-20
1.0,0.0
1.0,1.36847e-26
1.0,0.0
1.0,4.23242e-24
1.0,5.30509e-21
1.0,0.0
1.0,1.40911e-26
1.0,6.77876e-18
1.0,0.0
1.0,6.9435e-21
1.0,0.0
1.0,1.70339e-16
1.0,3.37367e-25
1.0,2.74114e-23
1.0,0.0
1.0,1.24456e-16
1.0,1.71361e-29
1.0,1.04469e-25
1.0,0.0
1.0,6.65537e-30
1.0,5.18862e-26
1.0,1.76385e-19
1.0,5.98412e-19
1.0,1.07847e-24
1.0,1.52413e-21
1.0,9.01996e-16
1.0,1.0381e-31
1.0,2.76738e-28
1.0,1.90767e-25
1.0,5.51759e-20
1.0,4.59813e-17
1.0,0.0
1.0,0.0
1.0,2.52584e-20
1.0,2.39503e-18
1.0,1.23714e-38
1.0,7.21096e-20
1.0,5.69976e-25
1.0,0.0
1.0,2.0785e-24
1.0,5.71899e-18
1.0,0.0
1.0,0.0
1.0,1.84596e-32
1.0,0.0
1.0,0.0
1.0,7.33161e-22
1.0,6.93808e-18
1.0,0.0
1.0,1.82801e-38
1.0,1.30124e-38
1.0,4.97256e-25
1.0,0.0
1.0,2.18354e-21
1.0,4.64775e-24
1.0,0.0
1.0,0.0
1.0,1.66802e-29
1.0,3.85277e-30
1.0,4.51249e-18
1.0,5.73463e-17
1.0,5.59334e-36
1.0,1.33476e-16
1.0,1.91296e-17
1.0,1.48734e-21
1.0,6.60985e-31
1.0,7.25258e-24
1.0,2.00567e-24
1.0,6.72187e-19
1.0,0.0
1.0,3.1963e-30
1.0,1.80887e-28
1.0,1.74979e-23
1.0,4.6639e-21
1.0,0.0
1.0,1.95576e-30
1.0,8.36642e-29
1.0,2.81328e-24
1.0,7.67782e-20
1.0,1.06219e-18
1.0,0.0
1.0,5.04872e-20
1.0,0.0
1.0,8.96869e-32
1.0,1.11483e-17
1.0,6.79561e-27
1.0,2.23902e-17
1.0,5.51509e-17
1.0,3.85906e-18
1.0,2.53058e-36
1.0,2.25408e-23
1.0,0.0
1.0,6.10075e-37
1.0,8.98869e-26
1.0,5.91922e-18
1.0,1.90495e-18
1.0,1.34117e-17
1.0,1.31521e-25
1.0,6.54016e-19
1.0,8.82865e-28
1.0,0.0
1.0,3.1249e-20
1.0,6.92406e-20
1.0,2.08219e-29
1.0,4.26726e-32
1.0,1.24782e-20
1.0,0.0
1.0,0.0
1.0,7.93133e-28
1.0,7.79263e-26
1.0,3.12621e-21
1.0,0.0
1.0,3.22065e-27
1.0,8.55827e-19
1.0,9.67312e-17
1.0,0.0
1.0,0.0
1.0,0.0
1.0,5.26861e-21
1.0,2.05655e-23
1.0,2.16531e-20
1.0,0.0
1.0,0.0
1.0,4.64387e-26
1.0,0.0
1.0,4.90358e-24
1.0,1.2391e-23
1.0,4.01719e-22
1.0,4.50514e-21
1.0,9.43819e-18
1.0,1.50828e-25
1.0,3.44898e-24
1.0,1.36928e-19
1.0,0.0
1.0,1.38161e-21
1.0,1.66344e-18
1.0,4.22297e-17
1.0,3.31379e-33
1.0,3.27494e-20
1.0,6.33209e-17
1.0,5.60365e-16
1.0,4.62902e-22
1.0,2.37517e-17
1.0,0.0
1.0,0.0
1.0,0.0
1.0,0.0
1.0,0.0
1.0,2.57075e-24
1.0,6.58066e-24
1.0,0.0
1.0,5.58143e-30
1.0,9.18436e-31
1.0,2.83467e-19
1.0,1.01812e-19
1.0,5.09558e-19
1.0,9.84853e-32
1.0,3.56352e-22
1.0,7.33172e-16
1.0,0.0
1.0,0.0
1.0,2.72803e-28
1.0,1.43929e-24
1.0,1.41534e-21
1.0,5.03115e-18
1.0,0.0
1.0,6.6234e-23
1.0,0.0
1.0,5.03128e-29
1.0,5.51185e-16
1.0,1.35985e-16
1.0,1.56469e-35
1.0,0.0
1.0,0.0
1.0,0.0
1.0,6.4858e-21
1.0,4.50155e-20
1.0,4.08807e-16
1.0,2.56567e-29
1.0,8.00625e-24
1.0,1.19048e-23
1.0,3.45977e-18
1.0,0.0
1.0,2.95543e-25
1.0,6.64318e-27
1.0,1.23217e-22
1.0,0.0
1.0,0.0
1.0,1.83386e-18
1.0,7.85309e-28
1.0,0.0
1.0,1.54893e-28
1.0,6.62104e-19
1.0,7.58592e-17
1.0,0.0
1.0,0.0
1.0,0.0
1.0,7.55507e-18
1.0,1.1818e-25
1.0,1.09178e-18
1.0,0.0
1.0,9.6844e-35
1.0,2.00752e-30
1.0,6.47966e-21
1.0,7.90471e-24
1.0,1.79401e-22
1.0,1.04834e-20
1.0,0.0
1.0,4.66065e-28
1.0,9.17825e-28
1.0,0.0
1.0,8.5485e-22
1.0,3.87037e-20
1.0,4.40105e-19
1.0,5.01485e-23
1.0,0.0
1.0,1.42289e-23
1.0,0.0
1.0,1.15662e-26
1.0,8.64566e-18
1.0,5.40034e-17
1.0,0.0
1.0,2.5431e-33
1.0,6.36835e-25
1.0,4.71623e-22
1.0,4.53452e-21
1.0,7.21161e-16
1.0,2.70886e-28
1.0,9.92569e-34
1.0,1.6108e-18
1.0,8.57022e-21
1.0,0.0
1.0,0.0
1.0,3.06596e-18
1.0,3.77186e-35
1.0,8.77996e-19
1.0,3.8623e-19
1.0,1.46123e-17
1.0,0.0
1.0,8.9758e-34
1.0,3.70808e-24
1.0,0.0
1.0,0.0
1.0,5.57306e-23
1.0,1.96702e-17
1.0,0.0
1.0,2.14519e-18
1.0,0.0
1.0,7.53136e-33
1.0,1.15566e-24
1.0,0.0
1.0,5.89997e-32
1.0,6.53391e-23
1.0,2.11736e-24
1.0,4.58505e-36
1.0,1.10978e-21
1.0,3.70767e-19
1.0,0.0
1.0,4.6866e-18
1.0,0.0
1.0,0.0
1.0,1.06292e-35
1.0,6.30854e-22
1.0,1.75833e-19
1.0,1.55216e-32
1.0,2.41403e-19
1.0,1.3296e-28
1.0,2.72704e-17
1.0,2.77439e-18
1.0,9.19483e-18
1.0,4.18683e-26
1.0,6.02387e-24
1.0,9.34197e-21
1.0,3.7927e-19
1.0,2.70913e-16
1.0,0.0
1.0,4.20962e-24
1.0,8.03742e-19
1.0,1.58216e-36
1.0,2.3341e-23
1.0,5.27479e-20
1.0,1.33974e-18
1.0,1.23165e-29
1.0,5.26252e-31
1.0,8.33008e-37
1.0,9.08939e-37
1.0,2.11645e-30
1.0,1.2708e-16
1.0,6.98824e-30
1.0,0.0
1.0,0.0
1.0,0.0
1.0,0.0
1.0,4.1966e-26
1.0,2.33754e-18
1.0,0.0
1.0,0.0
1.0,5.78402e-31
1.0,8.4863e-17
1.0,0.0
1.0,3.31605e-28
1.0,6.91352e-30
1.0,3.08967e-27
1.0,0.0
1.0,0.0
1.0,2.43424e-19
1.0,1.42565e-17
1.0,2.63843e-17
1.0,1.62044e-33
1.0,5.16204e-22
1.0,1.36161e-17
1.0,0.0
1.0,1.03521e-20
1.0,1.99149e-31
1.0,0.0
1.0,8.68952e-22
1.0,0.0
1.0,1.9784e-27
1.0,4.2222e-25
1.0,8.21586e-26
1.0,1.66749e-17
1.0,9.90106e-20
1.0,2.09241e-17
1.0,1.1694e-19
1.0,2.91661e-17
1.0,7.55489e-35
1.0,5.3474e-21
1.0,1.17045e-24
1.0,0.0
1.0,0.0
1.0,2.47306e-27
1.0,1.08117e-25
1.0,3.57757e-19
1.0,4.96841e-23
1.0,7.45711e-20
1.0,1.02777e-32
1.0,2.23299e-20
1.0,6.32223e-21
1.0,6.6382e-23
1.0,0.0
1.0,6.4024e-19
1.0,0.0
1.0,1.61369e-35
1.0,2.78048e-35
1.0,3.26689e-23
1.0,1.97936e-21
1.0,0.0
1.0,2.79012e-18
1.0,3.03082e-23
1.0,3.15949e-22
1.0,5.52992e-17
1.0,0.0
1.0,1.01123e-17
1.0,1.26037e-35
1.0,5.46601e-20
1.0,9.1755e-17
1.0,6.54964e-21
1.0,5.33066e-19
1.0,1.56266e-17
1.0,2.30104e-38
1.0,2.45964e-32
1.0,4.52666e-18
1.0,3.18023e-27
1.0,2.45211e-24
1.0,3.6589e-19
1.0,4.92888e-38
1.0,0.0
1.0,1.5642e-27
1.0,0.0
1.0,0.0
1.0,0.0
1.0,5.1019e-34
1.0,2.50643e-27
1.0,1.03186e-22
1.0,8.36468e-18
1.0,1.669e-27
1.0,9.11616e-22
1.0,1.28981e-21
1.0,0.0
1.0,2.80173e-21
1.0,0.0
1.0,1.86701e-36
1.0,1.35741e-33
1.0,4.20872e-24
1.0,8.16315e-19
1.0,0.0
1.0,5.61073e-31
1.0,7.88978e-28
1.0,4.65968e-34
1.0,1.31398e-33
1.0,2.83922e-29
1.0,8.81846e-20
1.0,4.52877e-26
1.0,0.0
1.0,5.94418e-33
1.0,7.92023e-28
1.0,3.11049e-16
1.0,6.68881e-17
1.0,0.0
1.0,1.89287e-38
1.0,4.71991e-35
1.0,9.70215e-35
1.0,1.66688e-29
1.0,5.38968e-25
1.0,3.17415e-22
1.0,1.11711e-16
1.0,8.00979e-18
1.0,0.0
1.0,1.17749e-24
1.0,1.64131e-26
1.0,0.0
1.0,9.88911e-32
1.0,2.23129e-36
1.0,1.59405e-26
1.0,0.0
1.0,0.0
1.0,5.25679e-28
1.0,9.35453e-27
1.0,1.79991e-25
1.0,2.12113e-27
1.0,1.30794e-24
1.0,2.19622e-21
1.0,0.0
1.0,3.6196e-21
1.0,2.58747e-38
1.0,5.48819e-23
1.0,2.99331e-22
1.0,5.93091e-31
1.0,2.12473e-18
1.0,6.12277e-16
1.0,8.81462e-20
1.0,4.19142e-19
1.0,0.0
1.0,0.0
1.0,0.0
1.0,7.42276e-38
1.0,4.49702e-29
1.0,7.31218e-26
1.0,2.46246e-21
1.0,5.88441e-20
1.0,7.83121e-21
1.0,0.0
1.0,2.58728e-23
1.0,3.96649e-22
1.0,2.73024e-19
1.0,1.49908e-38
1.0,8.62562e-36
1.0,1.23588e-20
1.0,0.0
1.0,1.11269e-24
1.0,3.62443e-21
1.0,1.49198e-17
1.0,1.18904e-33
1.0,3.31143e-30
1.0,8.51605e-23
1.0,8.76462e-21
1.0,2.11892e-25
1.0,0.0
1.0,4.65617e-28
1.0,4.12956e-23
1.0,8.67497e-38
1.0,0.0
1.0,2.1778e-19
1.0,0.0
1.0,2.23571e-24
1.0,5.48625e-36
1.0,4.68315e-19
1.0,1.12466e-18
1.0,1.8537e-35
1.0,2.26803e-24
1.0,3.90983e-19
1.0,0.0
1.0,4.04336e-24
1.0,0.0
1.0,2.33972e-31
1.0,1.73191e-17
1.0,1.25273e-33
1.0,0.0
1.0,2.6654e-24
1.0,0.0
1.0,6.02417e-24
1.0,9.95362e-21
1.0,0.0
1.0,4.20943e-24
1.0,0.0
1.0,1.38882e-29
1.0,6.72729e-18
1.0,1.84888e-23
1.0,1.64068e-23
1.0,1.25198e-26
1.0,6.55156e-24
1.0,0.0
1.0,1.50637e-19
1.0,2.45892e-19
1.0,2.11753e-27
1.0,2.96453e-19
1.0,7.88667e-38
1.0,7.06188e-32
1.0,2.59196e-20
1.0,0.0
1.0,1.48068e-28
1.0,0.0
1.0,0.0
1.0,1.0218e-22
1.0,5.78295e-30
1.0,7.8437e-24
1.0,6.70893e-20
1.0,0.0
1.0,0.0
1.0,1.47253e-24
1.0,3.77023e-19
1.0,1.00338e-17
1.0,1.64143e-24
1.0,1.36402e-23
1.0,2.56457e-19
1.0,1.07474e-20
1.0,0.0
1.0,8.65172e-19
1.0,2.79636e-19
1.0,0.0
1.0,6.34858e-31
1.0,1.0641e-23
1.0,0.0
1.0,0.0
1.0,1.56687e-24
1.0,1.01216e-17
1.0,2.90942e-25
1.0,0.0
1.0,0.0
1.0,0.0
1.0,2.21439e-27
1.0,9.95078e-19
1.0,2.03273e-36
1.0,0.0
1.0,9.31529e-26
1.0,0.0
1.0,3.09017e-17
1.0,0.0
1.0,1.858e-20
1.0,1.49113e-22
1.0,2.57634e-27
1.0,8.76254e-23
1.0,1.25375e-22
1.0,4.43077e-19
1.0,1.3359e-30
1.0,0.0
1.0,0.0
1.0,4.68774e-27
1.0,1.06231e-17
1.0,0.0
1.0,3.72977e-28
1.0,0.0
1.0,3.04244e-24
1.0,4.06779e-23
1.0,7.68494e-20
1.0,1.06684e-17
1.0,0.0
1.0,0.0
1.0,1.19971e-20
1.0,3.10151e-22
1.0,6.701e-21
1.0,0.0
1.0,0.0
1.0,4.72156e-21
1.0,1.78184e-19
1.0,1.43093e-33
1.0,4.31657e-27
1.0,1.42446e-23
1.0,0.0
1.0,4.87565e-35
1.0,1.52316e-18
1.0,0.0
1.0,6.29411e-23
1.0,0.0
1.0,1.59228e-23
1.0,2.50213e-20
1.0,8.41621e-19
1.0,1.05464e-18
1.0,0.0
1.0,2.90514e-20
1.0,5.35706e-20
1.0,0.0
1.0,1.47423e-19
1.0,9.24544e-19
1.0,6.16995e-24
1.0,7.10314e-22
1.0,7.05455e-17
1.0,0.0
1.0,0.0
1.0,7.02338e-17
1.0,8.33114e-19
1.0,0.0
1.0,0.0
1.0,1.32875e-34
1.0,1.30117e-21
1.0,7.77972e-25
1.0,1.36967e-21
1.0,0.0
1.0,9.60282e-33
1.0,1.3978e-29
1.0,1.47732e-21
1.0,0.0
1.0,3.05151e-21
1.0,0.0
1.0,4.60861e-38
1.0,7.07101e-26
1.0,4.47874e-18
1.0,5.23667e-23
1.0,4.07354e-27
1.0,5.41556e-32
1.0,1.47702e-21
1.0,2.21688e-19
1.0,5.42844e-19
1.0,0.0
1.0,4.49842e-33
1.0,9.2191e-19
1.0,1.22778e-17
1.0,1.58443e-18
1.0,6.90046e-35
1.0,1.41376e-19
1.0,0.0
1.0,0.0
1.0,8.60399e-29
1.0,2.51821e-22
1.0,3.20045e-23
1.0,1.48199e-27
1.0,0.0
1.0,0.0
1.0,1.04646e-32
1.0,0.0
1.0,7.34214e-28
1.0,7.78509e-18
1.0,6.25442e-19
1.0,3.87881e-25
1.0,2.51179e-19
1.0,0.0
1.0,1.58735e-27
1.0,8.3853e-23
1.0,7.55182e-23
1.0,0.0
1.0,0.0
1.0,1.74462e-21
1.0,0.0
1.0,1.57436e-30
1.0,1.91794e-25
1.0,1.1167e-23
1.0,3.61574e-22
1.0,2.83028e-22
1.0,3.25084e-17
1.0,0.0
1.0,9.36455e-30
1.0,1.41972e-29
1.0,2.93923e-28
1.0,2.63052e-17
1.0,1.12503e-36
1.0,5.01507e-27
1.0,1.79842e-23
1.0,1.02329e-22
1.0,7.42027e-22
1.0,8.40017e-20
1.0,0.0
1.0,7.47966e-31
1.0,2.36336e-27
1.0,1.44301e-21
1.0,5.79512e-20
1.0,3.16531e-23
1.0,1.13179e-25
1.0,0.0
1.0,2.68187e-22
1.0,2.86532e-34
1.0,2.25463e-31
1.0,1.02867e-27
1.0,5.73594e-26
1.0,5.6457e-20
1.0,7.00877e-16
1.0,0.0
1.0,2.01958e-35
1.0,0.0
1.0,1.07643e-27
1.0,1.30852e-29
1.0,1.65981e-29
1.0,0.0
1.0,1.37662e-17
1.0,0.0
1.0,3.1151e-19
1.0,9.77971e-19
1.0,0.0
1.0,3.81269e-19
1.0,0.0
1.0,6.33158e-25
1.0,4.61221e-18
1.0,7.30883e-28
1.0,0.0
1.0,1.11958e-27
1.0,3.52657e-19
1.0,0.0
1.0,2.19016e-24
1.0,1.73862e-22
1.0,0.0
1.0,7.7072e-33
1.0,1.40999e-24
1.0,1.8773e-21
1.0,0.0
1.0,7.52746e-24
1.0,0.0
1.0,5.47186e-17
1.0,1.16148e-34
1.0,9.46786e-27
1.0,3.63984e-20
1.0,2.75623e-30
1.0,3.21547e-27
1.0,4.62615e-28
1.0,6.08e-22
1.0,4.26834e-21
1.0,2.90096e-30
1.0,5.11393e-19
1.0,5.60718e-38
1.0,0.0
1.0,0.0
1.0,9.1682e-22
1.0,9.64654e-20
1.0,8.53431e-18
1.0,0.0
1.0,6.144e-37
1.0,9.0959e-25
1.0,0.0
1.0,2.92448e-20
1.0,1.15716e-18
1.0,5.77139e-25
1.0,4.5384e-19
1.0,4.59341e-26
1.0,6.21005e-22
1.0,0.0
1.0,0.0
1.0,0.0
1.0,0.0
1.0,2.34529e-35
1.0,2.49127e-33
1.0,3.80906e-22
1.0,2.59134e-17
1.0,0.0
1.0,0.0
1.0,0.0
1.0,0.0
1.0,2.26856e-27
1.0,8.33756e-20
1.0,0.0
1.0,0.0
1.0,0.0
1.0,7.99554e-23
1.0,0.0
1.0,7.5899e-21
1.0,2.78687e-17
1.0,0.0
1.0,1.50775e-20
1.0,0.0
1.0,1.09811e-20
1.0,3.3659e-20
1.0,1.83338e-21
1.0,4.39437e-20
1.0,1.09422e-19
1.0,2.22123e-22
1.0,0.0
1.0,2.95104e-34
1.0,1.25511e-23
1.0,2.86391e-16
1.0,0.0
1.0,3.24081e-22
1.0,1.37016e-23
1.0,3.26008e-36
1.0,9.26776e-19
1.0,0.0
1.0,5.62881e-35
1.0,0.0
1.0,3.98735e-35
1.0,0.0
1.0,0.0
1.0,2.8186e-37
1.0,1.76767e-28
1.0,0.0
1.0,0.0
1.0,0.0
1.0,4.49858e-23
1.0,1.67084e-25
1.0,5.03808e-19
1.0,1.13505e-31
1.0,0.0
1.0,0.0
1.0,1.84681e-31
1.0,1.52347e-28
1.0,2.50196e-25
1.0,2.20007e-17
1.0,4.6508e-18
1.0,8.0478e-24
1.0,1.37998e-18
1.0,6.69108e-24
1.0,0.0
1.0,2.32004e-23
1.0,0.0
1.0,0.0
1.0,8.2113e-21
1.0,3.65266e-16
1.0,0.0
1.0,1.68847e-25
1.0,0.0
1.0,0.0
1.0,3.68233e-35
1.0,3.22756e-22
1.0,1.32001e-19
1.0,9.30506e-18
1.0,0.0
1.0,8.63338e-36
1.0,0.0
1.0,3.99628e-29
1.0,1.25425e-18
1.0,4.35763e-22
1.0,0.0
1.0,6.69166e-19
1.0,0.0
1.0,0.0
1.0,1.98587e-26
1.0,6.35162e-21
1.0,0.0
1.0,1.06124e-26
1.0,0.0
1.0,0.0
1.0,7.11418e-21
1.0,9.65291e-19
1.0,3.22122e-20
1.0,8.81185e-31
1.0,2.36642e-26
1.0,0.0
1.0,0.0
1.0,0.0
1.0,5.51941e-24
1.0,8.71409e-19
1.0,3.63477e-25
1.0,0.0
1.0,0.0
1.0,2.89222e-20
1.0,0.0
1.0,6.10042e-21
1.0,0.0
1.0,0.0
1.0,6.40365e-24
1.0,1.02714e-33
1.0,4.74454e-24
1.0,3.46326e-23
1.0,1.58753e-21
1.0,1.00922e-18
1.0,1.63263e-18
1.0,0.0
1.0,1.04317e-25
1.0,0.0
1.0,6.57434e-17
1.0,8.70552e-20
1.0,0.0
1.0,1.87198e-30
1.0,8.05454e-20
1.0,0.0
1.0,0.0
1.0,9.0712e-31
1.0,1.60817e-21
1.0,1.62073e-19
1.0,3.69083e-29
1.0,5.89778e-19
1.0,4.52958e-27
1.0,2.10321e-21
1.0,2.44877e-17
1.0,1.71704e-28
1.0,0.0
1.0,1.1309e-32
1.0,8.0692e-31
1.0,3.43655e-17
1.0,0.0
1.0,0.0
1.0,2.06461e-31
1.0,0.0
1.0,1.93122e-21
1.0,2.76414e-17
1.0,0.0
1.0,1.64727e-19
1.0,0.0
1.0,1.02427e-22
1.0,1.83724e-19
1.0,3.23039e-25
1.0,9.39294e-18
1.0,0.0
1.0,1.20684e-19
1.0,4.72344e-26
1.0,1.23822e-30
1.0,0.0
1.0,0.0
1.0,1.15151e-23
1.0,0.0
1.0,1.14329e-17
1.0,0.0
1.0,2.22459e-23
1.0,5.54468e-20
1.0,1.80757e-19
1.0,5.29237e-34
1.0,1.4741e-23
1.0,2.69629e-23
1.0,1.87405e-17
1.0,4.68705e-17
1.0,0.0
1.0,0.0
1.0,5.206e-28
1.0,3.33226e-21
1.0,9.18598e-22
1.0,6.03379e-20
1.0,7.53133e-18
1.0,2.25916e-32
1.0,5.67998e-19
1.0,0.0
1.0,1.28519e-17
1.0,3.35587e-35
1.0,2.82979e-19
1.0,0.0
1.0,0.0
1.0,8.51364e-24
1.0,1.08524e-18
1.0,5.85461e-19
1.0,8.94396e-32
1.0,0.0
1.0,1.42644e-31
1.0,1.17405e-23
1.0,0.0
1.0,1.24747e-23
1.0,3.97346e-25
1.0,0.0
1.0,8.96515e-21
1.0,3.67772e-20
1.0,5.39225e-17
1.0,3.67246e-29
1.0,1.99119e-22
1.0,0.0
1.0,0.0
1.0,1.81853e-17
1.0,1.64879e-29
1.0,9.11571e-23
1.0,1.08845e-21
1.0,2.60901e-21
1.0,3.49055e-21
1.0,1.30583e-28
1.0,2.01062e-25
1.0,2.05682e-20
1.0,1.18898e-18
1.0,7.24599e-19
1.0,0.0
1.0,1.39221e-23
1.0,8.57359e-36
1.0,5.30179e-24
1.0,2.2689e-24
1.0,0.0
1.0,1.0871e-32
1.0,1.75796e-16
1.0,0.0
1.0,2.92895e-18
1.0,0.0
1.0,3.79617e-28
1.0,0.0
1.0,0.0
1.0,0.0
1.0,1.15228e-30
1.0,4.14422e-30
1.0,2.14288e-29
1.0,4.49696e-25
1.0,1.064e-22
1.0,1.05751e-19
1.0,1.95469e-25
1.0,0.0
1.0,9.27909e-31
1.0,0.0
1.0,1.61713e-17
1.0,0.0
1.0,2.96254e-38
1.0,0.0
1.0,3.20278e-17
1.0,2.19316e-23
1.0,2.16358e-21
1.0,1.38781e-19
1.0,1.48915e-17
1.0,2.84914e-38
1.0,2.60842e-29
1.0,4.46419e-21
1.0,0.0
1.0,1.42159e-28
1.0,5.63421e-18
1.0,1.14488e-17
1.0,8.01963e-18
1.0,0.0
1.0,3.04636e-28
1.0,5.21036e-24
1.0,1.92268e-21
1.0,0.0
1.0,2.13005e-33
1.0,9.19891e-32
1.0,7.23636e-30
1.0,2.34252e-26
1.0,4.19653e-23
1.0,2.71956e-20
1.0,5.53855e-19
1.0,0.0
1.0,0.0
1.0,3.60633e-25
1.0,5.36866e-20
1.0,1.78279e-17
1.0,0.0
1.0,0.0
1.0,5.16936e-25
1.0,1.40602e-24
1.0,0.0
1.0,7.05316e-23
1.0,0.0
1.0,0.0
1.0,5.88098e-19
1.0,1.01271e-17
1.0,1.31714e-33
1.0,1.64721e-28
1.0,2.38867e-21
1.0,2.68015e-17
1.0,3.7011e-26
1.0,9.77526e-21
1.0,5.55828e-17
1.0,2.52548e-21
1.0,2.12886e-37
1.0,3.66308e-24
1.0,0.0
1.0,0.0
1.0,4.9055e-35
1.0,0.0
1.0,8.87207e-28
1.0,5.54984e-21
1.0,0.0
1.0,4.86681e-24
1.0,2.07346e-17
1.0,0.0
1.0,0.0
1.0,0.0
1.0,3.79157e-25
1.0,6.31312e-28
1.0,7.70561e-25
1.0,3.55732e-23
1.0,0.0
1.0,6.05875e-36
1.0,2.81306e-20
1.0,6.77082e-19
1.0,3.06314e-19
1.0,8.40327e-20
1.0,3.70853e-20
1.0,2.71183e-28
1.0,3.51933e-21
1.0,0.0
1.0,4.5643e-21
1.0,0.0
1.0,9.74685e-29
1.0,8.14716e-18
1.0,1.02843e-28
1.0,1.11008e-24
1.0,2.3519e-23
1.0,1.06898e-30
1.0,6.38607e-20
1.0,5.71721e-22
1.0,2.33228e-24
1.0,5.01286e-22
1.0,3.07742e-32
1.0,9.36348e-22
1.0,1.98068e-19
1.0,0.0
1.0,0.0
1.0,2.30623e-27
1.0,3.79663e-18
1.0,0.0
1.0,4.11184e-30
1.0,5.02477e-32
1.0,2.43449e-32
1.0,1.69483e-18
1.0,3.61109e-25
1.0,4.70953e-21
1.0,0.0
1.0,2.59104e-22
1.0,9.7253e-22
1.0,7.4997e-21
1.0,0.0
1.0,9.86831e-25
1.0,3.24927e-17
1.0,0.0
1.0,4.94371e-26
1.0,0.0
1.0,2.26616e-21
1.0,4.64183e-18
1.0,1.05036e-23
1.0,2.61485e-19
1.0,9.32911e-28
1.0,0.0
1.0,0.0
1.0,2.00448e-17
1.0,0.0
1.0,3.10038e-19
1.0,1.24771e-19
1.0,0.0
1.0,4.232e-17
1.0,0.0
1.0,5.22374e-30
1.0,4.43267e-23
1.0,4.78541e-19
1.0,7.61927e-24
1.0,0.0
1.0,6.67287e-19
1.0,7.7948e-19
1.0,6.94852e-24
1.0,6.57095e-25
1.0,1.95909e-35
1.0,0.0
1.0,2.61315e-18
1.0,1.53605e-32
1.0,0.0
1.0,0.0
1.0,1.26757e-24
1.0,1.20804e-19
1.0,6.91054e-24
1.0,1.0493e-21
1.0,2.78819e-18
1.0,0.0
1.0,0.0
1.0,8.33572e-19
1.0,3.87279e-17
1.0,4.48339e-27
1.0,2.36733e-35
1.0,3.04801e-19
1.0,0.0
1.0,8.69194e-22
1.0,3.03975e-21
1.0,0.0
1.0,3.14803e-26
1.0,6.67715e-27
1.0,1.78177e-22
1.0,0.0
1.0,1.75607e-28
1.0,5.09601e-27
1.0,4.98223e-22
1.0,0.0
1.0,0.0
1.0,0.0
1.0,4.32865e-24
1.0,3.32208e-22
1.0,0.0
1.0,1.58077e-26
1.0,0.0
1.0,3.45092e-19
1.0,1.63253e-35
1.0,2.46747e-18
1.0,6.70742e-20
1.0,2.03344e-18
1.0,4.49687e-18
1.0,0.0
1.0,2.96209e-29
1.0,1.37638e-17
1.0,0.0
1.0,0.0
1.0,2.26895e-20
1.0,2.75216e-33
1.0,1.41855e-20
1.0,1.13933e-19
1.0,1.67822e-20
1.0,2.04512e-36
1.0,2.24013e-35
1.0,0.0
1.0,3.94528e-30
1.0,4.92939e-20
1.0,4.62716e-25
1.0,0.0
1.0,0.0
1.0,1.90043e-26
1.0,1.10229e-20
1.0,1.28763e-28
1.0,4.00809e-19
1.0,6.96405e-23
1.0,1.84937e-30
1.0,7.28001e-27
1.0,2.7002e-31
1.0,1.23655e-24
1.0,4.69692e-19
1.0,0.0
1.0,0.0
1.0,1.89841e-25
1.0,0.0
1.0,3.24818e-19
1.0,8.32876e-35
1.0,0.0
1.0,0.0
1.0,0.0
1.0,4.00274e-37
1.0,0.0
1.0,6.04126e-26
1.0,0.0
1.0,4.79792e-26
1.0,1.46247e-17
1.0,6.57283e-24
1.0,1.11383e-20
1.0,1.79247e-21
1.0,2.72497e-28
1.0,9.5639e-16
1.0,8.64558e-29
1.0,1.33061e-23
1.0,1.2658e-18
1.0,3.68297e-18
1.0,1.84729e-22
1.0,1.16053e-28
1.0,2.33094e-20
1.0,1.28169e-18
1.0,2.6995e-17
1.0,0.0
1.0,4.02951e-20
1.0,3.03871e-18
1.0,2.47742e-21
1.0,2.20007e-17
1.0,3.754e-17
1.0,4.85464e-19
1.0,5.13689e-22
1.0,3.02025e-19
1.0,0.0
1.0,8.99813e-17
1.0,0.0
1.0,6.84838e-37
1.0,4.55662e-23
1.0,3.84368e-24
1.0,1.1194e-24
1.0,0.0
1.0,8.09966e-25
1.0,1.39419e-27
1.0,9.50136e-21
1.0,2.69923e-28
1.0,4.57715e-29
1.0,1.51747e-21
1.0,3.04197e-21
1.0,0.0
1.0,2.36413e-36
1.0,3.73783e-35
1.0,1.13432e-20
1.0,2.94994e-20
1.0,7.4434e-22
1.0,0.0
1.0,1.14083e-33
1.0,3.14389e-19
1.0,0.0
1.0,9.69077e-26
1.0,2.02779e-35
1.0,8.81894e-24
1.0,5.14939e-23
1.0,6.86303e-19
1.0,3.87019e-17
1.0,5.37062e-20
1.0,6.43707e-19
1.0,2.50072e-36
1.0,3.4166e-23
1.0,4.36281e-31
1.0,5.32031e-30
1.0,1.84665e-18
1.0,1.33107e-24
1.0,9.16636e-19
1.0,0.0
1.0,1.87791e-19
1.0,0.0
1.0,0.0
1.0,1.27971e-33
1.0,5.271e-24
1.0,1.6882e-18
1.0,0.0
1.0,6.75593e-27
1.0,2.04946e-23
1.0,0.0
1.0,3.99535e-23
1.0,2.95137e-20
1.0,1.08603e-34
1.0,3.27899e-21
1.0,6.10905e-17
1.0,1.9034e-19
1.0,0.0
1.0,8.07357e-31
1.0,2.34052e-25
1.0,1.07551e-18
1.0,3.10115e-16
1.0,5.11892e-35
1.0,1.0456e-30
1.0,4.30749e-25
1.0,9.28353e-28
1.0,5.27996e-20
1.0,1.21435e-18
1.0,0.0
1.0,3.37166e-29
1.0,2.1472e-25
1.0,6.18828e-26
1.0,2.74837e-23
1.0,0.0
1.0,5.86303e-34
1.0,1.56994e-24
1.0,2.47561e-19
1.0,0.0
1.0,0.0
1.0,0.0
1.0,6.06014e-19
1.0,1.02188e-24
1.0,1.43236e-31
1.0,5.39255e-25
1.0,7.89103e-24
1.0,3.37398e-20
1.0,5.25947e-24
1.0,8.20778e-31
1.0,0.0
1.0,3.04292e-21
1.0,3.5308e-27
1.0,1.98823e-23
1.0,3.36292e-19
1.0,4.83775e-24
1.0,9.55112e-27
1.0,2.02043e-28
1.0,2.70627e-38
1.0,1.55704e-20
1.0,1.75998e-35
1.0,1.61318e-32
1.0,4.52021e-20
1.0,5.04285e-18
1.0,0.0
1.0,1.69313e-37
1.0,1.43103e-31
1.0,9.44349e-17
1.0,1.93415e-24
1.0,5.8464e-33
1.0,8.16489e-20
1.0,4.56855e-16
1.0,1.58947e-22
1.0,4.42895e-22
1.0,2.43878e-29
1.0,6.34767e-20
1.0,0.0
1.0,0.0
1.0,4.32297e-32
1.0,6.99149e-18
1.0,0.0
1.0,1.67937e-28
1.0,1.73403e-29
1.0,6.39511e-29
1.0,1.20638e-24
1.0,1.76671e-22
1.0,5.61658e-24
1.0,0.0
1.0,4.34186e-19
1.0,5.76391e-18
1.0,0.0
1.0,5.34394e-24
1.0,0.0
1.0,0.0
1.0,0.0
1.0,3.20118e-25
1.0,1.43317e-28
1.0,6.27269e-28
1.0,9.92909e-20
1.0,2.82688e-22
1.0,0.0
1.0,1.09894e-20
1.0,1.2826e-29
1.0,4.27725e-31
1.0,1.36303e-23
1.0,5.3875e-17
1.0,1.70489e-28
1.0,0.0
1.0,1.00583e-21
1.0,0.0
1.0,4.2201e-19
1.0,4.31905e-21
1.0,0.0
1.0,3.40497e-30
1.0,0.0
1.0,0.0
1.0,3.81096e-27
1.0,1.67812e-22
1.0,2.59848e-22
1.0,3.43682e-20
1.0,4.94247e-17
1.0,0.0
1.0,0.0
1.0,1.53659e-18
1.0,5.35965e-29
1.0,8.28494e-19
1.0,1.06219e-24
1.0,1.45078e-18
1.0,1.30965e-17
1.0,4.46567e-19
1.0,0.0
1.0,2.51518e-20
1.0,5.5711e-19
1.0,9.53125e-18
1.0,0.0
1.0,0.0
1.0,5.65169e-27
1.0,1.08426e-23
1.0,6.56958e-29
1.0,5.49948e-19
1.0,6.76996e-22
1.0,0.0
1.0,0.0
1.0,3.42582e-17
1.0,3.67368e-19
1.0,0.0
1.0,0.0
1.0,0.0
1.0,3.39776e-31
1.0,4.57809e-17
1.0,0.0
1.0,9.71877e-31
1.0,1.78306e-25
1.0,0.0
1.0,9.45943e-24
1.0,9.03349e-16
1.0,4.30509e-20
1.0,1.97445e-19
1.0,3.43321e-18
1.0,1.22871e-29
1.0,6.04963e-26
1.0,0.0
1.0,2.38671e-38
1.0,9.07915e-19
1.0,0.0
1.0,0.0
1.0,3.30993e-38
1.0,3.95389e-20
1.0,2.93452e-32
1.0,3.46047e-27
1.0,9.10138e-25
1.0,2.46964e-21
1.0,2.72007e-24
1.0,0.0
1.0,6.26414e-33
1.0,1.83981e-27
1.0,4.8659e-25
1.0,4.43875e-19
1.0,1.87241e-16
1.0,4.08277e-30
1.0,0.0
1.0,0.0
1.0,1.80327e-38
1.0,1.99668e-33
1.0,2.48601e-33
1.0,2.86106e-37
1.0,1.67379e-25
1.0,0.0
1.0,1.01903e-33
1.0,1.35264e-20
1.0,1.09952e-20
1.0,0.0
1.0,0.0
1.0,1.07341e-17
1.0,0.0
1.0,4.07799e-33
1.0,9.49743e-32
1.0,3.79186e-20
1.0,1.01423e-31
1.0,9.36286e-23
1.0,7.7479e-20
1.0,2.32658e-17
1.0,2.42553e-18
1.0,5.16712e-36
1.0,2.42381e-26
1.0,2.41438e-24
1.0,6.08205e-18
1.0,1.86065e-20
1.0,1.45958e-21
1.0,5.99102e-21
1.0,4.49629e-18
1.0,8.47717e-19
1.0,3.08584e-26
1.0,3.91846e-18
1.0,1.17687e-30
1.0,2.36546e-20
1.0,3.04728e-19
1.0,1.88084e-23
1.0,2.06281e-18
1.0,8.28258e-23
1.0,1.29214e-24
1.0,1.55255e-28
1.0,3.16237e-23
1.0,0.0
1.0,0.0
1.0,5.03879e-35
1.0,1.57663e-28
1.0,1.39785e-24
1.0,5.61863e-18
1.0,8.17752e-18
1.0,6.51751e-31
1.0,2.81858e-21
1.0,2.3964e-21
1.0,1.78933e-18
1.0,0.0
1.0,4.65074e-30
1.0,1.53719e-22
1.0,3.06102e-21
1.0,2.76471e-24
1.0,1.00105e-16
1.0,6.97529e-18
1.0,0.0
1.0,0.0
1.0,0.0
1.0,1.80399e-20
1.0,2.76383e-17
1.0,0.0
1.0,1.89326e-21
1.0,1.40473e-21
1.0,4.2912e-21
1.0,2.77792e-19
1.0,2.88159e-17
1.0,4.27215e-18
1.0,0.0
1.0,4.88468e-20
1.0,0.0
1.0,0.0
1.0,0.0
1.0,5.88295e-35
1.0,4.05405e-29
1.0,2.59838e-21
1.0,2.8743e-25
1.0,7.82526e-32
1.0,9.54113e-21
1.0,0.0
1.0,2.0198e-22
1.0,0.0
1.0,0.0
1.0,0.0
1.0,2.28764e-25
1.0,4.76384e-17
1.0,0.0
1.0,1.0923e-29
1.0,5.71565e-20
1.0,2.72265e-19
1.0,7.58959e-32
1.0,2.94556e-23
1.0,0.0
1.0,6.97303e-25
1.0,6.69702e-18
1.0,5.10787e-18
1.0,0.0
1.0,2.53284e-25
1.0,1.45321e-19
1.0,7.60937e-23
1.0,0.0
1.0,1.31091e-24
1.0,0.0
1.0,2.51541e-38
1.0,2.10368e-30
1.0,2.02136e-27
1.0,1.69482e-19
1.0,4.0332e-16
1.0,4.87205e-31
1.0,0.0
1.0,4.19678e-32
1.0,4.40022e-16
1.0,2.03584e-23
1.0,0.0
1.0,0.0
1.0,0.0
1.0,5.50731e-34
1.0,1.50767e-26
1.0,3.86457e-20
1.0,2.2038e-21
1.0,0.0
1.0,0.0
1.0,3.62576e-28
1.0,1.58973e-27
1.0,4.65294e-23
1.0,0.0
1.0,0.0
1.0,8.41307e-24
1.0,4.51717e-21
1.0,0.0
1.0,0.0
1.0,1.14534e-23
1.0,0.0
1.0,6.17232e-18
1.0,1.7322e-27
1.0,1.5928e-23
1.0,2.44486e-27
1.0,2.60686e-19
1.0,3.68258e-21
1.0,6.24515e-17
1.0,0.0
1.0,0.0
1.0,3.26252e-18
1.0,1.15002e-17
1.0,1.02478e-33
1.0,4.56037e-26
1.0,2.09133e-21
1.0,1.04481e-22
1.0,0.0
1.0,5.82629e-34
1.0,2.3378e-18
1.0,0.0
1.0,2.43314e-27
1.0,5.36618e-19
1.0,2.39126e-24
1.0,4.04783e-22
1.0,5.446e-22
1.0,1.42193e-20
1.0,0.0
1.0,4.16576e-22
1.0,1.37654e-22
1.0,0.0
1.0,7.61028e-20
1.0,0.0
1.0,9.867e-22
1.0,1.19675e-20
1.0,2.77062e-27
1.0,1.49694e-25
1.0,7.91104e-25
1.0,0.0
1.0,1.22112e-32
1.0,2.91718e-20
1.0,3.80918e-21
1.0,2.83292e-19
1.0,9.37751e-26
1.0,1.40818e-25
1.0,8.65553e-24
1.0,3.59429e-17
1.0,5.78879e-25
1.0,1.97523e-20
1.0,1.92141e-18
1.0,4.17927e-25
1.0,3.43558e-17
1.0,0.0
1.0,9.4718e-20
1.0,1.01738e-18
1.0,4.15634e-19
1.0,0.0
1.0,2.36478e-19
1.0,3.11856e-27
1.0,1.17615e-19
1.0,0.0
1.0,1.0148e-19
1.0,0.0
1.0,2.07353e-21
1.0,3.2763e-19
1.0,0.0
1.0,3.93799e-24
1.0,0.0
1.0,3.11945e-30
1.0,0.0
1.0,1.77745e-27
1.0,1.35585e-21
1.0,4.20678e-27
1.0,8.41731e-24
1.0,2.02498e-19
1.0,2.76671e-20
1.0,3.96431e-20
1.0,1.94182e-18
1.0,5.4556e-19
1.0,2.76963e-20
1.0,1.2271e-17
1.0,0.0
1.0,0.0
1.0,5.18134e-25
1.0,2.11733e-24
1.0,5.49298e-18
1.0,0.0
1.0,1.88722e-19
1.0,3.30801e-16
1.0,2.51533e-17
1.0,0.0
1.0,4.35102e-21
1.0,1.83682e-24
1.0,2.91776e-21
1.0,1.59051e-21
1.0,2.11037e-34
1.0,7.1948e-23
1.0,9.97328e-18
1.0,0.0
1.0,6.31601e-28
1.0,2.43182e-18
1.0,3.71914e-20
1.0,2.69997e-28
1.0,2.78886e-25
1.0,0.0
1.0,4.87981e-21
1.0,7.43574e-29
1.0,1.16392e-24
1.0,0.0
1.0,1.80262e-20
1.0,1.50236e-31
1.0,4.39549e-29
1.0,7.8421e-27
1.0,1.3823e-19
1.0,0.0
1.0,7.73466e-31
1.0,2.0238e-27
1.0,2.18342e-22
1.0,2.27225e-21
1.0,1.51968e-16
1.0,2.52129e-33
1.0,5.33585e-17
1.0,0.0
1.0,8.25741e-22
1.0,1.52891e-19
1.0,0.0
1.0,5.23785e-20
1.0,2.84243e-18
1.0,1.16591e-23
1.0,5.26291e-18
1.0,6.32274e-18
1.0,0.0
1.0,2.39959e-26
1.0,3.06015e-21
1.0,1.64395e-18
1.0,2.44883e-26
1.0,2.34198e-18
1.0,0.0
1.0,2.91332e-17
1.0,8.7486e-19
1.0,2.16849e-17
1.0,2.15574e-20
1.0,7.28999e-19
1.0,1.946e-17
1.0,0.0
1.0,0.0
1.0,1.04111e-21
1.0,2.17652e-21
1.0,3.06987e-25
1.0,2.5609e-19
1.0,0.0
1.0,1.01645e-29
1.0,2.71751e-18
1.0,0.0
1.0,6.74602e-20
1.0,2.95385e-21
1.0,0.0
1.0,0.0
1.0,1.62004e-24
1.0,2.8528e-25
1.0,3.93969e-21
1.0,0.0
1.0,1.51368e-35
1.0,1.53114e-16
1.0,0.0
1.0,5.53847e-25
1.0,1.75912e-22
1.0,3.72332e-18
1.0,0.0
1.0,0.0
1.0,8.52142e-29
1.0,0.0
1.0,0.0
1.0,0.0
1.0,2.13077e-20
1.0,8.62764e-17
1.0,2.62754e-37
1.0,9.23081e-21
1.0,4.13414e-18
1.0,0.0
1.0,4.11986e-27
1.0,0.0
1.0,0.0
1.0,3.53767e-31
1.0,2.30486e-25
1.0,0.0
1.0,1.72809e-38
1.0,3.9773e-22
1.0,4.03787e-22
1.0,4.21274e-19
1.0,0.0
1.0,0.0
1.0,0.0
1.0,2.34389e-20
1.0,0.0
1.0,8.17714e-35
1.0,5.86099e-30
1.0,2.61168e-24
1.0,0.0
1.0,1.49332e-21
1.0,5.19071e-20
1.0,4.41345e-16
1.0,4.73158e-18
1.0,6.6699e-16
1.0,0.0
1.0,0.0
1.0,0.0
1.0,6.06824e-19
1.0,1.15167e-22
1.0,3.15436e-31
1.0,2.91879e-21
1.0,0.0
1.0,1.07226e-31
1.0,0.0
1.0,2.91756e-37
1.0,5.25325e-16
1.0,0.0
1.0,8.13429e-31
1.0,2.88165e-24
1.0,9.55392e-35
1.0,1.50345e-23
1.0,8.21183e-22
1.0,6.15204e-31
1.0,2.38831e-17
1.0,0.0
1.0,4.14139e-24
1.0,0.0
1.0,3.24863e-29
1.0,9.20619e-20
1.0,0.0
1.0,4.91903e-24
1.0,0.0
1.0,1.87163e-35
1.0,3.34299e-17
1.0,1.41137e-29
1.0,0.0
1.0,5.17171e-25
1.0,6.84103e-24
1.0,0.0
1.0,2.71511e-35
1.0,2.16657e-27
1.0,8.60428e-23
1.0,1.5406e-37
1.0,8.195e-35
1.0,4.67852e-34
1.0,1.07029e-21
1.0,0.0
1.0,0.0
1.0,0.0
1.0,0.0
1.0,6.40401e-19
1.0,1.6799e-28
1.0,1.69226e-27
1.0,0.0
1.0,0.0
1.0,3.55784e-29
1.0,1.60249e-19
1.0,5.84623e-29
1.0,1.79945e-20
1.0,1.96148e-20
1.0,1.87009e-37
1.0,1.26575e-23
1.0,1.86728e-22
1.0,0.0
1.0,0.0
1.0,2.02366e-26
1.0,1.58041e-24
1.0,2.0979e-18
1.0,5.5602e-20
1.0,2.41245e-17
1.0,1.29813e-37
1.0,2.74391e-21
1.0,4.88883e-19
1.0,9.59341e-25
1.0,5.45619e-21
1.0,1.73505e-28
1.0,1.01539e-19
1.0,0.0
1.0,0.0
1.0,1.89069e-22
1.0,8.48877e-22
1.0,2.95987e-30
1.0,1.03784e-24
1.0,4.10785e-20
1.0,1.71995e-24
1.0,1.30532e-22
1.0,4.97834e-18
1.0,5.79752e-18
1.0,0.0
1.0,7.94774e-29
1.0,1.2962e-28
1.0,0.0
1.0,3.40604e-31
1.0,2.51551e-23
1.0,2.68147e-22
1.0,1.64233e-16
1.0,1.26876e-17
1.0,0.0
1.0,5.78542e-23
1.0,1.02926e-19
1.0,1.46756e-30
1.0,3.33631e-20
1.0,0.0
1.0,1.99281e-23
1.0,1.03069e-23
1.0,1.12698e-24
1.0,8.52081e-19
1.0,0.0
1.0,4.52786e-25
1.0,2.21224e-24
1.0,3.24587e-23
1.0,0.0
1.0,3.40209e-35
1.0,9.84131e-19
1.0,4.1031e-25
1.0,1.83344e-34
1.0,1.78278e-26
1.0,4.03517e-19
1.0,1.03246e-22
1.0,2.57452e-22
1.0,6.10802e-19
1.0,4.81807e-30
1.0,2.29086e-30
1.0,1.12779e-27
1.0,2.98923e-21
1.0,1.70229e-20
1.0,1.16266e-17
1.0,5.64361e-20
1.0,3.57007e-26
1.0,1.45235e-19
1.0,9.92402e-18
1.0,1.18965e-23
1.0,5.17745e-19
1.0,0.0
1.0,4.89703e-27
1.0,1.2874e-23
1.0,1.10462e-20
1.0,2.2321e-21
1.0,2.72759e-21
1.0,3.15495e-21
1.0,0.0
1.0,0.0
1.0,2.96629e-17
1.0,3.79924e-35
1.0,8.77945e-20
1.0,1.82522e-16
1.0,1.77763e-17
1.0,1.15083e-18
1.0,7.08608e-24
1.0,2.77913e-32
1.0,1.43631e-17
1.0,4.57201e-35
1.0,0.0
1.0,0.0
1.0,0.0
1.0,2.51668e-32
1.0,2.09533e-28
1.0,0.0
1.0,0.0
1.0,2.44447e-21
1.0,8.93604e-18
1.0,0.0
1.0,0.0
1.0,3.27672e-26
1.0,2.29085e-23
1.0,5.02311e-19
1.0,1.60104e-19
1.0,6.27887e-19
1.0,0.0
1.0,0.0
1.0,6.89665e-34
1.0,1.10501e-35
1.0,6.49519e-18
1.0,0.0
1.0,3.2853e-28
1.0,1.8953e-20
1.0,3.44499e-36
1.0,0.0
1.0,0.0
1.0,0.0
1.0,4.0886e-18
1.0,0.0
1.0,2.10604e-23
1.0,1.89919e-28
1.0,3.0949e-19
1.0,3.99959e-23
1.0,1.32637e-30
1.0,2.29815e-25
1.0,2.20724e-22
1.0,0.0
1.0,9.22989e-36
1.0,2.30343e-25
1.0,1.71773e-17
1.0,0.0
1.0,1.8371e-36
1.0,1.40788e-25
1.0,3.42718e-25
1.0,1.57676e-20
1.0,1.29625e-20
1.0,0.0
1.0,1.65874e-32
1.0,1.06243e-20
1.0,3.70463e-32
1.0,3.05128e-23
1.0,0.0
1.0,4.99136e-21
1.0,2.08421e-24
1.0,0.0
1.0,0.0
1.0,6.52214e-23
1.0,3.20122e-20
1.0,2.71679e-28
1.0,1.1924e-30
1.0,1.72656e-28
1.0,5.54819e-19
1.0,2.95209e-35
1.0,4.01097e-31
1.0,2.63709e-28
1.0,8.75883e-24
1.0,0.0
1.0,3.47592e-24
1.0,3.38068e-21
1.0,5.95921e-25
1.0,2.16272e-20
1.0,0.0
1.0,3.61769e-30
1.0,0.0
1.0,1.27249e-27
1.0,5.00527e-24
1.0,0.0
1.0,1.97781e-37
1.0,8.29616e-19
1.0,9.25047e-29
1.0,1.85188e-18
1.0,0.0
1.0,0.0
1.0,0.0
1.0,3.5586e-17
1.0,0.0
1.0,0.0
1.0,1.19646e-38
1.0,1.87063e-31
1.0,2.46688e-26
1.0,4.19982e-27
1.0,3.51812e-21
1.0,0.0
1.0,0.0
1.0,2.68884e-34
1.0,1.19559e-33
1.0,1.36544e-31
1.0,2.91236e-19
1.0,0.0
1.0,6.10695e-26
1.0,1.83129e-36
1.0,4.84977e-18
1.0,0.0
1.0,1.87206e-27
1.0,8.21914e-20
1.0,3.11901e-18
1.0,0.0
1.0,2.72997e-29
1.0,5.11572e-21
1.0,1.96861e-20
1.0,1.0905e-16
1.0,6.15996e-28
1.0,0.0
1.0,0.0
1.0,3.00113e-36
1.0,0.0
1.0,0.0
1.0,4.84192e-19
1.0,0.0
1.0,4.56522e-25
1.0,7.38398e-24
1.0,7.54628e-19
1.0,5.12361e-19
1.0,3.43292e-18
1.0,0.0
1.0,0.0
1.0,9.06732e-17
1.0,1.29683e-19
1.0,9.8914e-19
1.0,1.60043e-25
1.0,3.50723e-21
1.0,0.0
1.0,3.89953e-20
1.0,5.87755e-18
1.0,8.63758e-19
1.0,0.0
1.0,0.0
1.0,4.48532e-33
1.0,8.66702e-33
1.0,1.4349e-19
1.0,0.0
1.0,0.0
1.0,1.258e-21
1.0,1.32538e-20
1.0,3.00213e-17
1.0,4.30814e-24
1.0,0.0
1.0,2.37066e-31
1.0,1.8376e-25
1.0,1.73863e-19
1.0,2.25905e-20
1.0,3.05909e-17
1.0,0.0
1.0,0.0
1.0,2.75826e-25
1.0,2.81262e-26
1.0,2.52518e-24
1.0,3.03231e-31
1.0,1.85097e-22
1.0,2.63616e-23
1.0,0.0
1.0,7.10753e-24
1.0,6.38532e-20
1.0,4.58531e-30
1.0,1.76421e-20
1.0,2.57257e-29
1.0,3.81521e-16
1.0,5.40227e-25
1.0,0.0
1.0,2.19786e-23
1.0,1.15612e-32
1.0,3.01968e-23
1.0,0.0
1.0,1.40626e-30
1.0,2.17534e-28
1.0,4.6551e-25
1.0,3.7385e-22
1.0,4.95568e-19
1.0,1.66666e-20
1.0,8.74584e-32
1.0,1.71025e-21
1.0,1.75026e-21
1.0,6.65611e-29
1.0,4.99312e-25
1.0,0.0
1.0,0.0
1.0,0.0
1.0,6.94815e-18
1.0,7.25974e-18
1.0,0.0
1.0,1.58683e-24
1.0,2.21031e-19
1.0,6.10256e-21
1.0,5.37497e-26
1.0,4.77531e-18
1.0,2.83479e-37
1.0,7.04957e-35
1.0,0.0
1.0,9.32565e-24
1.0,6.0088e-22
1.0,3.07427e-19
1.0,0.0
1.0,0.0
1.0,0.0
1.0,0.0
1.0,0.0
1.0,1.47272e-18
1.0,1.36589e-21
1.0,0.0
1.0,5.63146e-34
1.0,1.25694e-20
1.0,2.2786e-18
1.0,4.34497e-20
1.0,1.1639e-31
1.0,2.28258e-23
1.0,2.58213e-18
1.0,5.37504e-24
1.0,6.73027e-16
1.0,1.65509e-30
1.0,2.30476e-26
1.0,2.91516e-25
1.0,1.61953e-21
1.0,4.51585e-20
1.0,0.0
1.0,0.0
1.0,8.06427e-24
1.0,0.0
1.0,1.17844e-24
1.0,1.99904e-22
1.0,0.0
1.0,4.22672e-21
1.0,1.63081e-16
1.0,3.83533e-28
1.0,3.41412e-32
1.0,2.50955e-23
1.0,7.01579e-20
1.0,0.0
1.0,6.53095e-29
1.0,5.06787e-24
1.0,1.79029e-20
1.0,6.13922e-21
1.0,8.74469e-20
1.0,1.02693e-16
1.0,7.88424e-37
1.0,2.41332e-16
1.0,2.56337e-24
1.0,2.78397e-22
1.0,0.0
1.0,3.00834e-30
1.0,4.59548e-24
1.0,1.83264e-30
1.0,3.11075e-20
1.0,8.25039e-28
1.0,4.214e-20
1.0,7.87058e-19
1.0,2.97031e-22
1.0,0.0
1.0,0.0
1.0,0.0
1.0,0.0
1.0,1.06519e-22
1.0,0.0
1.0,6.0552e-25
1.0,1.52888e-34
1.0,2.08028e-34
1.0,4.07222e-18
1.0,0.0
1.0,1.0715e-36
1.0,2.60139e-22
1.0,6.40254e-34
1.0,5.33681e-23
1.0,8.99858e-23
1.0,2.49534e-22
1.0,1.36056e-31
1.0,2.39872e-31
1.0,2.52983e-27
1.0,5.9954e-16
1.0,6.04062e-32
1.0,7.35091e-22
1.0,0.0
1.0,0.0
1.0,6.727e-35
1.0,0.0
1.0,4.73412e-21
1.0,3.11312e-17
1.0,1.26206e-17
1.0,1.69823e-34
1.0,1.14777e-28
1.0,1.05228e-22
1.0,3.01076e-24
1.0,3.74631e-19
1.0,0.0
1.0,0.0
1.0,2.74467e-26
1.0,1.70186e-25
1.0,0.0
1.0,3.07273e-35
1.0,6.64571e-29
1.0,1.0429e-19
1.0,1.17657e-35
1.0,2.49693e-18
1.0,8.99757e-33
1.0,3.20694e-29
1.0,8.47344e-21
1.0,8.31812e-27
1.0,7.37235e-24
1.0,4.8679e-25
1.0,0.0
1.0,7.81943e-26
1.0,2.05946e-17
1.0,0.0
1.0,1.2343e-32
1.0,3.80664e-30
1.0,0.0
1.0,3.11985e-34
1.0,2.60031e-21
1.0,1.47555e-31
1.0,4.76837e-35
1.0,4.77972e-29
1.0,9.69709e-34
1.0,1.05365e-23
1.0,4.18601e-20
1.0,1.14991e-20
1.0,0.0
1.0,2.21124e-20
1.0,4.71767e-17
1.0,0.0
1.0,6.94935e-22
1.0,6.95403e-18
1.0,7.77935e-20
1.0,2.66202e-17
1.0,0.0
1.0,0.0
1.0,0.0
1.0,0.0
1.0,3.60619e-36
1.0,3.48431e-31
1.0,5.21783e-28
1.0,2.83645e-24
1.0,4.29827e-17
1.0,9.5023e-37
1.0,0.0
1.0,3.18144e-37
1.0,1.01068e-22
1.0,1.38168e-32
1.0,1.8888e-32
1.0,1.11401e-21
1.0,1.2915e-18
1.0,0.0
1.0,1.88484e-18
1.0,3.01394e-16
1.0,1.8359e-26
1.0,0.0
1.0,0.0
1.0,0.0
1.0,0.0
1.0,2.5224e-27
1.0,1.75867e-24
1.0,2.79262e-22
1.0,1.0793e-26
1.0,0.0
1.0,0.0
1.0,0.0
1.0,1.89901e-30
1.0,1.43485e-37
1.0,0.0
1.0,1.6442e-21
1.0,0.0
1.0,0.0
1.0,0.0
1.0,1.19341e-37
1.0,1.99288e-20
1.0,1.4704e-19
1.0,5.88141e-30
1.0,4.98802e-25
1.0,1.77559e-23
1.0,6.21899e-20
1.0,0.0
1.0,0.0
1.0,4.01806e-27
1.0,3.54459e-23
1.0,3.93481e-20
1.0,4.13933e-19
1.0,1.9535e-18
1.0,1.46623e-29
1.0,0.0
1.0,4.78579e-28
1.0,3.24028e-23
1.0,0.0
1.0,2.20799e-22
1.0,0.0
1.0,2.68641e-24
1.0,1.24016e-35
1.0,7.57794e-23
1.0,2.25338e-21
1.0,0.0
1.0,0.0
1.0,1.62959e-22
1.0,1.39062e-21
1.0,1.09558e-19
1.0,4.14244e-20
1.0,1.65493e-18
1.0,2.12467e-19
1.0,0.0
1.0,0.0
1.0,0.0
1.0,0.0
1.0,1.27183e-31
1.0,2.33545e-27
1.0,7.27152e-25
1.0,2.56037e-17
1.0,2.20091e-18
1.0,0.0
1.0,4.58687e-29
1.0,3.11251e-25
1.0,1.95291e-17
1.0,1.05217e-19
1.0,1.93409e-18
1.0,1.11256e-22
1.0,0.0
1.0,9.78495e-23
1.0,0.0
1.0,2.4792e-19
1.0,1.55703e-24
1.0,0.0
1.0,1.28483e-22
1.0,0.0
1.0,0.0
1.0,4.76962e-24
1.0,2.94311e-19
1.0,1.63417e-21
1.0,0.0
1.0,4.79968e-30
1.0,2.79496e-26
1.0,1.73676e-26
1.0,1.9943e-16
1.0,2.83898e-33
1.0,4.88915e-20
1.0,2.10761e-29
1.0,0.0
1.0,1.14355e-19
1.0,0.0
1.0,2.61447e-30
1.0,1.40582e-26
1.0,0.0
1.0,2.32277e-38
1.0,0.0
1.0,1.36383e-27
1.0,0.0
1.0,3.05734e-23
1.0,1.96851e-27
1.0,8.67582e-19
1.0,2.87097e-17
1.0,0.0
1.0,8.54902e-38
1.0,3.83469e-23
1.0,2.53233e-20
1.0,6.69008e-18
1.0,0.0
1.0,3.1075e-25
1.0,1.39143e-23
1.0,3.54075e-17
1.0,4.86993e-18
1.0,0.0
1.0,1.59037e-27
1.0,3.24545e-21
1.0,8.20542e-21
1.0,0.0
1.0,8.77584e-27
1.0,5.74644e-22
1.0,0.0
1.0,6.99403e-31
1.0,4.77746e-18
1.0,0.0
1.0,2.59974e-24
1.0,4.93802e-18
1.0,0.0
1.0,0.0
1.0,2.98773e-21
1.0,0.0
1.0,1.2864e-18
1.0,1.09135e-17
1.0,0.0
1.0,8.29779e-30
1.0,3.76412e-20
1.0,8.09537e-18
1.0,1.11419e-34
1.0,9.26014e-31
1.0,4.79234e-26
1.0,1.24083e-16
1.0,5.08756e-36
1.0,2.05778e-30
1.0,3.71566e-17
1.0,0.0
1.0,5.99802e-19
1.0,0.0
1.0,0.0
1.0,4.02577e-21
1.0,7.22603e-18
1.0,1.28407e-19
1.0,0.0
1.0,7.65829e-25
1.0,1.91529e-23
1.0,3.25446e-19
1.0,1.26203e-18
1.0,4.92343e-36
1.0,7.34786e-27
1.0,0.0
1.0,3.31742e-25
1.0,1.77446e-21
1.0,1.29974e-21
1.0,0.0
1.0,5.9377e-24
1.0,2.70824e-18
1.0,1.99913e-27
1.0,0.0
1.0,8.74735e-38
1.0,1.91888e-26
1.0,2.25871e-18
1.0,2.51041e-23
1.0,9.84127e-19
1.0,0.0
1.0,1.11343e-21
1.0,5.67771e-24
1.0,0.0
1.0,1.86197e-27
1.0,2.80338e-28
1.0,9.26062e-26
1.0,5.54012e-25
1.0,8.95111e-27
1.0,0.0
1.0,2.22317e-24
1.0,7.88657e-18
1.0,1.46134e-34
1.0,1.53621e-20
1.0,0.0
1.0,1.69134e-31
1.0,1.02223e-35
1.0,1.72351e-36
1.0,0.0
1.0,1.42244e-26
1.0,1.86472e-21
1.0,3.56144e-35
1.0,1.10901e-21
1.0,2.219e-32
1.0,3.27924e-27
1.0,7.50726e-19
1.0,6.21905e-17
1.0,4.50482e-18
1.0,0.0
1.0,8.91961e-21
1.0,1.697e-20
1.0,1.49702e-26
1.0,0.0
1.0,7.40381e-24
1.0,0.0
1.0,1.23843e-18
1.0,0.0
1.0,1.04683e-27
1.0,2.73171e-18
1.0,0.0
1.0,2.27858e-38
1.0,4.25957e-26
1.0,1.10029e-23
1.0,0.0
1.0,0.0
1.0,4.24572e-21
1.0,0.0
1.0,3.10706e-31
1.0,6.56207e-29
1.0,1.84309e-23
1.0,4.08969e-19
1.0,2.06257e-22
1.0,0.0
1.0,6.06751e-37
1.0,3.03821e-30
1.0,1.0586e-22
1.0,8.34925e-19
1.0,0.0
1.0,1.11319e-30
1.0,0.0
1.0,1.40814e-34
1.0,0.0
1.0,2.18045e-19
1.0,3.88342e-22
1.0,3.59185e-21
1.0,3.67957e-19
1.0,3.82919e-18
1.0,0.0
1.0,4.57291e-28
1.0,8.14139e-25
1.0,3.54967e-19
1.0,6.73845e-35
1.0,3.80019e-20
1.0,0.0
1.0,1.59199e-19
1.0,7.06239e-17
1.0,0.0
1.0,2.93517e-27
1.0,2.08164e-23
1.0,5.62722e-22
1.0,2.49063e-16
1.0,0.0
1.0,4.76373e-22
1.0,1.65919e-18
1.0,0.0
1.0,4.27576e-28
1.0,9.81901e-24
1.0,0.0
1.0,1.52415e-33
1.0,4.17569e-29
1.0,2.11564e-22
1.0,2.23056e-20
1.0,0.0
1.0,2.57842e-33
1.0,1.73998e-26
1.0,0.0
1.0,0.0
1.0,1.48706e-26
1.0,1.33097e-22
1.0,0.0
1.0,0.0
1.0,0.0
1.0,1.73221e-19
1.0,7.55794e-21
1.0,5.21395e-19
1.0,0.0
1.0,0.0
1.0,1.65785e-31
1.0,2.26172e-28
1.0,0.0
1.0,0.0
1.0,0.0
1.0,3.11927e-17
1.0,0.0
1.0,9.27345e-20
1.0,0.0
1.0,6.29227e-29
1.0,0.0
1.0,5.17753e-31
1.0,1.52133e-20
1.0,0.0
1.0,2.35029e-21
1.0,1.54917e-20
1.0,0.0
1.0,4.98191e-28
1.0,2.47633e-19
1.0,6.23409e-16
1.0,1.45539e-22
1.0,5.4834e-20
1.0,1.08082e-17
1.0,0.0
1.0,0.0
1.0,1.16985e-17
1.0,0.0
1.0,0.0
1.0,3.72342e-18
1.0,2.27478e-21
1.0,0.0
1.0,1.69406e-36
1.0,1.12624e-21
1.0,9.52015e-21
1.0,5.00704e-20
1.0,1.03828e-20
1.0,3.71939e-18
1.0,0.0
1.0,1.76518e-33
1.0,1.24794e-28
1.0,4.60212e-19
1.0,8.28105e-18
1.0,9.90923e-26
1.0,0.0
1.0,3.14628e-21
1.0,1.00166e-30
1.0,1.65094e-28
1.0,6.61565e-17
1.0,1.64088e-37
1.0,5.19069e-19
1.0,6.23568e-38
1.0,5.17452e-21
1.0,0.0
1.0,4.91113e-36
1.0,1.79133e-34
1.0,8.71295e-21
1.0,0.0
1.0,5.83403e-34
1.0,9.67862e-18
1.0,0.0
1.0,1.245e-32
1.0,0.0
1.0,2.77295e-30
1.0,2.02717e-36
1.0,2.00626e-25
1.0,1.19743e-29
1.0,1.23094e-28
1.0,1.60996e-20
1.0,2.28086e-19
1.0,0.0
1.0,0.0
1.0,1.44471e-28
1.0,2.94893e-30
1.0,1.76708e-28
1.0,3.22686e-21
1.0,2.88792e-20
1.0,0.0
1.0,1.33274e-30
1.0,2.13736e-28
1.0,4.96787e-27
1.0,0.0
1.0,5.20058e-20
1.0,2.05565e-24
1.0,3.78764e-19
1.0,3.3785e-17
1.0,0.0
1.0,2.03246e-33
1.0,9.98268e-20
1.0,3.95426e-23
1.0,4.10359e-29
1.0,1.49601e-19
1.0,9.12053e-17
1.0,1.59932e-22
1.0,0.0
1.0,2.81444e-22
1.0,1.59968e-19
1.0,0.0
1.0,2.53731e-29
1.0,4.41485e-22
1.0,1.13418e-18
1.0,1.93553e-26
1.0,4.7174e-21
1.0,0.0
1.0,7.8716e-25
1.0,5.07195e-23
1.0,1.58703e-31
1.0,7.70611e-26
1.0,2.44565e-32
1.0,9.77835e-29
1.0,1.24042e-23
1.0,5.55178e-23
1.0,0.0
1.0,5.49542e-22
1.0,0.0
1.0,3.58292e-19
1.0,1.12442e-26
1.0,1.13223e-21
1.0,0.0
1.0,0.0
1.0,0.0
1.0,5.27696e-22
1.0,7.89261e-21
1.0,0.0
1.0,7.00851e-21
1.0,4.04337e-32
1.0,0.0
1.0,0.0
1.0,1.37347e-34
1.0,2.60864e-23
1.0,3.06123e-20
1.0,0.0
1.0,7.65767e-33
1.0,1.97237e-28
1.0,9.77605e-20
1.0,0.0
1.0,1.84635e-34
1.0,3.76686e-30
1.0,4.05152e-23
1.0,8.39639e-18
1.0,2.59744e-38
1.0,1.16159e-28
1.0,0.0
1.0,2.3397e-23
1.0,6.30836e-17
1.0,8.00981e-20
1.0,1.61713e-17
1.0,2.30007e-23
1.0,0.0
1.0,1.80943e-19
1.0,0.0
1.0,0.0
1.0,0.0
1.0,0.0
1.0,2.09681e-20
1.0,3.06426e-20
1.0,1.4183e-17
1.0,2.2481e-36
1.0,1.63235e-17
1.0,5.22329e-20
1.0,9.58874e-23
1.0,0.0
1.0,0.0
1.0,4.51256e-25
1.0,4.21764e-18
1.0,6.55848e-18
1.0,3.88696e-18
1.0,0.0
1.0,1.49565e-33
1.0,8.03178e-27
1.0,2.19757e-20
1.0,5.36307e-18
1.0,4.89445e-36
1.0,1.09249e-30
1.0,2.38764e-20
1.0,5.14608e-20
1.0,5.55293e-21
1.0,0.0
1.0,5.23826e-18
1.0,1.28058e-27
1.0,1.34111e-21
1.0,3.2902e-18
1.0,9.96249e-32
1.0,0.0
1.0,4.15873e-19
1.0,2.01893e-35
1.0,3.79862e-27
1.0,0.0
1.0,7.8453e-27
1.0,1.15411e-18
1.0,7.01331e-33
1.0,4.93507e-17
1.0,2.24792e-23
1.0,1.00324e-23
1.0,1.97539e-38
1.0,0.0
1.0,1.9888e-18
1.0,0.0
1.0,1.60815e-38
1.0,0.0
1.0,2.34781e-20
1.0,3.24531e-29
1.0,8.40132e-19
1.0,6.58165e-30
1.0,0.0
1.0,1.10507e-25
1.0,0.0
1.0,0.0
1.0,4.84322e-20
1.0,1.65847e-34
1.0,3.99651e-37
1.0,1.4445e-36
1.0,0.0
1.0,0.0
1.0,0.0
1.0,2.53139e-27
1.0,3.07624e-25
1.0,4.66094e-18
1.0,4.74133e-21
1.0,7.23519e-18
1.0,1.07306e-22
1.0,0.0
1.0,3.27215e-25
1.0,0.0
1.0,0.0
1.0,3.59367e-30
1.0,1.33518e-21
1.0,4.87898e-18
1.0,1.02463e-18
1.0,4.43842e-22
1.0,6.70962e-21
1.0,3.52642e-18
1.0,1.09259e-17
1.0,0.0
1.0,0.0
1.0,2.75121e-19
1.0,0.0
1.0,4.78489e-33
1.0,1.13045e-25
1.0,7.29646e-21
1.0,5.57271e-19
1.0,3.76671e-37
1.0,7.77974e-35
1.0,1.34409e-32
1.0,8.40623e-19
1.0,2.44248e-19
1.0,6.07097e-18
1.0,1.63552e-17
1.0,3.41158e-22
1.0,1.62468e-18
1.0,0.0
1.0,6.4217e-33
1.0,5.65123e-30
1.0,0.0
1.0,3.26687e-28
1.0,0.0
1.0,7.76908e-31
1.0,1.0676e-24
1.0,5.55368e-25
1.0,1.53985e-18
1.0,2.81844e-19
1.0,8.01215e-31
1.0,6.86049e-28
1.0,9.74628e-24
1.0,2.07111e-19
1.0,1.73788e-20
1.0,0.0
1.0,5.42241e-29
1.0,0.0
1.0,2.28189e-17
1.0,4.16867e-16
1.0,3.46876e-23
1.0,1.05148e-19
1.0,0.0
1.0,0.0
1.0,0.0
1.0,0.0
1.0,1.49379e-20
1.0,1.77758e-17
1.0,8.8697e-28
1.0,6.78375e-26
1.0,0.0
1.0,1.28581e-28
1.0,2.41542e-28
1.0,5.61331e-29
1.0,3.63223e-25
1.0,1.62592e-16
1.0,0.0
1.0,6.31048e-24
1.0,0.0
1.0,4.957e-19
1.0,0.0
1.0,3.08827e-17
1.0,1.05665e-16
1.0,0.0
1.0,0.0
1.0,1.6644e-21
1.0,3.61172e-20
1.0,3.60068e-26
1.0,2.05609e-27
1.0,9.61027e-23
1.0,0.0
1.0,0.0
1.0,7.45828e-18
1.0,5.83961e-30
1.0,3.19707e-26
1.0,8.80658e-23
1.0,1.92817e-22
1.0,1.67837e-21
1.0,1.16781e-19
1.0,8.29023e-31
1.0,5.47534e-28
1.0,0.0
1.0,3.3805e-34
1.0,1.60742e-32
1.0,2.94299e-22
1.0,0.0
1.0,0.0
1.0,0.0
1.0,0.0
1.0,3.72373e-36
1.0,1.00115e-20
1.0,7.3986e-19
1.0,0.0
1.0,0.0
1.0,6.93887e-19
1.0,5.98811e-31
1.0,0.0
1.0,3.27603e-33
1.0,2.10523e-23
1.0,7.33976e-20
1.0,1.02359e-20
1.0,3.97349e-18
1.0,0.0
1.0,0.0
1.0,4.9754e-25
1.0,1.92885e-18
1.0,9.12053e-17
1.0,1.7141e-18
1.0,2.80507e-29
1.0,7.44263e-16
1.0,0.0
1.0,4.7181e-32
1.0,6.95131e-22
1.0,2.99772e-21
1.0,1.15813e-33
1.0,1.31209e-26
1.0,6.37451e-20
1.0,0.0
1.0,0.0
1.0,0.0
1.0,0.0
1.0,0.0
1.0,0.0
1.0,1.69354e-18
1.0,1.47039e-25
1.0,2.2497e-23
1.0,0.0
1.0,1.03276e-21
1.0,3.02666e-21
1.0,5.94624e-18
1.0,1.08544e-16
1.0,3.01173e-34
1.0,0.0
1.0,9.55568e-25
1.0,0.0
1.0,3.64421e-26
1.0,3.88925e-19
1.0,0.0
1.0,0.0
1.0,5.45954e-23
1.0,9.70303e-23
1.0,2.04588e-16
1.0,2.13252e-33
1.0,7.68172e-26
1.0,2.52565e-26
1.0,0.0
1.0,8.55959e-17
1.0,7.18161e-22
1.0,7.70266e-22
1.0,0.0
1.0,5.61113e-19
1.0,0.0
1.0,0.0
1.0,2.13488e-33
1.0,1.86026e-26
1.0,0.0
1.0,1.52739e-22
1.0,0.0
1.0,2.9747e-35
1.0,0.0
1.0,2.30535e-22
1.0,0.0
1.0,3.61229e-19
1.0,5.20178e-18
1.0,9.58196e-19
1.0,8.2293e-29
1.0,3.5907e-21
1.0,4.39558e-19
1.0,0.0
1.0,7.91084e-22
1.0,0.0
1.0,6.85454e-23
1.0,1.19655e-27
1.0,5.54081e-20
1.0,3.72121e-30
1.0,8.81373e-24
1.0,1.68092e-24
1.0,5.71746e-17
1.0,0.0
1.0,3.01511e-20
1.0,0.0
1.0,2.15621e-21
1.0,0.0
1.0,0.0
1.0,6.18145e-29
1.0,1.57645e-22
1.0,1.29783e-19
1.0,1.74393e-24
1.0,1.12347e-17
1.0,6.64289e-30
1.0,1.11223e-35
1.0,1.22423e-18
1.0,0.0
1.0,3.73604e-38
1.0,2.70389e-23
1.0,2.16728e-17
1.0,0.0
1.0,3.96141e-20
1.0,2.24461e-18
1.0,1.01716e-19
1.0,1.26386e-34
1.0,0.0
1.0,5.51873e-31
1.0,1.14775e-22
1.0,3.57269e-25
1.0,0.0
1.0,0.0
1.0,2.23627e-24
1.0,1.86528e-18
1.0,0.0
1.0,5.57752e-35
1.0,2.25325e-20
1.0,7.03606e-18
1.0,5.40367e-18
1.0,0.0
1.0,0.0
1.0,2.29569e-21
1.0,7.93242e-20
1.0,0.0
1.0,5.48685e-30
1.0,7.68978e-27
1.0,2.44217e-21
1.0,0.0
1.0,2.59942e-18
1.0,1.04034e-36
1.0,4.05342e-24
1.0,2.6198e-19
1.0,0.0
1.0,0.0
1.0,1.69065e-16
1.0,0.0
1.0,6.60127e-26
1.0,1.90346e-23
1.0,8.34447e-19
1.0,0.0
1.0,1.985e-21
1.0,2.0001e-26
1.0,1.61565e-18
1.0,1.68804e-26
1.0,5.40566e-23
1.0,0.0
1.0,7.35559e-23
1.0,6.98689e-22
1.0,0.0
1.0,0.0
1.0,2.94754e-37
1.0,2.62701e-31
1.0,4.49861e-22
1.0,1.44917e-20
1.0,1.6036e-20
1.0,1.02232e-16
1.0,0.0
1.0,0.0
1.0,3.52718e-23
1.0,2.22313e-22
1.0,0.0
1.0,3.77816e-21
1.0,5.38024e-20
1.0,1.17701e-35
1.0,2.43231e-27
1.0,1.48894e-17
1.0,7.97087e-17
1.0,0.0
1.0,1.38551e-37
1.0,1.20314e-33
1.0,5.08473e-24
1.0,0.0
1.0,0.0
1.0,5.60343e-20
1.0,1.8525e-16
1.0,0.0
1.0,6.62606e-36
1.0,5.8611e-31
1.0,3.03174e-24
1.0,1.76691e-17
1.0,4.27484e-29
1.0,4.19601e-23
1.0,0.0
1.0,5.84039e-23
1.0,1.57666e-17
1.0,0.0
1.0,8.06157e-38
1.0,5.7494e-22
1.0,0.0
1.0,0.0
1.0,0.0
1.0,1.95885e-35
1.0,8.00176e-23
1.0,9.08734e-23
1.0,2.92161e-30
1.0,7.84345e-19
1.0,2.46628e-37
1.0,2.34704e-38
1.0,1.36729e-32
1.0,1.54167e-27
1.0,1.88446e-27
1.0,1.02574e-22
1.0,2.79972e-19
1.0,2.90973e-26
1.0,2.99837e-20
1.0,3.82544e-18
1.0,0.0
1.0,5.32805e-31
1.0,2.02483e-24
1.0,1.67317e-34
1.0,9.38699e-34
1.0,3.85094e-29
1.0,5.1737e-18
1.0,2.92218e-28
1.0,3.96218e-35
1.0,3.23713e-29
1.0,2.80372e-38
1.0,0.0
1.0,2.63117e-32
1.0,0.0
1.0,9.46407e-20
1.0,4.68487e-29
1.0,2.98689e-16
1.0,0.0
1.0,0.0
1.0,0.0
1.0,8.54356e-34
1.0,9.80935e-31
1.0,4.58532e-24
1.0,1.04279e-19
1.0,1.6815e-18
1.0,0.0
1.0,0.0
1.0,2.30956e-23
1.0,1.66718e-22
1.0,0.0
1.0,1.11505e-35
1.0,2.27684e-18
1.0,0.0
1.0,0.0
1.0,1.99905e-22
1.0,0.0
1.0,0.0
1.0,1.94879e-28
1.0,4.62783e-23
1.0,0.0
1.0,1.0532e-26
1.0,2.92491e-19
1.0,2.02684e-18
1.0,0.0
1.0,2.56201e-33
1.0,1.07116e-21
1.0,2.27043e-23
1.0,6.11717e-17
1.0,0.0
1.0,0.0
1.0,4.1969e-34
1.0,9.17387e-29
1.0,4.70059e-20
1.0,4.97986e-27
1.0,1.57966e-24
1.0,0.0
1.0,0.0
1.0,2.2943e-27
1.0,2.5867e-22
1.0,7.62088e-21
1.0,9.46245e-19
1.0,0.0
1.0,5.02714e-25
1.0,0.0
1.0,0.0
1.0,0.0
1.0,4.27309e-21
1.0,2.02111e-19
1.0,0.0
1.0,2.18827e-27
1.0,1.15402e-19
1.0,0.0
1.0,0.0
1.0,3.00491e-32
1.0,4.58877e-25
1.0,0.0
1.0,2.1199e-31
1.0,5.19042e-17
1.0,0.0
1.0,0.0
1.0,4.45361e-21
1.0,2.6753e-18
1.0,2.65669e-22
1.0,1.35905e-35
1.0,3.76401e-32
1.0,2.02093e-25
1.0,4.80414e-29
1.0,1.41327e-20
1.0,4.12192e-25
1.0,0.0
1.0,7.11674e-18
1.0,0.0
1.0,3.43773e-27
1.0,3.30109e-23
1.0,1.0881e-21
1.0,4.78651e-18
1.0,0.0
1.0,0.0
1.0,5.57893e-38
1.0,0.0
1.0,5.23609e-36
1.0,2.45381e-29
1.0,2.34018e-18
1.0,1.08281e-37
1.0,1.21493e-23
1.0,0.0
1.0,3.58819e-34
1.0,2.935e-33
1.0,1.71127e-25
1.0,1.03582e-17
1.0,0.0
1.0,4.95978e-29
1.0,1.34636e-20
1.0,0.0
1.0,8.7588e-23
1.0,0.0
1.0,1.25078e-32
1.0,1.38825e-24
1.0,3.48856e-17
1.0,3.49203e-25
1.0,2.42704e-18
1.0,1.2593e-22
1.0,2.35877e-18
1.0,0.0
1.0,0.0
1.0,4.17458e-21
1.0,2.45682e-19
1.0,1.85113e-17
1.0,0.0
1.0,1.15772e-28
1.0,0.0
1.0,0.0
1.0,1.01656e-20
1.0,3.15853e-34
1.0,1.0093e-30
1.0,1.2898e-29
1.0,5.08056e-25
1.0,3.12235e-25
1.0,1.36244e-31
1.0,9.5277e-30
1.0,4.06226e-18
1.0,7.26308e-37
1.0,2.22965e-29
1.0,3.37123e-24
1.0,5.00822e-21
1.0,2.32442e-31
1.0,8.17299e-20
1.0,0.0
1.0,0.0
1.0,0.0
1.0,2.43708e-19
1.0,0.0
1.0,1.08162e-26
1.0,1.55887e-21
1.0,2.61084e-21
1.0,7.71577e-16
1.0,3.16985e-36
1.0,1.27255e-29
1.0,5.05563e-24
1.0,9.38453e-17
1.0,0.0
1.0,0.0
1.0,0.0
1.0,7.34984e-38
1.0,5.57935e-33
1.0,7.07229e-30
1.0,3.41864e-26
1.0,1.22083e-24
1.0,9.10325e-19
1.0,1.46768e-21
1.0,0.0
1.0,2.59702e-34
1.0,6.3889e-35
1.0,8.1727e-22
1.0,2.92397e-36
1.0,2.55157e-33
1.0,1.50219e-19
1.0,4.40917e-18
1.0,0.0
1.0,6.04206e-35
1.0,1.88376e-28
1.0,6.30766e-27
1.0,7.38574e-20
1.0,1.31135e-27
1.0,0.0
1.0,0.0
1.0,7.38612e-32
1.0,2.56474e-23
1.0,6.29926e-22
1.0,5.95887e-18
1.0,6.03624e-25
1.0,6.54694e-24
1.0,2.4226e-18
1.0,0.0
1.0,1.03721e-33
1.0,4.62333e-33
1.0,6.86513e-25
1.0,3.00066e-26
1.0,8.14135e-26
1.0,1.40417e-19
1.0,2.09427e-23
1.0,3.91771e-19
1.0,0.0
1.0,6.6114e-35
1.0,3.13189e-29
1.0,1.01805e-27
1.0,7.31447e-27
1.0,9.38316e-18
1.0,8.55374e-25
1.0,0.0
1.0,0.0
1.0,0.0
1.0,0.0
1.0,1.0976e-30
1.0,2.95443e-23
1.0,9.80264e-34
1.0,3.46154e-22
1.0,1.96145e-33
1.0,5.22441e-19
1.0,0.0
1.0,1.46035e-36
1.0,1.72797e-28
1.0,9.0233e-22
1.0,4.04273e-21
1.0,1.6147e-17
1.0,4.71767e-17
1.0,1.40093e-17
1.0,6.02598e-17
1.0,4.76699e-30
1.0,0.0
1.0,3.82516e-26
1.0,3.35316e-24
1.0,7.0013e-19
1.0,0.0
1.0,2.3591e-19
1.0,4.14775e-38
1.0,0.0
1.0,1.49899e-30
1.0,7.02288e-22
1.0,1.24147e-16
1.0,5.08279e-27
1.0,1.80598e-21
1.0,4.41895e-37
1.0,5.9342e-19
1.0,0.0
1.0,6.87097e-18
1.0,4.32417e-17
1.0,6.26591e-17
1.0,0.0
1.0,5.17973e-20
1.0,0.0
1.0,0.0
1.0,1.36404e-36
1.0,1.39504e-38
1.0,6.45192e-18
1.0,2.1598e-26
1.0,1.57623e-17
1.0,1.52703e-34
1.0,5.58818e-28
1.0,0.0
1.0,3.15234e-22
1.0,3.48676e-24
1.0,1.80567e-34
1.0,1.95792e-37
1.0,1.40148e-19
1.0,4.08807e-16
1.0,0.0
1.0,1.14397e-24
1.0,0.0
1.0,8.33175e-25
1.0,1.1146e-34
1.0,1.59982e-19
1.0,0.0
1.0,1.75607e-32
1.0,6.80185e-36
1.0,2.28254e-22
1.0,0.0
1.0,7.81641e-22
1.0,0.0
1.0,5.34087e-38
1.0,9.45688e-21
1.0,3.94803e-27
1.0,0.0
1.0,7.24908e-35
1.0,1.12707e-23
1.0,0.0
1.0,2.59543e-30
1.0,6.41593e-29
1.0,1.40619e-21
1.0,3.62371e-23
1.0,6.6829e-30
1.0,0.0
1.0,1.91561e-29
1.0,1.53165e-28
1.0,3.96117e-16
1.0,4.63737e-27
1.0,7.1076e-25
1.0,0.0
1.0,0.0
1.0,3.67371e-30
1.0,0.0
1.0,8.55588e-29
1.0,1.28952e-17
1.0,0.0
1.0,4.87198e-29
1.0,3.71305e-26
1.0,4.45713e-20
1.0,4.89937e-38
1.0,0.0
1.0,9.79484e-31
1.0,1.5698e-18
1.0,4.5132e-33
1.0,0.0
1.0,1.59051e-26
1.0,1.77693e-25
1.0,5.47302e-18
1.0,6.91121e-28
1.0,0.0
1.0,0.0
1.0,0.0
1.0,7.79204e-26
1.0,1.13194e-24
1.0,2.99575e-20
1.0,9.40153e-20
1.0,4.46544e-23
1.0,6.5463e-21
1.0,0.0
1.0,1.55561e-26
1.0,0.0
1.0,0.0
1.0,6.84629e-28
1.0,3.80402e-26
1.0,1.70126e-25
1.0,6.38295e-23
1.0,4.55579e-31
1.0,9.99459e-22
1.0,6.43391e-24
1.0,4.38142e-28
1.0,8.77206e-19
1.0,0.0
1.0,0.0
1.0,7.56639e-23
1.0,0.0
1.0,0.0
1.0,3.69242e-23
1.0,0.0
1.0,2.97468e-33
1.0,4.26494e-22
1.0,8.68923e-20
1.0,1.1559e-37
1.0,3.24874e-25
1.0,1.01714e-23
1.0,2.33198e-19
1.0,1.30487e-20
1.0,3.58141e-21
1.0,1.95204e-18
1.0,7.90207e-19
1.0,3.44842e-18
1.0,0.0
1.0,2.60042e-23
1.0,0.0
1.0,1.60584e-18
1.0,1.37172e-19
1.0,1.17968e-24
1.0,7.85224e-21
1.0,0.0
1.0,4.4998e-22
1.0,2.28837e-25
1.0,0.0
1.0,7.95684e-38
1.0,6.74826e-18
1.0,4.52872e-19
1.0,0.0
1.0,6.51537e-17
1.0,0.0
1.0,8.20222e-29
1.0,7.31755e-23
1.0,5.36613e-32
1.0,1.40213e-28
1.0,3.49136e-18
1.0,0.0
1.0,1.91702e-21
1.0,0.0
1.0,6.88131e-18
1.0,2.85971e-18
1.0,0.0
1.0,9.34164e-23
1.0,2.72296e-17
1.0,4.37918e-20
1.0,0.0
1.0,2.98888e-38
1.0,1.92624e-28
1.0,1.8173e-21
1.0,7.37364e-18
1.0,4.94752e-25
1.0,4.25375e-26
1.0,7.10639e-22
1.0,1.51045e-17
1.0,3.21773e-18
1.0,1.43353e-20
1.0,1.35646e-31
1.0,2.33922e-22
1.0,0.0
1.0,4.95251e-31
1.0,4.9088e-22
1.0,1.65722e-18
1.0,0.0
1.0,0.0
1.0,3.28435e-32
1.0,1.20666e-29
1.0,5.08409e-35
1.0,1.09125e-28
1.0,6.98854e-21
1.0,2.36666e-16
1.0,1.92066e-26
1.0,1.56794e-19
1.0,3.06133e-18
1.0,1.14951e-19
1.0,0.0
1.0,0.0
1.0,1.88326e-30
1.0,0.0
1.0,2.60619e-22
1.0,1.05928e-23
1.0,0.0
1.0,1.59869e-32
1.0,0.0
1.0,1.56089e-19
1.0,0.0
1.0,1.78421e-18
1.0,0.0
1.0,8.13822e-25
1.0,3.86134e-26
1.0,2.13744e-29
1.0,3.04503e-26
1.0,1.69944e-28
1.0,0.0
1.0,1.08147e-17
1.0,0.0
1.0,2.47211e-31
1.0,2.48902e-27
1.0,0.0
1.0,1.56659e-22
1.0,1.08083e-17
1.0,0.0
1.0,2.49396e-26
1.0,3.19514e-26
1.0,0.0
1.0,3.36012e-25
1.0,0.0
1.0,1.23961e-28
1.0,3.55853e-25
1.0,6.84087e-19
1.0,0.0
1.0,0.0
1.0,0.0
1.0,8.74931e-32
1.0,0.0
1.0,0.0
1.0,2.55131e-35
1.0,2.74865e-33
1.0,7.25698e-30
1.0,5.61316e-20
1.0,0.0
1.0,1.47129e-26
1.0,9.30734e-25
1.0,0.0
1.0,2.98689e-16
1.0,2.42482e-19
1.0,1.87588e-17
1.0,0.0
1.0,3.9635e-17
1.0,0.0
1.0,6.24504e-21
1.0,7.49773e-26
1.0,9.03529e-22
1.0,2.99712e-19
1.0,1.96396e-18
1.0,2.53678e-17
1.0,1.996e-18
1.0,0.0
1.0,2.77187e-25
1.0,6.65744e-18
1.0,5.33681e-23
1.0,3.35274e-35
1.0,7.64252e-34
1.0,5.47192e-25
1.0,1.49561e-22
1.0,1.53617e-17
1.0,1.80159e-19
1.0,3.34491e-17
1.0,0.0
1.0,0.0
1.0,1.33557e-16
1.0,2.74257e-30
1.0,0.0
1.0,1.26555e-18
1.0,0.0
1.0,1.41584e-17
1.0,2.968e-18
1.0,2.61381e-19
1.0,0.0
1.0,4.27715e-26
1.0,5.13285e-24
1.0,6.17271e-28
1.0,1.58812e-22
1.0,4.2466e-22
1.0,0.0
1.0,7.33644e-24
1.0,0.0
1.0,0.0
1.0,1.2962e-22
1.0,1.64389e-21
1.0,1.62266e-20
1.0,0.0
1.0,1.56066e-31
1.0,7.15112e-17
1.0,2.04715e-17
1.0,6.13246e-29
1.0,1.19643e-22
1.0,6.19399e-19
1.0,0.0
1.0,0.0
1.0,8.01089e-16
1.0,0.0
1.0,0.0
1.0,2.68594e-35
1.0,2.05189e-19
1.0,0.0
1.0,0.0
1.0,4.41505e-33
1.0,1.95196e-24
1.0,7.19984e-32
1.0,2.45743e-18
1.0,3.48943e-20
1.0,0.0
1.0,1.14644e-23
1.0,1.44055e-17
1.0,2.7078e-18
1.0,0.0
1.0,0.0
1.0,3.25182e-19
1.0,4.59876e-17
1.0,2.32742e-24
1.0,9.34386e-27
1.0,6.88783e-24
1.0,0.0
1.0,0.0
1.0,6.52145e-34
1.0,1.50654e-19
1.0,0.0
1.0,9.07957e-17
1.0,0.0
1.0,4.41296e-38
1.0,2.22888e-28
1.0,5.6238e-17
1.0,0.0
1.0,2.72375e-22
1.0,2.87325e-19
1.0,7.98155e-23
1.0,2.55717e-20
1.0,7.59919e-38
1.0,5.27072e-20
1.0,0.0
1.0,4.76539e-22
1.0,3.33822e-21
1.0,6.10348e-18
1.0,1.65066e-26
1.0,1.79097e-17
1.0,0.0
1.0,1.65729e-35
1.0,1.15376e-25
1.0,2.34979e-20
1.0,1.07702e-17
1.0,0.0
1.0,0.0
1.0,1.98256e-22
1.0,1.11246e-31
1.0,4.85823e-28
1.0,9.5284e-22
1.0,3.61774e-18
1.0,9.27965e-17
1.0,0.0
1.0,1.01069e-17
1.0,2.4853e-19
1.0,0.0
1.0,0.0
1.0,1.1095e-25
1.0,3.84719e-21
1.0,0.0
1.0,1.16418e-24
1.0,1.8843e-25
1.0,3.16122e-19
1.0,0.0
1.0,1.23874e-20
1.0,0.0
1.0,1.81858e-27
1.0,6.36077e-26
1.0,3.13903e-23
1.0,6.57575e-21
1.0,1.5773e-21
1.0,0.0
1.0,4.81285e-37
1.0,0.0
1.0,0.0
1.0,1.57221e-36
1.0,2.77499e-33
1.0,2.82856e-29
1.0,3.72622e-26
1.0,5.62782e-22
1.0,6.33662e-21
1.0,3.23161e-19
1.0,5.48205e-17
1.0,3.01567e-17
1.0,9.49053e-28
1.0,5.9398e-25
1.0,5.51254e-18
1.0,0.0
1.0,3.80152e-18
1.0,3.40643e-18
1.0,0.0
1.0,2.54011e-21
1.0,3.88257e-19
1.0,4.56842e-25
1.0,0.0
1.0,1.72208e-21
1.0,0.0
1.0,1.0333e-19
1.0,3.25311e-21
1.0,4.33508e-20
1.0,0.0
1.0,5.56966e-38
1.0,6.6745e-28
1.0,1.45225e-18
1.0,0.0
1.0,0.0
1.0,9.82267e-18
1.0,7.404e-25
1.0,1.06478e-28
1.0,3.50163e-19
1.0,4.33116e-22
1.0,1.71146e-17
1.0,0.0
1.0,5.19514e-33
1.0,0.0
1.0,7.19581e-22
1.0,1.59367e-18
1.0,3.24647e-28
1.0,6.00865e-33
1.0,0.0
1.0,0.0
1.0,5.98753e-32
1.0,5.09025e-23
1.0,2.05294e-19
1.0,0.0
1.0,5.99777e-27
1.0,7.01812e-21
1.0,2.35025e-28
1.0,1.91429e-21
1.0,0.0
1.0,1.45652e-19
1.0,8.23999e-18
1.0,5.47884e-16
1.0,0.0
1.0,0.0
1.0,7.49188e-17
1.0,2.15761e-33
1.0,7.28292e-20
1.0,0.0
1.0,9.74923e-36
1.0,8.00233e-19
1.0,2.68954e-19
1.0,0.0
1.0,8.31259e-29
1.0,9.43087e-21
1.0,1.23408e-22
1.0,0.0
1.0,0.0
1.0,0.0
1.0,0.0
1.0,5.24738e-32
1.0,2.1508e-28
1.0,1.61492e-22
1.0,3.72553e-19
1.0,3.71547e-19
1.0,0.0
1.0,3.46215e-32
1.0,0.0
1.0,0.0
1.0,9.58177e-34
1.0,0.0
1.0,1.31448e-36
1.0,2.98057e-25
1.0,9.79878e-28
1.0,8.25814e-21
1.0,7.87988e-20
1.0,3.7391e-19
1.0,8.4138e-27
1.0,2.29605e-20
1.0,0.0
1.0,0.0
1.0,2.80916e-35
1.0,0.0
1.0,1.03282e-35
1.0,1.01149e-26
1.0,2.71608e-23
1.0,0.0
1.0,0.0
1.0,1.13816e-20
1.0,1.49759e-38
1.0,2.51489e-18
1.0,4.68105e-21
1.0,2.92819e-36
1.0,0.0
1.0,0.0
1.0,2.73063e-18
1.0,7.47985e-25
1.0,0.0
1.0,5.19561e-19
1.0,1.57913e-17
1.0,4.35601e-18
1.0,2.67918e-25
1.0,8.7795e-33
1.0,2.76724e-21
1.0,1.78478e-17
1.0,6.34322e-20
1.0,2.44289e-21
1.0,1.17386e-22
1.0,9.17993e-19
1.0,1.26189e-18
1.0,0.0
1.0,0.0
1.0,2.49739e-30
1.0,4.13982e-27
1.0,3.69893e-19
1.0,2.62069e-18
1.0,6.63403e-28
1.0,7.52129e-16
1.0,0.0
1.0,6.03424e-26
1.0,0.0
1.0,2.34653e-28
1.0,1.13716e-27
1.0,1.75642e-21
1.0,0.0
1.0,0.0
1.0,8.71177e-26
1.0,0.0
1.0,0.0
1.0,1.23564e-36
1.0,2.82329e-24
1.0,0.0
1.0,1.45896e-20
1.0,0.0
1.0,3.55043e-24
1.0,6.71859e-19
1.0,1.48464e-26
1.0,9.66776e-20
1.0,0.0
1.0,2.92019e-35
1.0,2.40121e-19
1.0,3.45275e-29
1.0,2.61933e-32
1.0,0.0
1.0,1.50361e-25
1.0,7.53888e-20
1.0,0.0
1.0,7.02635e-17
1.0,0.0
1.0,1.76167e-18
1.0,3.16604e-32
1.0,3.22732e-20
1.0,1.46648e-21
1.0,1.53461e-19
1.0,0.0
1.0,1.398e-33
1.0,1.37116e-17
1.0,0.0
1.0,1.51119e-21
1.0,2.74946e-18
1.0,0.0
1.0,2.20337e-17
1.0,8.46863e-35
1.0,0.0
1.0,0.0
1.0,7.39907e-31
1.0,1.14045e-21
1.0,2.73194e-18
1.0,3.9168e-25
1.0,1.59822e-20
1.0,1.8062e-23
1.0,0.0
1.0,2.31462e-25
1.0,4.00884e-18
1.0,0.0
1.0,2.5395e-23
1.0,6.29191e-21
1.0,3.83116e-18
1.0,3.22924e-18
1.0,0.0
1.0,9.71922e-22
1.0,0.0
1.0,0.0
1.0,0.0
1.0,0.0
1.0,4.75395e-37
1.0,3.14541e-35
1.0,9.39548e-19
1.0,7.75634e-31
1.0,5.8484e-28
1.0,3.36321e-20
1.0,1.03515e-18
1.0,1.10407e-18
1.0,0.0
1.0,0.0
1.0,0.0
1.0,0.0
1.0,2.49438e-30
1.0,0.0
1.0,0.0
1.0,0.0
1.0,5.57102e-24
1.0,7.16503e-22
1.0,2.62312e-23
1.0,1.42004e-19
1.0,1.60349e-20
1.0,1.06139e-19
1.0,4.20008e-16
1.0,0.0
1.0,1.35203e-17
1.0,0.0
1.0,3.73191e-25
1.0,0.0
1.0,1.63222e-32
1.0,2.47495e-23
1.0,0.0
1.0,9.35567e-20
1.0,5.26792e-32
1.0,4.33855e-22
1.0,0.0
1.0,0.0
1.0,0.0
1.0,1.38276e-25
1.0,2.10426e-17
1.0,1.23734e-25
1.0,1.24882e-21
1.0,0.0
1.0,6.80805e-37
1.0,2.30747e-30
1.0,5.23049e-19
1.0,1.171e-26
1.0,6.67379e-17
1.0,1.60544e-18
1.0,0.0
1.0,4.29732e-19
1.0,2.13843e-21
1.0,0.0
1.0,2.85492e-18
1.0,0.0
1.0,3.12078e-26
1.0,1.00561e-20
1.0,9.03447e-19
1.0,4.30838e-32
1.0,0.0
1.0,6.67842e-28
1.0,9.46083e-26
1.0,1.03624e-22
1.0,3.78749e-23
1.0,2.21483e-21
1.0,6.00567e-17
1.0,4.62901e-28
1.0,0.0
1.0,7.0598e-26
1.0,1.60793e-17
1.0,0.0
1.0,5.54422e-23
1.0,6.72604e-22
1.0,9.06465e-18
1.0,0.0
1.0,1.06219e-20
1.0,7.95912e-21
1.0,7.47868e-18
1.0,1.34221e-18
1.0,0.0
1.0,2.63002e-34
1.0,1.32339e-27
1.0,5.35906e-26
1.0,4.09047e-17
1.0,0.0
1.0,0.0
1.0,2.07625e-21
1.0,8.59356e-36
1.0,5.23924e-26
1.0,2.44126e-22
1.0,3.63227e-17
1.0,0.0
1.0,1.35751e-17
1.0,0.0
1.0,3.62533e-16
1.0,1.58452e-22
1.0,0.0
1.0,4.21755e-37
1.0,6.30732e-18
1.0,1.65319e-34
1.0,5.46859e-30
1.0,1.16784e-23
1.0,3.00591e-23
1.0,3.88898e-20
1.0,3.83503e-21
1.0,0.0
1.0,1.52581e-37
1.0,1.76904e-20
1.0,5.77595e-19
1.0,3.7824e-28
1.0,1.25627e-25
1.0,8.75659e-24
1.0,1.96297e-29
1.0,2.38925e-18
1.0,0.0
1.0,8.27455e-24
1.0,0.0
1.0,0.0
1.0,2.33646e-29
1.0,0.0
1.0,0.0
1.0,2.83335e-22
1.0,2.63277e-26
1.0,5.51321e-19
1.0,2.02262e-17
1.0,1.49839e-18
1.0,1.1809e-19
1.0,2.52424e-18
1.0,4.93255e-30
1.0,4.15581e-21
1.0,3.05894e-20
1.0,1.41216e-25
1.0,2.1878e-22
1.0,0.0
1.0,0.0
1.0,1.21752e-35
1.0,4.57782e-28
1.0,3.86684e-28
1.0,0.0
1.0,1.89892e-29
1.0,4.53021e-17
1.0,1.38412e-18
1.0,1.41867e-19
1.0,4.72265e-26
1.0,0.0
1.0,7.67037e-31
1.0,8.99535e-17
1.0,5.9896e-20
1.0,0.0
1.0,0.0
1.0,1.33981e-24
1.0,7.15737e-24
1.0,1.12024e-18
1.0,1.13967e-35
1.0,1.90004e-23
1.0,8.05652e-18
1.0,3.02862e-30
1.0,5.88637e-18
1.0,2.18965e-18
1.0,0.0
1.0,5.82559e-30
1.0,1.63179e-26
1.0,6.99181e-17
1.0,9.2225e-22
1.0,6.49637e-21
1.0,0.0
1.0,0.0
1.0,1.48182e-34
1.0,0.0
1.0,1.86388e-31
1.0,1.1251e-28
1.0,5.16064e-22
1.0,7.45347e-21
1.0,1.90474e-20
1.0,0.0
1.0,5.40791e-21
1.0,7.91527e-16
1.0,0.0
1.0,0.0
1.0,3.7092e-35
1.0,8.64251e-30
1.0,1.82217e-26
1.0,3.58058e-22
1.0,2.08138e-34
1.0,6.01398e-29
1.0,0.0
1.0,0.0
1.0,5.28506e-29
1.0,1.6118e-21
1.0,2.13837e-19
1.0,4.22822e-19
1.0,0.0
1.0,3.62775e-23
1.0,5.1542e-22
1.0,5.40942e-20
1.0,3.36057e-25
1.0,2.47348e-21
1.0,2.21271e-25
1.0,1.79297e-21
1.0,0.0
1.0,0.0
1.0,0.0
1.0,1.9324e-36
1.0,2.96966e-28
1.0,1.7741e-17
1.0,2.3845e-16
1.0,5.6721e-33
1.0,0.0
1.0,3.57473e-35
1.0,7.83986e-27
1.0,2.04976e-19
1.0,0.0
1.0,1.17929e-36
1.0,2.61017e-29
1.0,1.93424e-30
1.0,1.03162e-23
1.0,3.19932e-38
1.0,8.30679e-37
1.0,1.08828e-29
1.0,4.34161e-32
1.0,3.36653e-21
1.0,0.0
1.0,0.0
1.0,2.92917e-18
1.0,0.0
1.0,7.7407e-24
1.0,0.0
1.0,0.0
1.0,1.77499e-20
1.0,0.0
1.0,8.84448e-23
1.0,0.0
1.0,1.68781e-19
1.0,0.0
1.0,1.73452e-31
1.0,1.87135e-17
1.0,0.0
1.0,1.33634e-35
1.0,2.13592e-24
1.0,0.0
1.0,4.48805e-37
1.0,3.84647e-24
1.0,3.25202e-23
1.0,0.0
1.0,2.08737e-22
1.0,2.7808e-17
1.0,1.35193e-35
1.0,3.24617e-22
1.0,1.70493e-34
1.0,7.21189e-22
1.0,0.0
1.0,0.0
1.0,1.72723e-20
1.0,8.81949e-30
1.0,3.68828e-23
1.0,1.13724e-23
1.0,0.0
1.0,1.5056e-18
1.0,2.26641e-18
1.0,0.0
1.0,4.28527e-19
1.0,6.93308e-19
1.0,0.0
1.0,0.0
1.0,1.7236e-18
1.0,1.41004e-18
1.0,0.0
1.0,0.0
1.0,1.85001e-19
1.0,0.0
1.0,1.24012e-32
1.0,7.98121e-24
1.0,0.0
1.0,0.0
1.0,1.71207e-28
1.0,7.55526e-21
1.0,0.0
1.0,2.53709e-28
1.0,1.4965e-21
1.0,7.87262e-19
1.0,0.0
1.0,1.1985e-33
1.0,5.46803e-29
1.0,3.69087e-28
1.0,8.74369e-20
1.0,6.18146e-18
1.0,0.0
1.0,0.0
1.0,0.0
1.0,8.32502e-33
1.0,1.39508e-34
1.0,2.30714e-28
1.0,1.12342e-18
1.0,8.6457e-24
1.0,5.93907e-28
1.0,7.9681e-25
1.0,7.72025e-35
1.0,1.23056e-37
1.0,4.94824e-19
1.0,2.22174e-36
1.0,1.24793e-30
1.0,1.50781e-18
1.0,6.96032e-19
1.0,0.0
1.0,7.8235e-23
1.0,7.30382e-20
1.0,0.0
1.0,0.0
1.0,0.0
1.0,1.94783e-32
1.0,6.25558e-21
1.0,4.93794e-18
1.0,0.0
1.0,1.16947e-20
1.0,0.0
1.0,0.0
1.0,5.30585e-33
1.0,4.44266e-28
1.0,6.59763e-25
1.0,3.05213e-17
1.0,4.47476e-19
1.0,1.38252e-30
1.0,1.39277e-25
1.0,9.32831e-17
1.0,0.0
1.0,0.0
1.0,1.95465e-32
1.0,2.10459e-23
1.0,8.09575e-23
1.0,3.42771e-20
1.0,2.06047e-20
1.0,0.0
1.0,5.91013e-23
1.0,0.0
1.0,1.58247e-21
1.0,8.73057e-18
1.0,0.0
1.0,1.50481e-20
1.0,8.26763e-20
1.0,2.92476e-16
1.0,0.0
1.0,6.58215e-30
1.0,2.5965e-19
1.0,1.00381e-23
1.0,1.14742e-29
1.0,0.0
1.0,4.17531e-38
1.0,0.0
1.0,0.0
1.0,1.21026e-17
1.0,0.0
1.0,0.0
1.0,1.51289e-18
1.0,0.0
1.0,0.0
1.0,0.0
1.0,6.57226e-25
1.0,4.57748e-30
1.0,6.94455e-32
1.0,2.0889e-29
1.0,1.22037e-25
1.0,4.145e-20
1.0,0.0
1.0,2.4859e-29
1.0,6.32874e-35
1.0,4.47787e-33
1.0,2.15721e-28
1.0,0.0
1.0,9.7406e-29
1.0,2.93176e-28
1.0,1.35141e-23
1.0,8.60279e-18
1.0,0.0
1.0,1.12686e-24
1.0,6.65157e-19
1.0,0.0
1.0,3.58986e-34
1.0,8.33519e-33
1.0,0.0
1.0,6.24902e-29
1.0,7.73187e-26
1.0,0.0
1.0,1.97468e-26
1.0,6.3035e-26
1.0,6.80456e-19
1.0,1.2144e-20
1.0,5.59936e-23
1.0,2.61492e-17
1.0,0.0
1.0,2.52527e-22
1.0,1.60924e-21
1.0,3.27463e-17
1.0,0.0
1.0,0.0
1.0,5.71264e-25
1.0,0.0
1.0,4.07682e-20
1.0,9.70282e-20
1.0,9.28158e-22
1.0,2.17404e-23
1.0,0.0
1.0,8.73225e-21
1.0,3.09294e-20
1.0,4.7443e-20
1.0,0.0
1.0,7.34514e-27
1.0,2.63335e-24
1.0,6.44721e-23
1.0,0.0
1.0,3.08258e-16
1.0,0.0
1.0,0.0
1.0,2.39042e-21
1.0,1.67609e-33
1.0,2.93795e-26
1.0,0.0
1.0,0.0
1.0,5.27796e-31
1.0,1.88056e-20
1.0,4.86593e-19
1.0,0.0
1.0,2.85672e-21
1.0,0.0
1.0,3.23004e-28
1.0,3.10058e-32
1.0,2.30355e-16
1.0,0.0
1.0,0.0
1.0,1.00222e-21
1.0,0.0
1.0,0.0
1.0,0.0
1.0,6.78009e-29
1.0,9.45028e-29
1.0,2.09406e-22
1.0,1.46086e-20
1.0,2.46973e-17
1.0,2.26779e-34
1.0,1.91587e-26
1.0,1.25163e-20
1.0,3.09764e-19
1.0,1.77481e-24
1.0,3.03285e-19
1.0,5.18953e-17
1.0,0.0
1.0,0.0
1.0,2.70063e-32
1.0,2.406e-34
1.0,9.91043e-28
1.0,4.14485e-18
1.0,4.0716e-18
1.0,1.52197e-16
1.0,0.0
1.0,8.76277e-18
1.0,1.79673e-17
1.0,6.66205e-29
1.0,0.0
1.0,0.0
1.0,5.06758e-23
1.0,1.46687e-36
1.0,5.4677e-20
1.0,4.6816e-17
1.0,0.0
1.0,0.0
1.0,9.05759e-36
1.0,9.84094e-18
1.0,0.0
1.0,1.38118e-21
1.0,0.0
1.0,0.0
1.0,2.92516e-23
1.0,1.34947e-20
1.0,3.45294e-20
1.0,2.99264e-26
1.0,8.49819e-25
1.0,4.08388e-22
1.0,0.0
1.0,2.40436e-23
1.0,2.6247e-27
1.0,4.21251e-21
1.0,2.42311e-27
1.0,3.12657e-27
1.0,1.77847e-23
1.0,2.3575e-36
1.0,3.67269e-34
1.0,0.0
1.0,2.5036e-29
1.0,1.77211e-19
1.0,1.09543e-16
1.0,3.61124e-19
1.0,1.61092e-22
1.0,4.39605e-22
1.0,0.0
1.0,0.0
1.0,4.45015e-33
1.0,1.1009e-19
1.0,1.21948e-18
1.0,1.16063e-31
1.0,1.46834e-17
1.0,9.94263e-33
1.0,2.81223e-31
1.0,6.08764e-21
1.0,0.0
1.0,1.95348e-29
1.0,9.54428e-26
1.0,0.0
1.0,4.12662e-26
1.0,0.0
1.0,0.0
1.0,3.75491e-17
1.0,3.05225e-18
1.0,5.83279e-24
1.0,0.0
1.0,1.30648e-22
1.0,2.69979e-22
1.0,5.08688e-20
1.0,4.12056e-20
1.0,0.0
1.0,4.08496e-28
1.0,0.0
1.0,0.0
1.0,1.54534e-17
1.0,8.52459e-17
1.0,0.0
1.0,8.55529e-29
1.0,4.77058e-24
1.0,1.73358e-20
1.0,0.0
1.0,5.96609e-34
1.0,5.67314e-17
1.0,2.57738e-20
1.0,0.0
1.0,2.00771e-19
1.0,0.0
1.0,6.63783e-28
1.0,0.0
1.0,1.18865e-17
1.0,2.05174e-18
1.0,2.044e-17
1.0,5.39615e-33
1.0,0.0
1.0,3.69842e-25
1.0,0.0
1.0,0.0
1.0,8.12216e-23
1.0,2.75425e-16
1.0,4.95582e-30
1.0,2.89678e-28
1.0,3.38846e-16
1.0,0.0
1.0,3.17845e-20
1.0,4.25333e-17
1.0,0.0
1.0,5.10812e-33
1.0,0.0
1.0,1.78357e-24
1.0,0.0
1.0,0.0
1.0,6.65991e-16
1.0,5.45498e-17
1.0,1.6396e-27
1.0,0.0
1.0,1.49795e-20
1.0,0.0
1.0,3.07687e-24
1.0,2.01655e-17
1.0,0.0
1.0,0.0
1.0,2.26859e-20
1.0,0.0
1.0,1.80026e-20
1.0,1.25091e-17
1.0,0.0
1.0,0.0
1.0,0.0
1.0,0.0
1.0,0.0
1.0,4.52656e-20
1.0,8.70573e-17
1.0,5.76585e-16
1.0,1.60174e-36
1.0,1.76192e-27
1.0,1.46652e-34
1.0,7.0481e-23
1.0,9.08844e-33
1.0,9.80594e-18
1.0,1.83007e-30
1.0,1.3572e-22
1.0,2.01051e-17
1.0,1.71519e-18
1.0,0.0
1.0,0.0
1.0,2.91499e-28
1.0,6.34796e-29
1.0,1.73227e-21
1.0,0.0
1.0,1.49019e-18
1.0,5.52687e-31
1.0,1.02753e-17
1.0,9.07916e-38
1.0,3.05789e-29
1.0,1.6609e-23
1.0,6.74977e-21
1.0,0.0
1.0,6.88797e-20
1.0,0.0
1.0,7.12273e-31
1.0,2.08384e-38
1.0,6.17969e-26
1.0,6.68538e-20
1.0,1.41596e-19
1.0,1.83275e-22
1.0,3.60626e-24
1.0,3.25511e-24
1.0,0.0
1.0,2.52736e-32
1.0,1.48135e-30
1.0,2.63414e-32
1.0,4.16855e-17
1.0,9.60589e-19
1.0,0.0
1.0,2.358e-21
1.0,7.21978e-17
1.0,0.0
1.0,0.0
1.0,1.47094e-26
1.0,0.0
1.0,6.12035e-23
1.0,4.48545e-37
1.0,0.0
1.0,2.02784e-28
1.0,8.55694e-25
1.0,2.79405e-20
1.0,0.0
1.0,0.0
1.0,5.15514e-31
1.0,1.68965e-25
1.0,7.30472e-24
1.0,8.67268e-24
1.0,2.26034e-17
1.0,9.09364e-26
1.0,5.99178e-25
1.0,1.0742e-20
1.0,4.81333e-19
1.0,2.18889e-16
1.0,0.0
1.0,0.0
1.0,0.0
1.0,4.77866e-22
1.0,0.0
1.0,1.02034e-17
1.0,6.02517e-19
1.0,7.35488e-33
1.0,4.15406e-32
1.0,1.18663e-18
1.0,6.54159e-18
1.0,0.0
1.0,3.21389e-18
1.0,0.0
1.0,2.64987e-30
1.0,0.0
1.0,1.07905e-22
1.0,1.12878e-19
1.0,2.3738e-16
1.0,1.6185e-22
1.0,2.10859e-21
1.0,1.79061e-32
1.0,1.55934e-29
1.0,2.10546e-24
1.0,3.97231e-18
1.0,0.0
1.0,3.18286e-31
1.0,1.37054e-18
1.0,0.0
1.0,3.08707e-28
1.0,5.76993e-27
1.0,2.66975e-18
1.0,0.0
1.0,6.46385e-26
1.0,0.0
1.0,0.0
1.0,0.0
1.0,6.85459e-25
1.0,8.73746e-20
1.0,0.0
1.0,8.46798e-37
1.0,0.0
1.0,2.16716e-36
1.0,0.0
1.0,5.67602e-26
1.0,7.57631e-26
1.0,9.14477e-28
1.0,3.17897e-21
1.0,0.0
1.0,4.65469e-38
1.0,8.42913e-33
1.0,2.51811e-30
1.0,4.40533e-24
1.0,4.64465e-16
1.0,1.1485e-20
1.0,3.64123e-26
1.0,9.20889e-23
1.0,0.0
1.0,1.09706e-17
1.0,0.0
1.0,3.78227e-28
1.0,6.16624e-20
1.0,2.74837e-18
1.0,0.0
1.0,8.65368e-31
1.0,0.0
1.0,3.69934e-22
1.0,0.0
1.0,2.63217e-20
1.0,3.86967e-19
1.0,0.0
1.0,1.28198e-20
1.0,1.39061e-19
1.0,0.0
1.0,7.70759e-23
1.0,6.58735e-22
1.0,0.0
1.0,2.01282e-19
1.0,2.64615e-20
1.0,0.0
1.0,9.00631e-31
1.0,2.8937e-29
1.0,3.27641e-25
1.0,2.98545e-20
1.0,1.23065e-19
1.0,3.94892e-18
1.0,0.0
1.0,0.0
1.0,0.0
1.0,9.94516e-36
1.0,2.72611e-28
1.0,2.25964e-23
1.0,9.85023e-22
1.0,2.06496e-19
1.0,1.07963e-20
1.0,7.54027e-20
1.0,1.47198e-17
1.0,0.0
1.0,7.92574e-20
1.0,2.76689e-30
1.0,4.05855e-20
1.0,2.83798e-33
1.0,2.31515e-27
1.0,1.09272e-24
1.0,1.25476e-32
1.0,1.94085e-23
1.0,7.16629e-20
1.0,0.0
1.0,0.0
1.0,3.53281e-33
1.0,1.39693e-30
1.0,5.32561e-24
1.0,1.17665e-16
1.0,0.0
1.0,2.39231e-29
1.0,6.6352e-20
1.0,9.49105e-18
1.0,0.0
1.0,0.0
1.0,0.0
1.0,1.56945e-28
1.0,1.08197e-21
1.0,3.26501e-19
1.0,5.60463e-18
1.0,0.0
1.0,0.0
1.0,5.04838e-31
1.0,4.49293e-26
1.0,3.97507e-18
1.0,3.28519e-17
1.0,0.0
1.0,0.0
1.0,2.95109e-27
1.0,0.0
1.0,0.0
1.0,2.27122e-18
1.0,2.5853e-17
1.0,0.0
1.0,6.08802e-24
1.0,1.66952e-25
1.0,2.28813e-18
1.0,3.80861e-25
1.0,0.0
1.0,2.55573e-36
1.0,3.7665e-19
1.0,0.0
1.0,0.0
1.0,0.0
1.0,1.04163e-33
1.0,4.71931e-31
1.0,3.87138e-29
1.0,5.07576e-24
1.0,1.97909e-17
1.0,0.0
1.0,6.34293e-34
1.0,0.0
1.0,1.64802e-35
1.0,3.15213e-25
1.0,1.1668e-20
1.0,3.98644e-35
1.0,5.00279e-19
1.0,0.0
1.0,2.91992e-19
1.0,5.20906e-37
1.0,3.39806e-26
1.0,1.14935e-16
1.0,1.76591e-16
1.0,9.9969e-19
1.0,2.33657e-24
1.0,1.04031e-19
1.0,6.46846e-17
1.0,1.91882e-19
1.0,0.0
1.0,9.03045e-18
1.0,1.14909e-19
1.0,0.0
1.0,0.0
1.0,0.0
1.0,0.0
1.0,1.2236e-26
1.0,0.0
1.0,2.74356e-19
1.0,2.19136e-18
1.0,0.0
1.0,0.0
1.0,6.76032e-18
1.0,0.0
1.0,0.0
1.0,1.64551e-29
1.0,2.72095e-23
1.0,5.34813e-21
1.0,0.0
1.0,7.96472e-33
1.0,1.91063e-24
1.0,0.0
1.0,6.40788e-22
1.0,7.43534e-31
1.0,1.63448e-19
1.0,2.86415e-19
1.0,0.0
1.0,1.70203e-29
1.0,1.25748e-27
1.0,6.16339e-22
1.0,2.96054e-32
1.0,5.26189e-25
1.0,1.17816e-24
1.0,1.39212e-28
1.0,5.17741e-25
1.0,0.0
1.0,0.0
1.0,2.48322e-38
1.0,4.31466e-27
1.0,0.0
1.0,2.47508e-23
1.0,0.0
1.0,6.74594e-28
1.0,4.21342e-31
1.0,1.14603e-22
1.0,0.0
1.0,0.0
1.0,7.98481e-23
1.0,0.0
1.0,7.37677e-23
1.0,0.0
1.0,1.80035e-37
1.0,1.12499e-34
1.0,0.0
1.0,2.03877e-27
1.0,3.30155e-31
1.0,1.37283e-31
1.0,4.31506e-27
1.0,9.15369e-22
1.0,0.0
1.0,0.0
1.0,0.0
1.0,1.88346e-35
1.0,0.0
1.0,2.47542e-18
1.0,0.0
1.0,4.6437e-38
1.0,3.98317e-36
1.0,2.99757e-30
1.0,1.07241e-29
1.0,1.95471e-28
1.0,6.30675e-25
1.0,1.69428e-23
1.0,6.68999e-21
1.0,1.07824e-23
1.0,0.0
1.0,4.31816e-32
1.0,1.50732e-22
1.0,0.0
1.0,4.17967e-25
1.0,0.0
1.0,7.954e-34
1.0,1.29282e-21
1.0,9.5296e-21
1.0,1.93149e-20
1.0,4.54103e-19
1.0,0.0
1.0,0.0
1.0,5.19731e-19
1.0,6.50112e-17
1.0,0.0
1.0,0.0
1.0,0.0
1.0,1.35e-38
1.0,8.12696e-24
1.0,4.91306e-35
1.0,0.0
1.0,1.36334e-32
1.0,3.96713e-27
1.0,2.01935e-21
1.0,6.7281e-27
1.0,0.0
1.0,0.0
1.0,1.10875e-29
1.0,1.59783e-29
1.0,1.00871e-29
1.0,4.06088e-20
1.0,7.51537e-20
1.0,0.0
1.0,3.67417e-34
1.0,2.33186e-21
1.0,6.84053e-19
1.0,9.30395e-21
1.0,0.0
1.0,1.44948e-34
1.0,0.0
1.0,9.33477e-36
1.0,3.38344e-18
1.0,0.0
1.0,1.94076e-22
1.0,1.63055e-36
1.0,0.0
1.0,8.12566e-24
1.0,0.0
1.0,2.72566e-35
1.0,4.62451e-24
1.0,7.42197e-22
1.0,1.35763e-38
1.0,1.18825e-19
1.0,2.20584e-20
1.0,0.0
1.0,0.0
1.0,0.0
1.0,3.8639e-30
1.0,5.09409e-24
1.0,7.10698e-24
1.0,0.0
1.0,3.89429e-32
1.0,2.29324e-25
1.0,5.88959e-20
1.0,2.87458e-27
1.0,0.0
1.0,4.73349e-34
1.0,3.7934e-24
1.0,6.37426e-24
1.0,5.76727e-19
1.0,0.0
1.0,2.84756e-18
1.0,0.0
1.0,2.77408e-24
1.0,1.80652e-22
1.0,3.76152e-25
1.0,8.08469e-24
1.0,6.38115e-22
1.0,1.59758e-27
1.0,6.20501e-20
1.0,3.15939e-17
1.0,0.0
1.0,1.15188e-31
1.0,1.46089e-28
1.0,3.4134e-28
1.0,2.53394e-20
1.0,0.0
1.0,7.49616e-19
1.0,6.23962e-18
1.0,0.0
1.0,3.32973e-23
1.0,1.02763e-19
1.0,0.0
1.0,0.0
1.0,1.38838e-25
1.0,2.25017e-17
1.0,2.19697e-18
1.0,0.0
1.0,0.0
1.0,0.0
1.0,2.25266e-26
1.0,1.50758e-21
1.0,0.0
1.0,0.0
1.0,1.10978e-18
1.0,3.69561e-35
1.0,1.36524e-27
1.0,1.39751e-27
1.0,2.53051e-19
1.0,0.0
1.0,3.73011e-37
1.0,8.3472e-35
1.0,9.90442e-21
1.0,4.64471e-27
1.0,1.7417e-20
1.0,1.96308e-17
1.0,3.13403e-16
1.0,0.0
1.0,2.46327e-23
1.0,4.4915e-20
1.0,5.3863e-19
1.0,0.0
1.0,0.0
1.0,2.74004e-20
1.0,0.0
1.0,2.85814e-23
1.0,0.0
1.0,1.36364e-19
1.0,0.0
1.0,2.39938e-18
1.0,1.96251e-24
1.0,0.0
1.0,7.15037e-21
1.0,9.07167e-19
1.0,1.23926e-20
1.0,0.0
1.0,0.0
1.0,2.36491e-35
1.0,1.69559e-20
1.0,9.35971e-33
1.0,1.67399e-20
1.0,3.28434e-19
1.0,1.61253e-23
1.0,1.01768e-18
1.0,3.60644e-17
1.0,4.87739e-37
1.0,9.37473e-31
1.0,8.86992e-25
1.0,8.03396e-32
1.0,3.12348e-18
1.0,3.78715e-26
1.0,2.62669e-25
1.0,1.00733e-19
1.0,4.70318e-18
1.0,3.75723e-18
1.0,0.0
1.0,1.43355e-17
1.0,0.0
1.0,0.0
1.0,0.0
1.0,3.70259e-17
1.0,0.0
1.0,2.84408e-32
1.0,4.4092e-19
1.0,0.0
1.0,5.8594e-23
1.0,1.48881e-22
1.0,1.70842e-17
1.0,6.99365e-24
1.0,9.03157e-22
1.0,3.52664e-21
1.0,5.69032e-27
1.0,0.0
1.0,5.97246e-29
1.0,4.76762e-22
1.0,0.0
1.0,7.15349e-33
1.0,2.57261e-31
1.0,7.05534e-29
1.0,3.40885e-16
1.0,0.0
1.0,8.05768e-26
1.0,0.0
1.0,0.0
1.0,1.50605e-34
1.0,5.45878e-20
1.0,4.3153e-20
1.0,3.57809e-19
1.0,2.81188e-17
1.0,2.48712e-23
1.0,0.0
1.0,1.07619e-24
1.0,8.14421e-19
1.0,0.0
1.0,0.0
1.0,5.39461e-18
1.0,0.0
1.0,1.42907e-19
1.0,0.0
1.0,6.38291e-26
1.0,7.02786e-30
1.0,1.45599e-18
1.0,3.39333e-19
1.0,2.74573e-34
1.0,5.96356e-30
1.0,0.0
1.0,0.0
1.0,1.38151e-20
1.0,1.78625e-26
1.0,1.21576e-19
1.0,1.77986e-18
1.0,0.0
1.0,1.63853e-38
1.0,6.59299e-27
1.0,2.03396e-27
1.0,2.53276e-19
1.0,1.1348e-23
1.0,0.0
1.0,4.26683e-19
1.0,6.54097e-16
1.0,3.91356e-25
1.0,8.6821e-21
1.0,3.79364e-32
1.0,7.21656e-18
1.0,1.59284e-19
1.0,5.14965e-34
1.0,4.83681e-16
1.0,0.0
1.0,0.0
1.0,4.72085e-35
1.0,5.7838e-33
1.0,1.90354e-30
1.0,1.31265e-24
1.0,3.30883e-19
1.0,1.11474e-28
1.0,0.0
1.0,4.29505e-38
1.0,0.0
1.0,4.53134e-37
1.0,1.2086e-26
1.0,0.0
1.0,1.04341e-18
1.0,2.56519e-37
1.0,9.61272e-17
1.0,2.27381e-25
1.0,6.97726e-16
1.0,0.0
1.0,0.0
1.0,0.0
1.0,3.36203e-28
1.0,9.435e-23
1.0,1.33785e-22
1.0,1.92531e-20
1.0,8.85828e-19
1.0,0.0
1.0,7.24385e-29
1.0,2.86455e-18
1.0,1.6398e-35
1.0,4.3854e-35
1.0,8.57827e-35
1.0,0.0
1.0,4.72717e-26
1.0,4.00333e-29
1.0,0.0
1.0,4.23576e-34
1.0,1.68896e-22
1.0,5.21932e-35
1.0,1.3154e-21
1.0,0.0
1.0,1.10825e-20
1.0,1.87135e-20
1.0,5.89637e-18
1.0,7.01285e-20
1.0,3.93921e-37
1.0,1.27587e-19
1.0,0.0
1.0,1.07545e-31
1.0,1.95705e-19
1.0,3.53308e-19
1.0,2.87152e-37
1.0,0.0
1.0,0.0
1.0,0.0
1.0,1.03677e-33
1.0,0.0
1.0,0.0
1.0,0.0
1.0,0.0
1.0,1.33015e-28
1.0,2.17051e-18
1.0,0.0
1.0,8.63788e-26
1.0,3.60156e-25
1.0,2.02139e-17
1.0,1.81802e-23
1.0,2.40211e-29
1.0,0.0
1.0,0.0
1.0,0.0
1.0,3.66944e-18
1.0,1.23973e-17
1.0,3.41256e-23
1.0,0.0
1.0,2.61041e-21
1.0,0.0
1.0,1.59791e-26
1.0,6.3091e-20
1.0,1.33619e-19
1.0,1.38835e-23
1.0,0.0
1.0,5.64428e-27
1.0,1.53748e-24
1.0,0.0
1.0,1.531e-21
1.0,0.0
1.0,0.0
1.0,4.20381e-19
1.0,0.0
1.0,9.22961e-29
1.0,6.28401e-24
1.0,9.08487e-18
1.0,0.0
1.0,0.0
1.0,4.79193e-28
1.0,4.46135e-18
1.0,0.0
1.0,2.43464e-22
1.0,0.0
1.0,0.0
1.0,0.0
1.0,5.64927e-19
1.0,1.42376e-19
1.0,0.0
1.0,6.79797e-20
1.0,1.96749e-23
1.0,7.55622e-19
1.0,3.21761e-23
1.0,0.0
1.0,4.44819e-22
1.0,2.48419e-21
1.0,0.0
1.0,0.0
1.0,7.79665e-18
1.0,8.72201e-19
1.0,6.83943e-27
1.0,1.08024e-18
1.0,9.0856e-31
1.0,0.0
1.0,0.0
1.0,1.82073e-22
1.0,3.94316e-17
1.0,0.0
1.0,0.0
1.0,4.13108e-20
1.0,0.0
1.0,5.66071e-27
1.0,0.0
1.0,3.82e-31
1.0,0.0
1.0,6.8965e-24
1.0,9.85102e-22
1.0,9.20274e-22
1.0,8.67816e-20
1.0,4.89755e-18
1.0,0.0
1.0,0.0
1.0,0.0
1.0,1.43702e-28
1.0,4.68931e-26
1.0,1.02705e-24
1.0,6.92632e-17
1.0,0.0
1.0,4.58338e-23
1.0,4.00789e-20
1.0,4.07779e-18
1.0,3.58368e-21
1.0,0.0
1.0,6.72916e-26
1.0,2.54198e-17
1.0,0.0
1.0,1.52043e-23
1.0,1.60572e-18
1.0,0.0
1.0,0.0
1.0,7.2779e-19
1.0,0.0
1.0,4.83016e-20
1.0,5.86883e-26
1.0,3.69898e-18
1.0,1.0266e-18
1.0,0.0
1.0,1.67491e-36
1.0,0.0
1.0,0.0
1.0,6.90261e-22
1.0,8.09913e-20
1.0,0.0
1.0,1.25868e-18
1.0,2.71583e-26
1.0,5.62973e-22
1.0,3.90954e-22
1.0,2.69821e-18
1.0,2.33918e-32
1.0,0.0
1.0,3.46043e-16
1.0,0.0
1.0,1.14857e-23
1.0,2.01185e-24
1.0,3.96882e-18
1.0,6.75118e-38
1.0,5.28859e-35
1.0,0.0
1.0,2.64469e-20
1.0,0.0
1.0,5.16869e-31
1.0,8.12652e-33
1.0,6.78582e-26
1.0,5.15581e-31
1.0,8.06057e-20
1.0,0.0
1.0,0.0
1.0,1.12916e-20
1.0,3.44846e-19
1.0,0.0
1.0,0.0
1.0,1.3356e-17
1.0,0.0
1.0,6.20098e-37
1.0,3.15036e-19
1.0,2.01568e-16
1.0,0.0
1.0,2.96266e-32
1.0,0.0
1.0,2.48679e-25
1.0,0.0
1.0,0.0
1.0,6.76035e-33
1.0,1.32274e-29
1.0,4.41228e-19
1.0,0.0
1.0,0.0
1.0,9.17201e-21
1.0,1.19217e-17
1.0,5.6205e-16
1.0,1.39264e-20
1.0,1.97998e-19
1.0,1.78638e-20
1.0,4.54803e-16
1.0,0.0
1.0,2.7253e-25
1.0,4.23166e-26
1.0,0.0
1.0,3.13468e-19
1.0,6.65817e-19
1.0,0.0
1.0,0.0
1.0,3.44423e-20
1.0,1.20141e-19
1.0,0.0
1.0,7.73321e-32
1.0,5.09313e-35
1.0,1.94715e-25
1.0,1.32371e-17
1.0,4.38415e-32
1.0,1.72509e-21
1.0,3.04727e-22
1.0,1.40057e-33
1.0,6.47619e-32
1.0,2.94422e-18
1.0,2.79151e-18
1.0,0.0
1.0,1.21557e-20
1.0,1.48161e-20
1.0,1.06631e-16
1.0,0.0
1.0,1.40695e-36
1.0,3.22119e-29
1.0,2.551e-25
1.0,5.79629e-20
1.0,3.08138e-18
1.0,3.48838e-33
1.0,0.0
1.0,2.15035e-19
1.0,1.64349e-19
1.0,3.53907e-33
1.0,3.86645e-22
1.0,2.12857e-17
1.0,1.6117e-31
1.0,1.09615e-26
1.0,0.0
1.0,1.34495e-32
1.0,2.64526e-24
1.0,0.0
1.0,1.93941e-32
1.0,1.23059e-37
1.0,1.01433e-18
1.0,6.00113e-21
1.0,0.0
1.0,1.52023e-24
1.0,1.5465e-34
1.0,0.0
1.0,5.03793e-26
1.0,5.77479e-22
1.0,0.0
1.0,1.28203e-33
1.0,1.13913e-32
1.0,2.19218e-16
1.0,0.0
1.0,0.0
1.0,1.29958e-36
1.0,2.60851e-30
1.0,1.2284e-28
1.0,2.35843e-20
1.0,3.31763e-19
1.0,0.0
1.0,6.13661e-33
1.0,8.03958e-23
1.0,4.90771e-19
1.0,2.25859e-18
1.0,0.0
1.0,0.0
1.0,0.0
1.0,1.49292e-19
1.0,4.54297e-21
1.0,4.11965e-27
1.0,3.7384e-26
1.0,5.79105e-21
1.0,1.00657e-18
1.0,2.01953e-37
1.0,1.337e-22
1.0,0.0
1.0,6.54373e-27
1.0,1.81016e-18
1.0,0.0
1.0,2.03612e-37
1.0,1.53344e-16
1.0,0.0
1.0,5.61457e-30
1.0,1.03458e-24
1.0,4.1361e-18
1.0,3.9819e-23
1.0,3.77562e-27
1.0,2.86151e-23
1.0,1.28673e-18
1.0,0.0
1.0,0.0
1.0,1.22475e-34
1.0,3.83696e-18
1.0,2.08146e-27
1.0,6.69612e-21
1.0,3.84398e-16
1.0,0.0
1.0,1.44692e-27
1.0,8.80286e-20
1.0,7.95758e-19
1.0,0.0
1.0,4.61111e-29
1.0,1.9552e-25
1.0,5.5322e-18
1.0,1.93245e-34
1.0,1.95357e-27
1.0,9.95006e-19
1.0,0.0
1.0,3.58633e-18
1.0,4.02215e-19
1.0,8.99245e-20
1.0,6.83914e-19
1.0,2.21958e-18
1.0,0.0
1.0,9.36692e-20
1.0,1.04881e-35
1.0,3.24868e-33
1.0,4.72774e-22
1.0,0.0
1.0,1.52889e-32
1.0,0.0
1.0,2.34114e-18
1.0,0.0
1.0,1.88389e-27
1.0,2.37528e-17
1.0,5.3393e-24
1.0,8.33536e-30
1.0,2.74348e-17
1.0,0.0
1.0,0.0
1.0,0.0
1.0,0.0
1.0,9.55262e-26
1.0,1.07375e-20
1.0,4.67682e-23
1.0,1.92468e-22
1.0,3.63775e-27
1.0,0.0
1.0,2.99414e-25
1.0,2.8621e-22
1.0,4.81126e-34
1.0,9.8355e-24
1.0,6.73984e-21
1.0,6.48603e-25
1.0,0.0
1.0,1.64082e-36
1.0,5.92379e-16
1.0,0.0
1.0,0.0
1.0,1.4311e-26
1.0,0.0
1.0,5.79167e-36
1.0,0.0
1.0,5.676e-19
1.0,4.48052e-19
1.0,8.03748e-28
1.0,4.30251e-20
1.0,0.0
1.0,1.13185e-20
1.0,0.0
1.0,2.57411e-30
1.0,2.68797e-18
1.0,4.46026e-20
1.0,2.04464e-17
1.0,2.17435e-24
1.0,6.38165e-18
1.0,4.92677e-23
1.0,1.15552e-17
1.0,2.41094e-19
1.0,0.0
1.0,2.14785e-38
1.0,1.82491e-36
1.0,1.40765e-28
1.0,4.13493e-26
1.0,9.68524e-22
1.0,2.12006e-22
1.0,0.0
1.0,1.70653e-25
1.0,0.0
1.0,2.11719e-25
1.0,2.37018e-18
1.0,0.0
1.0,1.14301e-32
1.0,1.23581e-32
1.0,1.72475e-20
1.0,3.06626e-34
1.0,0.0
1.0,2.52798e-32
1.0,0.0
1.0,0.0
1.0,3.62407e-25
1.0,1.98651e-17
1.0,2.11265e-17
1.0,0.0
1.0,3.54683e-19
1.0,8.5012e-25
1.0,9.36114e-25
1.0,2.87852e-17
1.0,0.0
1.0,0.0
1.0,0.0
1.0,0.0
1.0,1.02462e-25
1.0,0.0
1.0,1.6998e-27
1.0,9.87676e-28
1.0,1.88037e-18
1.0,4.73302e-18
1.0,0.0
1.0,7.74553e-22
1.0,2.92475e-20
1.0,9.04135e-23
1.0,2.68768e-37
1.0,1.21983e-17
1.0,1.05269e-29
1.0,3.25694e-33
1.0,8.75768e-19
1.0,3.59634e-33
1.0,2.04425e-33
1.0,0.0
1.0,8.58389e-30
1.0,0.0
1.0,1.34899e-22
1.0,0.0
1.0,1.04471e-36
1.0,9.75488e-22
1.0,3.31663e-22
1.0,8.28317e-34
1.0,5.84283e-27
1.0,3.40175e-18
1.0,3.84572e-17
1.0,6.7456e-35
1.0,4.90364e-36
1.0,8.40295e-36
1.0,4.79211e-23
1.0,2.51151e-17
1.0,0.0
1.0,1.06384e-32
1.0,0.0
1.0,9.99171e-27
1.0,9.0928e-26
1.0,2.11919e-19
1.0,2.7471e-19
1.0,4.52729e-18
1.0,1.31781e-18
1.0,3.99687e-18
1.0,1.29474e-25
1.0,0.0
1.0,9.79766e-28
1.0,2.44958e-22
1.0,1.25311e-36
1.0,4.83087e-32
1.0,3.53807e-18
1.0,0.0
1.0,8.17341e-24
1.0,8.11941e-22
1.0,3.58632e-20
1.0,5.67721e-19
1.0,3.63566e-36
1.0,1.29382e-23
1.0,2.84967e-18
1.0,1.62706e-26
1.0,1.93722e-21
1.0,7.57663e-18
1.0,0.0
1.0,6.78047e-23
1.0,4.83307e-20
1.0,4.53834e-18
1.0,2.41318e-25
1.0,3.74091e-24
1.0,1.89787e-20
1.0,4.83978e-18
1.0,0.0
1.0,9.44047e-31
1.0,5.81761e-24
1.0,5.20093e-31
1.0,0.0
1.0,0.0
1.0,0.0
1.0,0.0
1.0,1.66494e-32
1.0,2.92656e-27
1.0,2.20358e-28
1.0,2.10849e-18
1.0,2.16601e-16
1.0,6.50688e-38
1.0,3.32892e-22
1.0,1.57656e-27
1.0,0.0
1.0,0.0
1.0,1.13985e-25
1.0,3.89774e-21
1.0,0.0
1.0,0.0
1.0,7.92362e-20
1.0,0.0
1.0,2.331e-26
1.0,0.0
1.0,6.75099e-26
1.0,0.0
1.0,1.16335e-35
1.0,1.12357e-21
1.0,1.22657e-38
1.0,1.81853e-20
1.0,5.15999e-20
1.0,0.0
1.0,2.26599e-20
1.0,4.10766e-20
1.0,9.01996e-16
1.0,0.0
1.0,1.21766e-30
1.0,0.0
1.0,0.0
1.0,1.55112e-22
1.0,1.05226e-34
1.0,2.26278e-32
1.0,4.14149e-20
1.0,0.0
1.0,1.33979e-20
1.0,0.0
1.0,0.0
1.0,1.13883e-19
1.0,2.37526e-21
1.0,0.0
1.0,0.0
1.0,3.59849e-24
1.0,0.0
1.0,4.1594e-28
1.0,0.0
1.0,2.51599e-20
1.0,7.55312e-24
1.0,9.70775e-34
1.0,1.47357e-23
1.0,3.23622e-17
1.0,5.68576e-29
1.0,2.05648e-27
1.0,4.75542e-27
1.0,1.69296e-22
1.0,6.97792e-18
1.0,0.0
1.0,0.0
1.0,1.18835e-27
1.0,3.08805e-25
1.0,0.0
1.0,2.51596e-30
1.0,5.57482e-18
1.0,5.9066e-30
1.0,8.83084e-22
1.0,2.76408e-22
1.0,3.71566e-17
1.0,0.0
1.0,9.28539e-24
1.0,0.0
1.0,0.0
1.0,0.0
1.0,2.52734e-29
1.0,2.68142e-21
1.0,0.0
1.0,2.41635e-31
1.0,7.78182e-33
1.0,1.69645e-25
1.0,6.03677e-17
1.0,0.0
1.0,0.0
1.0,8.85271e-32
1.0,0.0
1.0,9.32528e-18
1.0,0.0
1.0,0.0
1.0,4.70726e-22
1.0,0.0
1.0,2.23391e-20
1.0,5.37448e-18
1.0,1.06045e-17
1.0,0.0
1.0,0.0
1.0,5.00529e-19
1.0,0.0
1.0,4.61949e-24
1.0,0.0
1.0,4.18813e-23
1.0,1.61373e-35
1.0,2.32826e-27
1.0,7.29818e-24
1.0,6.68368e-17
1.0,0.0
1.0,6.68627e-20
1.0,2.5161e-31
1.0,2.22851e-21
1.0,8.49621e-19
1.0,4.39506e-20
1.0,0.0
1.0,6.00158e-37
1.0,8.83903e-20
1.0,6.48358e-18
1.0,5.24293e-29
1.0,0.0
1.0,3.03445e-34
1.0,1.65971e-23
1.0,0.0
1.0,2.84266e-37
1.0,5.30394e-37
1.0,8.65023e-28
1.0,5.35351e-24
1.0,0.0
1.0,1.30691e-20
1.0,2.78035e-19
1.0,4.13683e-37
1.0,0.0
1.0,0.0
1.0,6.79459e-22
1.0,3.60316e-22
1.0,0.0
1.0,4.07046e-35
1.0,1.47178e-29
1.0,0.0
1.0,1.07294e-29
1.0,3.8865e-26
1.0,2.12857e-17
1.0,1.22083e-29
1.0,6.62667e-29
1.0,1.8284e-19
1.0,1.94292e-18
1.0,4.27703e-24
1.0,1.07511e-18
1.0,5.19832e-36
1.0,0.0
1.0,0.0
1.0,1.01113e-26
1.0,8.68119e-25
1.0,2.45351e-24
1.0,5.58628e-30
1.0,2.7441e-19
1.0,0.0
1.0,0.0
1.0,1.78067e-30
1.0,7.32294e-25
1.0,0.0
1.0,6.12058e-31
1.0,1.00862e-28
1.0,6.86243e-25
1.0,0.0
1.0,4.22565e-38
1.0,2.61472e-30
1.0,2.48592e-20
1.0,0.0
1.0,5.42717e-22
1.0,1.19561e-21
1.0,2.39899e-22
1.0,9.80078e-18
1.0,1.70488e-36
1.0,1.38482e-31
1.0,2.36415e-22
1.0,2.49772e-18
1.0,4.05979e-19
1.0,3.97015e-20
1.0,0.0
1.0,6.61551e-20
1.0,5.48708e-16
1.0,0.0
1.0,2.56255e-21
1.0,1.60302e-22
1.0,0.0
1.0,9.03557e-20
1.0,1.44079e-22
1.0,7.29408e-26
1.0,4.04982e-19
1.0,1.80592e-18
1.0,2.85378e-28
1.0,5.16455e-26
1.0,6.93432e-26
1.0,1.65102e-21
1.0,2.55721e-32
1.0,4.99792e-36
1.0,4.81433e-17
1.0,0.0
1.0,2.99166e-24
1.0,1.06045e-17
1.0,1.85086e-18
1.0,5.89879e-28
1.0,3.34399e-21
1.0,0.0
1.0,2.19666e-36
1.0,1.1749e-19
1.0,1.35344e-19
1.0,1.27479e-21
1.0,6.81038e-19
1.0,2.99537e-23
1.0,0.0
1.0,6.59111e-19
1.0,3.51249e-21
1.0,0.0
1.0,2.95542e-23
1.0,4.41657e-22
1.0,7.43266e-26
1.0,0.0
1.0,0.0
1.0,1.659e-26
1.0,0.0
1.0,1.02068e-23
1.0,3.88393e-34
1.0,3.71249e-29
1.0,9.35621e-26
1.0,5.47262e-20
1.0,2.22159e-17
1.0,9.62438e-19
1.0,8.74838e-23
1.0,1.1991e-29
1.0,2.40608e-16
1.0,8.34325e-30
1.0,1.24871e-28
1.0,0.0
1.0,0.0
1.0,0.0
1.0,0.0
1.0,8.78375e-18
1.0,1.42521e-35
1.0,2.46334e-27
1.0,5.42847e-30
1.0,5.07653e-20
1.0,6.00887e-35
1.0,6.66136e-23
1.0,0.0
1.0,3.38673e-21
1.0,1.25948e-31
1.0,1.79121e-30
1.0,0.0
1.0,8.50072e-25
1.0,6.48826e-24
1.0,1.45771e-38
1.0,0.0
1.0,8.64776e-27
1.0,1.01486e-20
1.0,0.0
1.0,1.50593e-28
1.0,1.89175e-20
1.0,0.0
1.0,1.66046e-16
1.0,1.12954e-18
1.0,1.3797e-36
1.0,7.66385e-37
1.0,2.92269e-21
1.0,0.0
1.0,1.29469e-21
1.0,1.4491e-26
1.0,9.44263e-25
1.0,0.0
1.0,0.0
1.0,1.54413e-30
1.0,2.14734e-21
1.0,3.04711e-20
1.0,2.11865e-24
1.0,0.0
1.0,2.05173e-23
1.0,6.84168e-32
1.0,5.62853e-23
1.0,3.21254e-25
1.0,6.89314e-23
1.0,8.42757e-21
1.0,0.0
1.0,0.0
1.0,3.27696e-23
1.0,3.59161e-18
1.0,1.40368e-18
1.0,2.46842e-18
1.0,9.31372e-34
1.0,2.65831e-17
1.0,8.13325e-18
1.0,5.89127e-17
1.0,0.0
1.0,5.92462e-33
1.0,1.2194e-20
1.0,1.3644e-17
1.0,5.45634e-19
1.0,0.0
1.0,7.62118e-35
1.0,4.21029e-28
1.0,1.77113e-24
1.0,0.0
1.0,0.0
1.0,0.0
1.0,4.76392e-27
1.0,6.49367e-28
1.0,3.81075e-36
1.0,3.68103e-23
1.0,0.0
1.0,0.0
1.0,2.08918e-28
1.0,4.43598e-17
1.0,0.0
1.0,2.0041e-24
1.0,0.0
1.0,0.0
1.0,6.59136e-17
1.0,1.2033e-31
1.0,3.58117e-18
1.0,1.63455e-17
1.0,0.0
1.0,0.0
1.0,0.0
1.0,1.92252e-27
1.0,7.35392e-19
1.0,0.0
1.0,7.45784e-38
1.0,1.23734e-24
1.0,0.0
1.0,0.0
1.0,2.03563e-36
1.0,2.65326e-23
1.0,0.0
1.0,4.49757e-36
1.0,2.88543e-22
1.0,5.71566e-21
1.0,5.4046e-26
1.0,2.28246e-36
1.0,3.28471e-23
1.0,3.85029e-24
1.0,3.57625e-18
1.0,0.0
1.0,8.18436e-32
1.0,8.29859e-29
1.0,4.76265e-25
1.0,3.3029e-22
1.0,0.0
1.0,0.0
1.0,9.16585e-30
1.0,3.66057e-23
1.0,1.06628e-19
1.0,0.0
1.0,2.57113e-19
1.0,5.18642e-19
1.0,1.33758e-16
1.0,1.78298e-24
1.0,1.39248e-18
1.0,0.0
1.0,0.0
1.0,0.0
1.0,4.8209e-30
1.0,4.07702e-21
1.0,0.0
1.0,2.77224e-27
1.0,1.55559e-20
1.0,1.44979e-20
1.0,2.71441e-30
1.0,0.0
1.0,2.60607e-22
1.0,3.19856e-17
1.0,0.0
1.0,8.97691e-24
1.0,2.91271e-18
1.0,3.14938e-27
1.0,4.82433e-27
1.0,1.96293e-30
1.0,1.03077e-23
1.0,7.73363e-23
1.0,6.6478e-26
1.0,5.33028e-26
1.0,0.0
1.0,0.0
1.0,4.06476e-36
1.0,9.47306e-21
1.0,0.0
1.0,6.29892e-37
1.0,7.92942e-30
1.0,8.86939e-29
1.0,2.93459e-23
1.0,1.35573e-21
1.0,1.34238e-17
1.0,2.09384e-20
1.0,4.99179e-16
1.0,1.44407e-17
1.0,3.24581e-19
1.0,0.0
1.0,0.0
1.0,0.0
1.0,0.0
1.0,2.08571e-33
1.0,6.98757e-31
1.0,3.07099e-25
1.0,4.06088e-20
1.0,2.60677e-20
1.0,0.0
1.0,0.0
1.0,3.49078e-22
1.0,2.11566e-19
1.0,1.44288e-18
1.0,0.0
1.0,2.17317e-33
1.0,3.26722e-19
1.0,6.59627e-32
1.0,9.05069e-18
1.0,0.0
1.0,0.0
1.0,0.0
1.0,4.42631e-19
1.0,2.28974e-27
1.0,5.53919e-26
1.0,3.05847e-22
1.0,4.19652e-20
1.0,0.0
1.0,1.43791e-19
1.0,5.50032e-24
1.0,1.68882e-20
1.0,0.0
1.0,0.0
1.0,0.0
1.0,0.0
1.0,8.12696e-33
1.0,1.74423e-18
1.0,1.68177e-26
1.0,2.03238e-20
1.0,0.0
1.0,1.46913e-36
1.0,7.45976e-18
1.0,0.0
1.0,1.59476e-38
1.0,3.00523e-18
1.0,0.0
1.0,1.65898e-25
1.0,1.68309e-23
1.0,0.0
1.0,0.0
1.0,2.71064e-19
1.0,0.0
1.0,2.87214e-33
1.0,1.28629e-22
1.0,1.6475e-18
1.0,1.58303e-19
1.0,2.0201e-36
1.0,7.14232e-24
1.0,1.97157e-18
1.0,1.38475e-20
1.0,0.0
1.0,2.79582e-33
1.0,1.36331e-30
1.0,0.0
1.0,2.40264e-26
1.0,4.96588e-34
1.0,7.07052e-26
1.0,0.0
1.0,0.0
1.0,1.34297e-37
1.0,7.54336e-30
1.0,4.15253e-20
1.0,0.0
1.0,0.0
1.0,0.0
1.0,1.26631e-25
1.0,6.86498e-24
1.0,0.0
1.0,4.35998e-24
1.0,4.30079e-18
1.0,0.0
1.0,8.48801e-18
1.0,7.2129e-17
1.0,0.0
1.0,0.0
1.0,2.68339e-38
1.0,4.11873e-19
1.0,2.08663e-25
1.0,3.34045e-29
1.0,1.52393e-25
1.0,0.0
1.0,2.23144e-22
1.0,1.98122e-20
1.0,1.38751e-28
1.0,0.0
1.0,0.0
1.0,1.02093e-18
1.0,0.0
1.0,0.0
1.0,2.97001e-33
1.0,5.23599e-30
1.0,6.25254e-23
1.0,0.0
1.0,1.81135e-20
1.0,0.0
1.0,0.0
1.0,0.0
1.0,6.72957e-19
1.0,5.54912e-37
1.0,1.09113e-22
1.0,6.0599e-21
1.0,4.8863e-18
1.0,0.0
1.0,4.22016e-30
1.0,0.0
1.0,4.03884e-23
1.0,3.20548e-26
1.0,7.21165e-27
1.0,4.43891e-26
1.0,9.70157e-26
1.0,2.97282e-26
1.0,9.24223e-27
1.0,0.0
1.0,0.0
1.0,0.0
1.0,1.00177e-37
1.0,0.0
1.0,0.0
1.0,1.64902e-37
1.0,4.18198e-25
1.0,0.0
1.0,0.0
1.0,0.0
1.0,5.57173e-30
1.0,8.94273e-25
1.0,1.15983e-34
1.0,1.59663e-18
1.0,3.30164e-18
1.0,2.8432e-19
1.0,2.09072e-30
1.0,1.19811e-28
1.0,2.24689e-35
1.0,0.0
1.0,8.43469e-18
1.0,2.04137e-36
1.0,7.69912e-25
1.0,0.0
1.0,0.0
1.0,1.31197e-33
1.0,2.49802e-21
1.0,2.68639e-17
1.0,2.73834e-18
1.0,0.0
1.0,1.29957e-26
1.0,0.0
1.0,1.94144e-24
1.0,9.64695e-19
1.0,0.0
1.0,2.76015e-21
1.0,0.0
1.0,2.00147e-25
1.0,3.81563e-19
1.0,1.54745e-28
1.0,8.453e-22
1.0,2.21128e-18
1.0,1.92342e-21
1.0,0.0
1.0,3.54154e-36
1.0,0.0
1.0,6.61478e-21
1.0,1.54603e-24
1.0,1.46711e-20
1.0,0.0
1.0,2.87706e-18
1.0,6.5533e-27
1.0,1.61355e-20
1.0,1.38817e-22
1.0,0.0
1.0,5.4889e-37
1.0,5.7783e-27
1.0,1.13133e-18
1.0,3.47036e-25
1.0,1.55802e-24
1.0,9.58442e-23
1.0,1.55923e-24
1.0,0.0
1.0,0.0
1.0,1.05366e-20
1.0,0.0
1.0,8.21713e-22
1.0,0.0
1.0,0.0
1.0,4.86691e-37
1.0,1.05789e-27
1.0,3.67762e-34
1.0,2.70461e-26
1.0,6.12315e-21
1.0,1.0929e-18
1.0,5.85106e-26
1.0,6.50034e-27
1.0,3.07901e-22
1.0,0.0
1.0,4.04686e-21
1.0,4.97138e-34
1.0,0.0
1.0,0.0
1.0,2.51026e-30
1.0,1.06088e-23
1.0,1.56966e-30
1.0,8.3861e-22
1.0,8.32807e-18
1.0,1.19298e-28
1.0,6.5683e-25
1.0,3.67735e-25
1.0,1.63582e-18
1.0,6.93239e-26
1.0,2.09887e-25
1.0,4.71021e-22
1.0,1.99394e-26
1.0,3.8709e-18
1.0,0.0
1.0,0.0
1.0,6.57729e-35
1.0,2.18373e-21
1.0,3.74693e-20
1.0,4.05061e-23
1.0,1.35184e-18
1.0,0.0
1.0,0.0
1.0,8.77075e-21
1.0,3.07856e-18
1.0,2.54204e-32
1.0,0.0
1.0,3.63188e-21
1.0,5.54806e-20
1.0,1.62295e-17
1.0,0.0
1.0,9.34779e-18
1.0,1.19113e-18
1.0,1.60892e-16
1.0,3.28357e-31
1.0,7.85007e-34
1.0,0.0
1.0,4.24756e-31
1.0,1.54267e-16
1.0,1.81794e-25
1.0,1.39083e-16
1.0,0.0
1.0,2.67194e-26
1.0,0.0
1.0,1.6109e-18
1.0,0.0
1.0,0.0
1.0,1.0865e-33
1.0,3.15989e-18
1.0,0.0
1.0,6.85108e-27
1.0,2.52546e-25
1.0,0.0
1.0,0.0
1.0,9.24713e-27
1.0,9.46387e-16
1.0,0.0
1.0,0.0
1.0,0.0
1.0,0.0
1.0,5.01227e-22
1.0,9.04479e-18
1.0,2.56883e-30
1.0,1.86166e-19
1.0,6.88768e-19
1.0,0.0
1.0,9.94924e-38
1.0,7.99861e-32
1.0,3.18902e-32
1.0,8.40618e-22
1.0,5.646e-18
1.0,6.9745e-23
1.0,6.34704e-22
1.0,1.00992e-25
1.0,9.26321e-23
1.0,0.0
1.0,1.7224e-17
1.0,7.08617e-24
1.0,1.05051e-20
1.0,5.18436e-19
1.0,0.0
1.0,3.01972e-27
1.0,7.37775e-19
1.0,0.0
1.0,0.0
1.0,0.0
1.0,0.0
1.0,0.0
1.0,4.27745e-29
1.0,1.87442e-17
1.0,4.65202e-19
1.0,0.0
1.0,3.30414e-21
1.0,0.0
1.0,2.04658e-36
1.0,8.41694e-21
1.0,1.97918e-18
1.0,5.89176e-17
1.0,1.45964e-17
1.0,0.0
1.0,0.0
1.0,6.75397e-27
1.0,1.47391e-24
1.0,7.58452e-19
1.0,1.90858e-18
1.0,0.0
1.0,1.07927e-20
1.0,0.0
1.0,7.10865e-35
1.0,4.24445e-16
1.0,7.80415e-18
1.0,0.0
1.0,3.05894e-17
1.0,0.0
1.0,0.0
1.0,4.37355e-29
1.0,1.11702e-16
1.0,2.25902e-16
1.0,5.93393e-26
1.0,1.15307e-24
1.0,1.36497e-29
1.0,2.97249e-20
1.0,0.0
1.0,1.8929e-38
1.0,2.55739e-18
1.0,7.54441e-26
1.0,1.8298e-38
1.0,1.68208e-24
1.0,9.96033e-23
1.0,2.01403e-19
1.0,0.0
1.0,2.47653e-36
1.0,1.21741e-19
1.0,9.31479e-18
1.0,6.15359e-22
1.0,5.51401e-28
1.0,0.0
1.0,4.30643e-23
1.0,8.39245e-20
1.0,3.51803e-22
1.0,3.21612e-26
1.0,0.0
1.0,4.68829e-27
1.0,3.23261e-25
1.0,3.66043e-22
1.0,4.38982e-18
1.0,0.0
1.0,1.34157e-34
1.0,6.38829e-34
1.0,9.16816e-30
1.0,3.2077e-21
1.0,0.0
1.0,0.0
1.0,0.0
1.0,0.0
1.0,0.0
1.0,6.80939e-20
1.0,3.81663e-27
1.0,4.78407e-23
1.0,1.83629e-18
1.0,2.00285e-18
1.0,0.0
1.0,6.94929e-31
1.0,7.91669e-31
1.0,4.35845e-26
1.0,1.42281e-19
1.0,1.29777e-18
1.0,4.1128e-33
1.0,5.83757e-18
1.0,1.64239e-25
1.0,0.0
1.0,0.0
1.0,3.45416e-30
1.0,3.34643e-21
1.0,0.0
1.0,1.32122e-23
1.0,3.03386e-17
1.0,0.0
1.0,4.71338e-18
1.0,0.0
1.0,3.18668e-20
1.0,6.84664e-25
1.0,4.06685e-19
1.0,8.76501e-18
1.0,0.0
1.0,3.79528e-33
1.0,3.93172e-26
1.0,1.38209e-24
1.0,0.0
1.0,3.71336e-33
1.0,1.34913e-31
1.0,7.46417e-27
1.0,3.58657e-27
1.0,1.95643e-24
1.0,1.07606e-22
1.0,2.89593e-21
1.0,8.13694e-19
1.0,3.37106e-28
1.0,2.03421e-20
1.0,3.74166e-25
