1.3502e-10,1.0
0.998627,0.00137298
0.993165,0.00683478
0.0,1.0
2.67672e-16,1.0
0.999646,0.000354153
0.951332,0.048668
2.10319e-15,1.0
4.26572e-17,1.0
1.29542e-19,1.0
0.996713,0.00328662
0.0,1.0
0.948063,0.0519372
4.14726e-07,1.0
0.991923,0.00807724
0.0692959,0.930704
0.96835,0.0316503
0.984765,0.0152349
0.993076,0.00692365
0.998509,0.0014908
0.998933,0.00106652
0.998843,0.00115659
0.988577,0.0114229
0.958445,0.0415545
0.99334,0.00665992
0.99567,0.00432984
0.991151,0.00884908
0.999334,0.000665679
1.49776e-06,0.999998
0.10822,0.89178
0.988106,0.0118941
9.37623e-09,1.0
0.986988,0.013012
8.80525e-35,1.0
6.03108e-12,1.0
0.979305,0.0206946
0.0,1.0
0.999,0.00100005
0.657586,0.342414
0.999807,0.000193135
6.88223e-16,1.0
0.999341,0.000658753
3.37756e-36,1.0
8.6114e-13,1.0
5.57925e-07,0.999999
0.997647,0.00235291
0.990421,0.00957944
0.932605,0.0673954
1.58564e-07,1.0
2.66416e-20,1.0
0.731886,0.268114
4.63396e-38,1.0
0.9954,0.00460011
0.954428,0.0455717
0.997335,0.00266517
5.09913e-25,1.0
9.39731e-18,1.0
0.998524,0.0014755
0.955979,0.0440206
5.7432e-37,1.0
0.0639352,0.936065
0.928579,0.0714212
0.964291,0.0357094
0.99896,0.00104037
0.990635,0.00936495
0.999318,0.000681541
0.905372,0.094628
0.980944,0.019056
0.995745,0.00425532
2.9786e-11,1.0
1.25422e-11,1.0
0.180941,0.819059
0.999072,0.000928407
2.55293e-05,0.999974
0.998792,0.00120788
3.02594e-12,1.0
0.000129606,0.99987
6.71267e-09,1.0
0.896357,0.103643
0.0268482,0.973152
0.98483,0.01517
0.986181,0.0138191
0.74048,0.25952
0.996824,0.00317588
0.999015,0.000984816
0.0,1.0
0.997747,0.00225288
0.991815,0.00818503
0.0,1.0
0.9843,0.0157002
0.998816,0.00118359
0.951385,0.0486148
6.60974e-12,1.0
0.562686,0.437314
0.953877,0.0461234
0.602418,0.397582
0.673991,0.326009
3.01373e-13,1.0
0.997701,0.00229882
0.936462,0.0635383
2.48419e-38,1.0
1.56563e-08,1.0
3.25223e-19,1.0
0.950278,0.049722
3.67623e-22,1.0
0.00115963,0.99884
0.0,1.0
1.44479e-28,1.0
0.00127669,0.998723
0.990365,0.00963484
0.99252,0.00747969
1.00634e-24,1.0
0.870902,0.129098
1.00327e-14,1.0
0.999371,0.000628576
0.000183516,0.999816
0.996712,0.00328782
0.98838,0.01162
0.999192,0.000808333
0.962275,0.0377247
0.994522,0.00547829
0.996965,0.00303469
4.93761e-13,1.0
0.0,1.0
0.94152,0.0584805
0.996304,0.00369628
0.992322,0.00767846
0.999146,0.000853476
0.758096,0.241904
1.51489e-09,1.0
0.996294,0.00370572
0.988617,0.0113829
0.930146,0.069854
0.869008,0.130992
0.993666,0.0063344
5.04043e-10,1.0
0.00832288,0.991677
0.989705,0.0102945
1.88352e-33,1.0
0.732618,0.267382
0.999089,0.000911169
0.99575,0.00425002
0.996199,0.00380105
0.988561,0.0114387
0.763233,0.236767
0.951058,0.0489425
4.446e-12,1.0
0.994016,0.005984
0.0573454,0.942655
0.997759,0.00224107
0.999384,0.000615942
0.996061,0.00393908
0.999849,0.000151122
0.998926,0.00107425
0.870104,0.129896
1.18156e-18,1.0
0.974172,0.0258277
0.998709,0.00129103
1.08254e-34,1.0
2.50083e-20,1.0
0.979186,0.0208142
0.955348,0.0446522
0.988912,0.0110882
2.92753e-14,1.0
0.901936,0.0980635
0.999823,0.000177278
0.99696,0.00303996
0.998292,0.00170809
4.69003e-20,1.0
0.980502,0.0194983
0.997437,0.00256299
0.949615,0.0503845
0.992762,0.00723837
0.964174,0.0358256
5.45989e-31,1.0
0.988482,0.0115184
0.944968,0.0550321
0.000432546,0.999567
0.924802,0.0751982
1.6141e-27,1.0
5.62155e-05,0.999944
0.7057,0.2943
0.975,0.025
0.956796,0.0432043
8.62848e-06,0.999991
0.988822,0.0111777
1.4645e-07,1.0
3.19986e-25,1.0
4.55381e-08,1.0
0.994677,0.00532325
0.993502,0.00649773
0.988917,0.0110829
0.818126,0.181874
8.78382e-05,0.999912
0.997427,0.00257336
0.509882,0.490118
0.98267,0.01733
1.0512e-15,1.0
0.997542,0.00245795
3.65454e-07,1.0
0.967915,0.0320849
0.957611,0.0423892
0.996167,0.00383315
0.832611,0.167389
0.546404,0.453596
0.999591,0.000409428
1.04616e-10,1.0
0.999446,0.00055378
0.997752,0.00224817
3.69003e-19,1.0
0.998698,0.00130194
1.56937e-16,1.0
0.0,1.0
1.79432e-09,1.0
0.995389,0.00461103
0.524911,0.475089
0.646077,0.353923
0.042441,0.957559
0.998748,0.00125159
0.989043,0.0109565
3.35867e-08,1.0
5.02117e-16,1.0
0.0,1.0
2.07166e-07,1.0
8.84404e-24,1.0
0.995601,0.00439942
2.5159e-13,1.0
0.979981,0.0200187
0.000431051,0.999569
4.45958e-16,1.0
0.0,1.0
5.37682e-07,0.999999
8.09677e-08,1.0
0.0,1.0
0.990821,0.00917887
3.33555e-26,1.0
0.998997,0.00100291
2.34765e-10,1.0
0.000587686,0.999412
0.0499767,0.950023
5.18737e-20,1.0
0.517884,0.482115
0.559508,0.440492
3.96069e-23,1.0
0.973292,0.0267081
0.998828,0.00117235
0.997453,0.00254707
3.04919e-19,1.0
0.989669,0.0103312
0.957556,0.0424435
0.0112056,0.988794
0.915146,0.0848537
3.3294e-38,1.0
4.42033e-14,1.0
4.94765e-08,1.0
5.77985e-17,1.0
0.0110432,0.988957
0.998376,0.00162417
0.998208,0.00179237
0.996656,0.00334398
0.996439,0.0035609
0.991693,0.00830727
1.24683e-32,1.0
0.024971,0.975029
0.960584,0.0394156
0.99236,0.00764025
0.938369,0.0616308
0.999811,0.000188779
0.967542,0.0324583
1.4874e-05,0.999985
0.0204893,0.979511
2.40573e-13,1.0
0.0,1.0
0.994964,0.00503634
0.998597,0.00140299
0.0178764,0.982124
0.999561,0.000439214
0.0,1.0
0.993533,0.00646714
7.57109e-09,1.0
0.974472,0.0255281
1.33755e-19,1.0
0.0165458,0.983454
0.99166,0.00833964
5.67026e-34,1.0
0.970796,0.0292044
0.987276,0.0127237
0.984336,0.0156643
0.998468,0.00153155
0.989477,0.0105225
0.996432,0.00356774
0.989683,0.0103174
0.997227,0.00277269
0.997788,0.00221175
9.09521e-09,1.0
2.07344e-17,1.0
2.01422e-14,1.0
0.000403419,0.999597
0.964155,0.0358454
0.995757,0.00424279
0.997884,0.00211554
0.0455002,0.9545
0.993884,0.00611613
6.06331e-19,1.0
5.56878e-20,1.0
0.0267218,0.973278
0.987893,0.0121071
0.604668,0.395332
0.977935,0.0220653
0.990904,0.00909581
0.859413,0.140587
0.994511,0.00548941
0.964651,0.0353485
0.988996,0.0110037
0.999188,0.000811709
0.00127091,0.998729
0.950698,0.0493015
0.982734,0.0172659
0.961572,0.0384282
0.970942,0.0290583
0.997154,0.00284633
0.356079,0.643921
0.999582,0.000417849
0.000190011,0.99981
8.86664e-10,1.0
0.996375,0.00362548
0.999791,0.000208678
0.997577,0.00242252
0.998263,0.00173714
0.998456,0.00154405
0.895208,0.104792
0.999978,2.18119e-05
0.00479837,0.995202
1.28611e-29,1.0
0.999052,0.000947999
0.991423,0.00857674
0.0765626,0.923437
0.997283,0.00271741
8.55319e-24,1.0
5.15003e-26,1.0
3.02889e-15,1.0
3.91207e-07,1.0
0.0436253,0.956375
0.999141,0.000859457
0.994192,0.00580809
0.998231,0.00176949
1.05579e-09,1.0
0.999914,8.64569e-05
0.999548,0.000452348
0.987724,0.0122759
0.983625,0.0163749
0.997575,0.00242517
0.992505,0.00749519
4.50031e-13,1.0
1.67791e-09,1.0
5.44635e-08,1.0
0.902303,0.0976972
0.999708,0.000292059
0.962989,0.0370107
4.62541e-17,1.0
2.74966e-06,0.999997
0.000230926,0.999769
1.17263e-24,1.0
0.141372,0.858628
0.35241,0.64759
0.437774,0.562226
0.509368,0.490632
0.999013,0.000987047
0.981639,0.0183606
0.999167,0.000832924
0.996179,0.00382089
0.999658,0.000342343
5.94265e-07,0.999999
0.999956,4.36135e-05
0.996653,0.00334737
0.998339,0.00166115
0.999392,0.000608204
0.999037,0.000962928
1.11667e-31,1.0
0.983945,0.0160548
2.57583e-07,1.0
0.603443,0.396557
0.999231,0.000768618
1.02058e-06,0.999999
2.99674e-16,1.0
0.99861,0.00138977
0.996307,0.00369333
0.835511,0.164489
0.989204,0.0107957
0.988665,0.0113346
0.992432,0.00756794
1.76857e-29,1.0
0.999797,0.000202963
0.554314,0.445686
0.0108312,0.989169
0.998821,0.001179
4.16262e-36,1.0
0.0,1.0
0.973715,0.0262851
0.959766,0.0402343
0.999251,0.000749041
0.0665522,0.933448
0.998438,0.00156175
0.997133,0.00286656
0.974784,0.0252164
1.76221e-05,0.999982
1.17934e-32,1.0
0.992056,0.00794377
0.99967,0.000329566
0.0,1.0
3.58142e-12,1.0
0.999641,0.000358924
0.748987,0.251013
0.919308,0.0806918
3.66183e-38,1.0
0.997044,0.00295647
0.956004,0.043996
0.998083,0.00191665
0.434431,0.565569
0.0942244,0.905775
0.996906,0.00309363
0.995247,0.00475255
0.995203,0.00479703
0.999019,0.000981142
2.35722e-22,1.0
0.0,1.0
5.28715e-24,1.0
0.99617,0.00382981
0.113582,0.886418
0.997976,0.00202383
0.136683,0.863317
1.41961e-15,1.0
0.64545,0.35455
0.922017,0.0779834
0.998066,0.00193442
0.569279,0.430721
6.4776e-08,1.0
7.88163e-07,0.999999
3.79316e-28,1.0
0.999159,0.000841334
0.961302,0.0386984
0.961558,0.0384425
0.988303,0.0116968
0.940906,0.0590937
0.994722,0.00527749
4.20745e-09,1.0
1.47218e-11,1.0
0.998001,0.00199882
0.994322,0.00567781
0.815054,0.184946
0.979371,0.0206287
2.15257e-16,1.0
3.25641e-11,1.0
0.0169158,0.983084
0.0198892,0.980111
0.996173,0.00382716
0.942621,0.0573792
0.99988,0.000119734
6.60493e-13,1.0
0.997036,0.00296374
0.264386,0.735614
0.994146,0.00585396
4.70497e-34,1.0
0.99429,0.00571006
0.966951,0.033049
0.99617,0.00382976
0.998916,0.00108397
0.993832,0.00616835
0.997954,0.00204608
3.75475e-12,1.0
0.926748,0.073252
0.0,1.0
0.920104,0.0798958
0.913883,0.0861173
3.6006e-05,0.999964
7.33396e-30,1.0
0.998533,0.00146695
0.995444,0.0045558
0.998985,0.00101446
0.691107,0.308893
0.999316,0.000684447
0.89575,0.10425
0.98367,0.0163296
0.999377,0.000622949
1.14582e-08,1.0
0.917377,0.0826231
2.73078e-21,1.0
0.998616,0.00138395
9.49563e-30,1.0
0.396747,0.603253
8.60149e-15,1.0
0.77766,0.22234
2.40468e-12,1.0
1.45261e-07,1.0
0.958899,0.0411009
0.993285,0.00671543
1.86416e-09,1.0
4.311e-11,1.0
0.985527,0.0144732
0.000287664,0.999712
0.997393,0.00260646
1.55096e-05,0.999985
1.2116e-34,1.0
0.0314453,0.968555
1.12926e-08,1.0
0.983917,0.0160828
9.81498e-21,1.0
0.999172,0.000828365
0.0160695,0.98393
1.0682e-08,1.0
0.983174,0.0168259
2.92927e-21,1.0
0.0,1.0
0.994369,0.00563103
9.47456e-09,1.0
0.803662,0.196338
2.74465e-35,1.0
8.74081e-08,1.0
0.342406,0.657594
0.746459,0.253541
7.30425e-30,1.0
0.982893,0.0171076
0.999725,0.000274983
0.980185,0.0198152
0.975762,0.0242377
0.0,1.0
0.999215,0.000785197
0.996,0.00400034
3.9795e-18,1.0
0.981503,0.0184966
0.998679,0.00132132
0.982203,0.0177974
0.940601,0.0593992
0.98513,0.01487
0.819517,0.180483
0.998304,0.00169635
0.9924,0.00759986
0.103932,0.896068
0.669987,0.330012
0.986756,0.0132437
0.997134,0.00286579
0.998168,0.00183246
0.0101122,0.989888
0.978425,0.0215753
1.52369e-07,1.0
0.998159,0.00184088
2.13416e-16,1.0
0.996833,0.00316716
0.861186,0.138814
0.996831,0.00316923
5.1744e-07,1.0
2.51105e-26,1.0
0.998071,0.00192919
1.64656e-20,1.0
1.86709e-17,1.0
0.997916,0.00208397
0.99944,0.000560126
0.65107,0.34893
2.03562e-14,1.0
0.976468,0.0235322
0.965286,0.0347135
0.880114,0.119886
0.994732,0.00526813
2.60458e-05,0.999974
0.98671,0.0132898
0.559154,0.440846
0.99748,0.00252002
0.97964,0.0203604
0.809779,0.190221
0.00155579,0.998444
0.876807,0.123193
0.992593,0.00740688
0.945574,0.0544255
7.13167e-16,1.0
0.98588,0.0141201
0.972417,0.0275826
0.0,1.0
0.244947,0.755053
0.899608,0.100392
3.89517e-08,1.0
0.979595,0.0204047
0.991525,0.00847548
2.21042e-32,1.0
0.818895,0.181105
0.986288,0.0137117
0.98673,0.0132695
0.997849,0.00215077
0.994321,0.00567909
1.55587e-12,1.0
0.990402,0.00959769
1.20369e-13,1.0
0.563093,0.436907
0.000201507,0.999798
0.989922,0.0100785
4.99192e-17,1.0
1.2665e-06,0.999999
0.999596,0.000404445
0.996559,0.0034413
0.993937,0.00606338
0.99148,0.00852049
0.998212,0.00178751
0.999978,2.24413e-05
0.995382,0.0046176
0.972164,0.0278364
0.895299,0.104701
0.995731,0.00426904
0.981008,0.0189919
0.999233,0.000766598
3.36826e-22,1.0
2.45346e-06,0.999997
0.995897,0.00410327
0.0,1.0
0.310469,0.689531
0.991209,0.00879072
1.69e-15,1.0
0.998238,0.00176174
0.998492,0.00150832
0.994506,0.00549366
3.06193e-24,1.0
0.966276,0.0337241
0.997813,0.00218736
0.95796,0.0420398
1.41707e-10,1.0
0.966278,0.0337222
1.05385e-17,1.0
0.326326,0.673674
5.71289e-17,1.0
1.83587e-10,1.0
1.51901e-29,1.0
0.999861,0.000138467
2.4307e-15,1.0
1.96375e-07,1.0
0.993563,0.00643707
4.89255e-34,1.0
5.0418e-10,1.0
0.180126,0.819874
0.993612,0.00638764
0.879529,0.120471
0.998704,0.00129592
0.33037,0.66963
0.999666,0.000334087
0.919706,0.0802938
0.996553,0.0034469
9.84134e-12,1.0
0.877595,0.122405
0.995791,0.00420866
0.0,1.0
5.30114e-06,0.999995
0.0353711,0.964629
0.826448,0.173552
0.00024577,0.999754
0.993932,0.00606769
3.68694e-10,1.0
1.98568e-06,0.999998
0.978167,0.0218328
0.997004,0.00299571
0.977559,0.0224407
0.000197335,0.999803
0.985926,0.0140744
4.06517e-05,0.999959
0.987406,0.012594
0.995937,0.00406248
0.596173,0.403827
0.0,1.0
0.981187,0.0188127
1.01427e-15,1.0
1.02741e-06,0.999999
0.803506,0.196494
0.930803,0.0691969
0.277611,0.722389
0.000505969,0.999494
0.908889,0.091111
0.997395,0.00260474
0.917536,0.0824635
0.99101,0.00899008
0.991907,0.00809344
0.937654,0.0623464
0.998017,0.00198327
0.999806,0.00019364
7.00834e-07,0.999999
0.997166,0.00283443
0.969212,0.0307885
4.55426e-17,1.0
0.993389,0.0066114
0.997539,0.00246077
7.38375e-05,0.999926
0.99864,0.00135962
0.00173717,0.998263
0.999092,0.000908552
0.978655,0.021345
0.0,1.0
0.999498,0.000501517
0.994215,0.00578535
0.999349,0.00065105
0.0,1.0
0.99617,0.0038297
0.999454,0.000545884
0.109577,0.890423
0.970724,0.0292758
0.997652,0.0023481
6.24726e-07,0.999999
0.888506,0.111494
0.980445,0.0195546
0.993725,0.00627516
0.990719,0.00928073
3.04855e-17,1.0
2.60353e-15,1.0
0.996367,0.00363296
0.998765,0.00123553
0.99427,0.0057301
3.12179e-08,1.0
2.58582e-06,0.999997
1.62936e-14,1.0
0.868996,0.131004
0.922413,0.077587
1.36485e-07,1.0
0.357896,0.642104
6.91406e-26,1.0
0.797686,0.202314
0.596795,0.403205
0.989264,0.0107359
0.999067,0.000932568
0.949606,0.0503939
4.00691e-29,1.0
2.64458e-10,1.0
0.99754,0.00246037
3.2899e-16,1.0
4.12592e-17,1.0
0.0221921,0.977808
1.64696e-11,1.0
7.01599e-10,1.0
0.08224,0.91776
0.968016,0.0319844
0.0677456,0.932254
0.49183,0.50817
0.935901,0.0640989
9.71534e-19,1.0
0.998504,0.00149624
6.82358e-08,1.0
0.999798,0.000202366
0.928511,0.0714888
0.971747,0.0282531
0.939924,0.0600761
0.99847,0.00153029
0.948723,0.0512769
0.999164,0.000836383
0.992474,0.00752632
0.0,1.0
8.90004e-20,1.0
0.0429448,0.957055
0.996664,0.00333599
0.99613,0.00387048
0.980704,0.0192957
0.999106,0.000893925
0.952333,0.0476668
0.9993,0.000700325
0.0,1.0
0.988687,0.0113133
1.60342e-09,1.0
0.00708439,0.992916
0.969476,0.0305236
0.979956,0.0200445
0.993288,0.00671225
0.656206,0.343794
0.457381,0.542619
0.608256,0.391744
0.549365,0.450635
0.997287,0.00271276
7.66163e-30,1.0
0.99212,0.00787983
0.0425769,0.957423
0.999354,0.000645992
0.998972,0.001028
0.587966,0.412034
0.999096,0.000904241
0.992552,0.00744844
0.00172705,0.998273
0.983891,0.016109
0.99938,0.000620136
0.959533,0.0404672
1.28827e-18,1.0
5.32974e-13,1.0
0.00823748,0.991763
0.663268,0.336732
1.41697e-05,0.999986
0.987855,0.0121453
1.47113e-07,1.0
1.50183e-25,1.0
0.69974,0.30026
0.0,1.0
0.991086,0.00891399
0.0,1.0
0.0386236,0.961376
0.994717,0.00528344
0.395793,0.604207
0.960244,0.0397559
0.312929,0.687071
0.988954,0.0110457
3.68674e-07,1.0
0.995543,0.00445746
0.983806,0.0161943
0.994016,0.0059839
0.983668,0.0163322
0.99908,0.000920251
1.14458e-22,1.0
4.841e-07,1.0
0.99505,0.00494996
3.91654e-15,1.0
0.994026,0.0059744
0.0,1.0
1.48066e-14,1.0
7.49259e-13,1.0
3.01218e-15,1.0
0.996036,0.00396427
0.991405,0.0085946
0.988939,0.0110607
0.902638,0.0973624
0.229741,0.770259
1.22584e-26,1.0
1.1795e-15,1.0
6.3221e-12,1.0
0.991296,0.00870386
0.890854,0.109146
0.997068,0.00293209
0.000732821,0.999267
0.954419,0.0455805
0.0,1.0
0.999357,0.000643116
0.983827,0.0161733
0.0,1.0
3.36339e-07,1.0
0.985623,0.014377
0.973042,0.0269576
2.1833e-23,1.0
0.995907,0.00409317
0.953257,0.0467432
0.995042,0.00495836
0.983585,0.0164145
0.996662,0.00333849
2.51548e-05,0.999975
0.98763,0.0123701
4.84764e-27,1.0
0.979604,0.0203965
0.638865,0.361135
0.973515,0.0264854
2.88999e-09,1.0
0.989525,0.0104749
0.165275,0.834725
0.99627,0.0037299
0.937903,0.0620968
4.92784e-23,1.0
1.11588e-13,1.0
0.995222,0.00477781
0.993636,0.00636386
0.969053,0.0309473
4.29885e-24,1.0
0.741514,0.258486
0.997118,0.00288174
2.32039e-08,1.0
0.000225857,0.999774
0.993616,0.00638444
0.0057214,0.994279
5.53814e-07,0.999999
0.930166,0.0698335
1.84244e-08,1.0
0.999319,0.000680663
0.948745,0.0512553
0.999631,0.000369432
0.0,1.0
0.999941,5.86972e-05
0.996049,0.00395096
0.43599,0.56401
0.11004,0.88996
0.970968,0.0290322
0.947316,0.0526836
0.940753,0.0592467
8.16647e-10,1.0
0.994933,0.005067
0.98757,0.0124304
0.996802,0.0031979
0.995957,0.00404299
0.984812,0.0151878
0.998673,0.00132655
0.704077,0.295923
1.9012e-05,0.999981
5.80221e-10,1.0
0.841481,0.158519
0.954579,0.0454208
0.99881,0.00119032
0.439643,0.560357
0.997685,0.00231453
0.993956,0.00604375
7.97883e-10,1.0
0.00389771,0.996102
0.053875,0.946125
0.993498,0.00650158
4.68389e-30,1.0
0.73934,0.26066
0.999006,0.000994459
0.999481,0.000518507
0.998942,0.00105766
0.985716,0.0142844
0.999432,0.000567933
0.996302,0.00369759
3.99075e-06,0.999996
0.983457,0.0165428
0.980143,0.0198573
5.72007e-23,1.0
0.958852,0.0411476
0.998615,0.00138497
2.73906e-13,1.0
0.00690854,0.993091
0.996034,0.00396624
0.998426,0.00157405
0.97274,0.02726
0.323838,0.676162
0.0,1.0
0.858944,0.141056
0.994402,0.00559832
0.994639,0.00536082
0.969377,0.030623
0.997793,0.00220742
0.999311,0.00068868
0.273921,0.726079
3.0456e-08,1.0
0.997276,0.00272393
0.924302,0.075698
0.913486,0.0865136
0.975681,0.024319
2.24129e-37,1.0
0.999412,0.000588304
0.0119696,0.98803
8.06102e-22,1.0
0.973615,0.0263848
1.75272e-09,1.0
0.756576,0.243424
0.626067,0.373933
0.000180728,0.999819
0.520403,0.479597
0.837221,0.162779
0.708814,0.291186
0.960688,0.0393121
0.932439,0.0675607
0.967325,0.0326752
0.896214,0.103786
0.998453,0.00154673
0.966097,0.0339026
0.000138312,0.999862
0.985235,0.0147652
0.992297,0.00770306
0.846783,0.153217
5.81262e-34,1.0
0.871356,0.128644
0.867432,0.132568
0.998241,0.00175938
0.999773,0.000226785
0.990256,0.00974437
0.926546,0.0734545
0.999586,0.000413949
0.976743,0.0232569
0.431939,0.568061
0.996669,0.00333052
4.38739e-05,0.999956
0.136138,0.863862
1.10291e-15,1.0
0.991289,0.0087111
4.98674e-33,1.0
0.189098,0.810902
0.000293439,0.999707
0.996151,0.00384853
0.995714,0.00428576
0.985828,0.0141719
0.997617,0.00238256
0.98772,0.0122797
0.981225,0.0187751
4.11908e-17,1.0
0.98949,0.0105096
0.0006214,0.999379
0.984533,0.0154671
0.989146,0.0108543
0.998007,0.00199313
0.999106,0.000894358
0.958904,0.0410962
0.871341,0.128659
0.999734,0.000265622
0.999792,0.0002084
0.992181,0.00781945
0.993587,0.00641328
0.987991,0.012009
3.16616e-10,1.0
4.79051e-06,0.999995
7.83111e-32,1.0
0.998497,0.00150287
9.00806e-09,1.0
2.85003e-05,0.999972
0.995071,0.00492915
0.938355,0.0616449
0.999601,0.000398978
4.49644e-27,1.0
8.67713e-37,1.0
0.0,1.0
1.51005e-07,1.0
0.566062,0.433938
0.995875,0.0041251
0.999668,0.00033217
0.998869,0.00113088
0.990372,0.00962781
6.22242e-22,1.0
0.00249772,0.997502
0.997754,0.00224584
0.974717,0.0252832
0.00769418,0.992306
0.801578,0.198422
0.945487,0.0545135
0.985715,0.0142852
0.999632,0.000368455
4.57851e-31,1.0
0.187099,0.812901
0.990287,0.00971331
0.975105,0.0248949
0.977163,0.0228373
0.998897,0.00110307
0.995324,0.00467578
0.999941,5.84877e-05
2.46354e-13,1.0
0.995715,0.00428457
0.0,1.0
0.997182,0.00281807
0.995973,0.00402717
0.996023,0.00397683
1.76855e-28,1.0
0.996577,0.00342325
0.983324,0.0166763
0.993381,0.0066187
0.00139579,0.998604
1.27364e-07,1.0
0.993787,0.00621314
1.77891e-06,0.999998
0.99587,0.00412973
2.55748e-08,1.0
0.999475,0.000524921
0.778062,0.221938
0.0145262,0.985474
0.987216,0.0127838
0.844498,0.155502
4.97149e-09,1.0
7.21085e-14,1.0
3.45342e-35,1.0
0.998338,0.00166201
0.998961,0.00103938
0.994161,0.00583902
0.992698,0.00730163
0.998196,0.001804
0.999451,0.000548894
1.17941e-09,1.0
7.27577e-06,0.999993
0.996578,0.00342205
0.941923,0.0580772
1.22524e-14,1.0
6.95681e-13,1.0
0.999767,0.000233072
0.999882,0.000118262
0.993087,0.00691275
0.994672,0.00532835
0.569502,0.430498
4.01725e-33,1.0
2.27243e-11,1.0
0.990301,0.00969877
2.75168e-16,1.0
0.994542,0.00545755
0.991027,0.00897309
0.996108,0.00389192
1.17192e-05,0.999988
0.999176,0.000823484
0.999525,0.000474766
3.86228e-22,1.0
8.95142e-07,0.999999
4.20654e-38,1.0
0.000670257,0.99933
0.999954,4.61122e-05
0.00781138,0.992189
0.998809,0.00119112
0.999121,0.000878974
0.997216,0.00278431
2.11457e-17,1.0
0.529373,0.470627
5.0745e-07,1.0
0.0759737,0.924026
5.82049e-28,1.0
0.585783,0.414217
8.41511e-12,1.0
1.3448e-15,1.0
4.90192e-15,1.0
0.999593,0.000406817
0.977723,0.0222766
0.919082,0.0809184
0.985342,0.014658
0.967606,0.0323936
0.998715,0.00128489
0.99068,0.00932012
0.00222281,0.997777
0.969325,0.0306754
0.0,1.0
0.000833094,0.999167
0.996265,0.00373464
1.1348e-05,0.999989
3.7491e-29,1.0
0.999849,0.000151259
0.998529,0.00147068
0.981172,0.018828
0.990214,0.00978555
6.99573e-09,1.0
0.972747,0.0272527
0.00340196,0.996598
0.696681,0.303319
0.996216,0.00378391
7.40261e-13,1.0
0.993457,0.00654307
0.0,1.0
7.10357e-05,0.999929
0.477369,0.522631
0.993696,0.00630389
1.57826e-08,1.0
0.721521,0.278479
5.91507e-17,1.0
0.000624653,0.999375
0.998552,0.0014481
0.88868,0.11132
0.860561,0.139439
0.997418,0.00258182
0.964505,0.0354947
0.00597882,0.994021
0.997447,0.00255305
0.982333,0.017667
0.989688,0.010312
3.06427e-09,1.0
0.859824,0.140176
0.998275,0.00172499
0.999406,0.000593893
0.985495,0.0145054
0.930011,0.069989
0.998176,0.00182445
0.0,1.0
7.35038e-09,1.0
1.2627e-12,1.0
3.08187e-15,1.0
0.995271,0.00472876
1.18822e-23,1.0
0.997264,0.00273564
0.999929,7.05483e-05
0.0329959,0.967004
0.999273,0.000727187
5.87368e-13,1.0
0.048301,0.951699
0.0179353,0.982065
0.99704,0.00296007
0.0,1.0
0.99483,0.00516954
0.993563,0.00643749
3.03023e-16,1.0
0.000506621,0.999493
0.00101232,0.998988
0.998917,0.00108308
0.991037,0.00896271
4.84959e-16,1.0
5.76504e-36,1.0
0.984832,0.0151675
0.98893,0.0110703
1.16877e-10,1.0
3.67609e-05,0.999963
0.891081,0.108919
6.77303e-09,1.0
0.999376,0.000623692
0.990103,0.00989712
2.84446e-06,0.999997
0.994955,0.00504505
0.929917,0.0700833
0.998896,0.00110431
0.998901,0.00109858
0.98176,0.0182405
0.991067,0.00893308
1.50533e-37,1.0
0.979222,0.0207779
0.999376,0.000623527
0.514369,0.485631
0.992632,0.00736806
0.0968086,0.903191
0.991605,0.00839513
0.911784,0.0882158
0.998102,0.00189845
0.325806,0.674194
0.980338,0.0196622
0.731359,0.268641
6.33597e-20,1.0
2.07335e-21,1.0
1.04224e-05,0.99999
0.0107797,0.98922
7.11459e-22,1.0
1.20121e-17,1.0
0.996565,0.00343491
1.12773e-18,1.0
3.88686e-09,1.0
0.999086,0.000913885
0.991354,0.00864572
0.997885,0.00211473
0.994212,0.00578831
2.13504e-05,0.999979
0.999645,0.000355151
0.994556,0.00544366
0.738901,0.261099
0.999866,0.000133467
0.998437,0.00156296
0.99529,0.00471049
0.987998,0.0120018
0.994823,0.00517699
0.959288,0.0407117
0.995749,0.0042515
5.24778e-05,0.999948
0.985211,0.0147894
0.989797,0.010203
0.999056,0.000944227
0.0,1.0
0.660396,0.339604
0.0,1.0
0.999353,0.000647228
0.999615,0.000384694
4.71014e-05,0.999953
1.26756e-23,1.0
0.999842,0.00015787
0.993312,0.00668762
8.77151e-37,1.0
3.52916e-15,1.0
0.98911,0.0108895
0.992781,0.00721953
0.0,1.0
0.000452208,0.999548
0.981786,0.0182143
0.996698,0.00330176
0.984641,0.0153592
0.280754,0.719246
0.95405,0.0459501
2.1738e-15,1.0
0.99924,0.000759668
0.0539675,0.946033
0.495513,0.504487
0.994906,0.00509404
2.63423e-17,1.0
0.997428,0.00257237
0.999207,0.000793465
0.999613,0.000387375
0.866413,0.133587
1.19504e-12,1.0
5.63727e-09,1.0
6.85991e-05,0.999931
0.987753,0.0122466
0.0,1.0
0.976867,0.0231332
0.000588626,0.999411
0.529535,0.470465
1.33993e-07,1.0
0.998998,0.00100157
0.996705,0.00329487
0.99007,0.00993008
0.999902,9.80196e-05
0.824304,0.175696
0.957173,0.0428266
6.76039e-12,1.0
0.99166,0.00833976
0.9942,0.00580051
0.0,1.0
1.54368e-31,1.0
0.00857717,0.991423
0.977897,0.0221029
0.954537,0.0454632
0.951438,0.0485625
0.793837,0.206163
0.972296,0.027704
0.986291,0.0137088
0.461965,0.538035
8.65894e-06,0.999991
0.995188,0.00481211
0.97686,0.0231403
0.88368,0.11632
3.71138e-33,1.0
0.000184327,0.999816
0.0,1.0
0.999909,9.08552e-05
0.0,1.0
0.993708,0.00629174
0.0,1.0
2.71309e-09,1.0
0.184339,0.815661
0.874727,0.125273
0.998618,0.00138193
0.994781,0.00521903
0.0,1.0
0.988265,0.011735
9.61543e-05,0.999904
0.986429,0.0135708
0.952608,0.0473922
2.94907e-22,1.0
0.999191,0.000808777
0.999821,0.000178871
0.963859,0.0361408
0.335633,0.664367
0.413061,0.586939
0.982021,0.0179795
0.541553,0.458447
0.863499,0.136501
0.987818,0.0121815
0.999424,0.000575594
8.26504e-09,1.0
0.917462,0.0825384
0.723157,0.276843
0.0,1.0
1.3162e-08,1.0
0.999979,2.13229e-05
8.65688e-32,1.0
0.939982,0.0600184
0.546776,0.453224
0.997219,0.00278104
0.99954,0.000460275
1.37662e-11,1.0
0.896523,0.103477
0.982525,0.0174746
0.987242,0.0127579
0.989875,0.0101246
4.356e-12,1.0
0.998762,0.00123797
0.994648,0.00535165
0.996103,0.00389676
0.00104396,0.998956
7.58986e-05,0.999924
0.994785,0.00521506
0.995389,0.00461078
0.0,1.0
0.999733,0.000267346
0.00194953,0.99805
2.04434e-17,1.0
0.998964,0.00103603
0.9725,0.0275003
0.986459,0.0135406
0.994702,0.00529796
5.68615e-06,0.999994
0.0031485,0.996852
6.59064e-05,0.999934
0.963368,0.0366323
0.960285,0.0397146
0.985277,0.0147227
0.993922,0.00607762
0.922568,0.0774321
0.0,1.0
0.993512,0.00648761
4.02102e-17,1.0
7.12103e-18,1.0
0.0,1.0
0.0402238,0.959776
0.52063,0.47937
0.992758,0.00724243
0.993291,0.00670875
0.81563,0.18437
0.998137,0.00186331
0.995456,0.00454367
1.88326e-13,1.0
6.68935e-10,1.0
0.000416005,0.999584
0.937704,0.0622957
0.934972,0.0650279
0.998828,0.001172
1.12244e-05,0.999989
0.997789,0.00221119
0.983251,0.0167494
0.907294,0.0927064
0.99909,0.000909864
0.910771,0.0892291
2.12612e-05,0.999979
0.999817,0.000182654
0.9976,0.00239969
0.000356915,0.999643
3.71951e-15,1.0
0.999902,9.78472e-05
0.975437,0.0245627
0.54852,0.45148
0.994851,0.00514945
0.921315,0.0786852
0.0,1.0
0.930989,0.0690111
0.99515,0.00484983
1.62645e-27,1.0
7.458e-18,1.0
8.72517e-20,1.0
0.989734,0.0102664
0.989763,0.0102375
1.02914e-17,1.0
0.999885,0.000114891
1.0256e-06,0.999999
9.29784e-05,0.999907
0.999939,6.07787e-05
0.998583,0.00141742
1.24481e-25,1.0
2.41645e-18,1.0
0.062714,0.937286
0.986084,0.0139159
2.87693e-08,1.0
0.872719,0.127281
0.539989,0.460011
5.20617e-11,1.0
0.996403,0.00359732
0.667319,0.332681
0.835996,0.164004
0.997997,0.00200314
0.990431,0.0095685
0.990961,0.00903866
0.40947,0.59053
0.529736,0.470264
0.982738,0.0172618
0.962893,0.0371068
1.1853e-23,1.0
1.09299e-18,1.0
0.693143,0.306857
7.71504e-36,1.0
0.999866,0.000134356
0.998911,0.00108923
0.813756,0.186244
0.945166,0.0548338
0.998396,0.00160417
0.99237,0.00762959
1.56936e-22,1.0
0.999708,0.000291895
0.000571864,0.999428
1.08254e-17,1.0
0.998729,0.00127111
0.998128,0.00187238
0.997637,0.00236268
0.990578,0.00942181
0.999388,0.000612008
5.26325e-21,1.0
0.272391,0.727609
0.962509,0.037491
0.996798,0.00320165
0.994912,0.00508835
3.49094e-15,1.0
1.02414e-10,1.0
0.994211,0.0057887
0.995477,0.00452273
0.991888,0.00811245
0.497587,0.502413
0.991146,0.00885365
0.989767,0.010233
6.60803e-14,1.0
0.999544,0.000455491
0.999487,0.000512973
0.986924,0.0130757
0.000206054,0.999794
0.978852,0.0211475
0.421932,0.578068
0.994467,0.0055332
0.317626,0.682374
2.79975e-34,1.0
0.99693,0.00306988
0.092356,0.907644
0.22926,0.77074
0.951962,0.0480382
0.973076,0.0269244
0.992651,0.00734933
0.979148,0.0208519
0.999666,0.000334393
0.996192,0.00380768
0.999935,6.49404e-05
0.999952,4.82596e-05
0.81097,0.18903
5.27204e-11,1.0
0.995048,0.00495245
0.985389,0.0146108
0.977759,0.0222405
0.996774,0.00322564
0.997905,0.00209484
0.946194,0.0538057
0.762827,0.237173
0.999423,0.00057673
0.997286,0.00271405
1.38467e-11,1.0
0.281002,0.718998
0.996079,0.00392097
0.0352736,0.964726
0.104993,0.895007
2.05757e-37,1.0
0.989456,0.0105444
0.999897,0.000102707
0.0,1.0
0.939154,0.0608456
4.22205e-25,1.0
0.999552,0.000448096
0.204332,0.795668
3.03324e-06,0.999997
0.980168,0.0198321
0.0,1.0
0.972448,0.0275516
0.999991,9.32026e-06
3.16965e-06,0.999997
1.2341e-08,1.0
0.0,1.0
2.49282e-32,1.0
7.15327e-07,0.999999
0.987688,0.0123123
0.995412,0.0045884
0.923174,0.076826
0.954462,0.0455382
0.0,1.0
0.990238,0.00976159
0.996864,0.00313603
0.997893,0.00210717
0.000652371,0.999348
2.6584e-26,1.0
0.999382,0.000617709
0.999015,0.000985144
0.904704,0.0952961
0.938468,0.0615316
0.896068,0.103932
0.0,1.0
2.15418e-30,1.0
0.0,1.0
2.8071e-25,1.0
1.00356e-22,1.0
0.842768,0.157232
0.995093,0.00490724
0.999839,0.000160685
0.971985,0.0280148
0.999922,7.78265e-05
0.9992,0.000800137
0.980162,0.0198379
0.981958,0.018042
0.999956,4.38017e-05
1.78425e-08,1.0
0.934592,0.0654075
0.150262,0.849738
7.98982e-21,1.0
0.999854,0.000145723
0.996596,0.00340365
0.999382,0.000618051
1.85677e-13,1.0
0.991392,0.00860768
5.22986e-09,1.0
0.99311,0.00689
0.980589,0.0194108
0.892113,0.107887
0.952939,0.0470607
0.974309,0.0256913
0.959241,0.0407587
0.993825,0.00617518
0.977746,0.0222537
0.994296,0.00570352
0.0,1.0
0.995728,0.00427215
1.11466e-16,1.0
0.992183,0.0078172
0.961792,0.0382084
0.999061,0.000938761
0.992711,0.00728929
0.998817,0.00118345
2.68259e-18,1.0
1.23437e-16,1.0
0.999297,0.000702847
0.988451,0.0115495
3.92786e-05,0.999961
0.997637,0.00236292
0.99359,0.00641011
0.107602,0.892398
0.869641,0.13036
0.610898,0.389102
0.974883,0.0251165
0.0,1.0
5.49759e-07,0.999999
0.962903,0.037097
0.0350736,0.964926
0.834106,0.165894
0.0641384,0.935862
0.870224,0.129776
9.31123e-05,0.999907
0.977099,0.0229009
0.997339,0.00266114
8.77791e-20,1.0
0.992772,0.00722764
0.998635,0.00136483
1.02318e-10,1.0
4.77804e-08,1.0
0.44013,0.55987
6.93546e-05,0.999931
0.966907,0.0330935
0.997432,0.00256794
0.995426,0.00457381
0.999567,0.000433224
2.13987e-11,1.0
4.03702e-16,1.0
0.985444,0.0145562
0.987742,0.0122578
2.15384e-28,1.0
0.996002,0.00399744
0.436613,0.563387
0.999144,0.000856309
0.0349761,0.965024
0.999422,0.000577797
0.99875,0.0012501
0.989603,0.0103973
0.0,1.0
0.89289,0.10711
0.986904,0.0130956
0.999215,0.000784698
5.19141e-24,1.0
0.975998,0.0240024
0.994468,0.00553218
0.999654,0.000346025
0.99298,0.00701997
0.956968,0.0430322
6.00698e-15,1.0
0.955641,0.0443586
0.286459,0.713541
4.65578e-08,1.0
0.320223,0.679777
0.981573,0.0184267
0.995886,0.00411423
4.47161e-09,1.0
0.941483,0.0585171
0.0,1.0
0.997086,0.00291421
0.00171466,0.998285
0.999844,0.000156295
0.99556,0.00444006
7.3955e-26,1.0
1.63157e-08,1.0
1.42904e-06,0.999999
0.99988,0.000119688
0.999909,9.12847e-05
0.986399,0.0136006
0.98868,0.0113198
1.45227e-07,1.0
0.960131,0.0398686
0.979112,0.0208877
8.37941e-16,1.0
0.999022,0.000978234
0.0160378,0.983962
0.998604,0.00139628
0.993715,0.00628501
0.0720851,0.927915
5.6326e-33,1.0
7.59273e-05,0.999924
4.7706e-05,0.999952
3.11187e-13,1.0
0.999512,0.000488238
0.995318,0.00468196
0.000126748,0.999873
0.993481,0.00651895
0.996528,0.00347154
1.13527e-17,1.0
0.995442,0.004558
0.986861,0.0131394
0.892317,0.107683
0.979966,0.0200337
0.998028,0.00197233
5.7908e-14,1.0
0.988394,0.0116057
0.969205,0.0307947
0.966837,0.0331628
0.453643,0.546357
0.901304,0.0986964
0.95704,0.0429595
2.5727e-08,1.0
0.997562,0.00243769
0.313753,0.686247
0.0154452,0.984555
0.999749,0.000250466
0.998308,0.00169223
0.999055,0.00094485
0.851828,0.148172
1.11289e-16,1.0
0.997321,0.00267945
9.03958e-25,1.0
0.997461,0.0025388
0.924923,0.0750771
0.964057,0.0359433
1.19991e-06,0.999999
0.00237868,0.997621
0.795261,0.204739
0.999469,0.000531471
0.997505,0.00249522
0.274549,0.725451
0.985,0.015
5.55248e-14,1.0
0.000358267,0.999642
0.752165,0.247835
2.04889e-10,1.0
6.45101e-11,1.0
0.993028,0.00697228
0.998683,0.00131665
0.939932,0.060068
0.9927,0.0072998
1.41911e-08,1.0
1.57985e-24,1.0
0.998234,0.00176622
1.29433e-12,1.0
0.00345819,0.996542
0.965079,0.0349212
0.988258,0.0117417
0.994743,0.00525706
1.65496e-30,1.0
7.47759e-21,1.0
0.995962,0.00403771
0.239312,0.760688
0.0,1.0
4.51931e-11,1.0
0.979327,0.0206728
7.35149e-07,0.999999
0.856509,0.143491
0.972285,0.0277154
0.995253,0.00474663
0.986113,0.0138865
0.207334,0.792666
0.999858,0.000142224
0.949492,0.0505085
0.998628,0.00137232
0.466921,0.533079
3.63228e-08,1.0
0.34048,0.65952
0.99671,0.00329009
3.24287e-27,1.0
0.933021,0.0669793
0.898591,0.101409
0.991255,0.00874529
0.991448,0.00855178
0.0,1.0
1.71775e-18,1.0
0.997377,0.00262347
0.992702,0.00729766
0.988574,0.0114262
0.947523,0.0524772
0.994325,0.00567491
5.70297e-29,1.0
0.999764,0.000236355
0.997362,0.00263796
0.97875,0.0212498
1.28868e-11,1.0
1.4319e-05,0.999986
0.994527,0.00547267
1.03719e-33,1.0
0.999948,5.24084e-05
2.45518e-30,1.0
0.00574749,0.994253
0.987961,0.0120394
0.0691232,0.930877
4.46612e-30,1.0
0.9929,0.0070997
0.99963,0.000370062
0.996324,0.00367567
0.978319,0.0216808
0.899858,0.100142
0.993521,0.00647879
2.71684e-23,1.0
0.995917,0.00408278
0.999514,0.000486491
5.85663e-06,0.999994
0.0649327,0.935067
0.157878,0.842122
3.72136e-33,1.0
0.99977,0.000230303
0.997291,0.00270924
0.984219,0.0157812
0.919666,0.0803342
0.995136,0.0048642
0.999273,0.000726661
0.96545,0.0345497
0.990638,0.00936152
4.51463e-23,1.0
2.01434e-18,1.0
0.189318,0.810682
0.0501791,0.949821
0.960509,0.039491
0.865513,0.134487
0.950698,0.049302
0.0,1.0
4.71781e-06,0.999995
3.87136e-06,0.999996
1.68343e-05,0.999983
0.995021,0.00497954
9.01863e-21,1.0
0.998471,0.00152863
3.28578e-26,1.0
0.999237,0.000763025
0.982703,0.0172973
0.999538,0.000461766
0.991277,0.00872324
2.51344e-23,1.0
9.71868e-19,1.0
1.11958e-30,1.0
8.11793e-06,0.999992
0.0422424,0.957758
0.850753,0.149247
0.994699,0.00530138
1.80722e-06,0.999998
1.30208e-07,1.0
5.35124e-32,1.0
1.39205e-14,1.0
0.9998,0.000200307
4.18519e-07,1.0
7.05506e-10,1.0
1.41532e-07,1.0
0.999786,0.000213721
2.56658e-12,1.0
2.13037e-14,1.0
1.62921e-31,1.0
1.12843e-35,1.0
0.996249,0.00375056
0.997446,0.00255366
0.993091,0.0069092
0.0,1.0
0.971618,0.0283817
0.98926,0.0107399
0.996799,0.00320107
0.981476,0.0185237
0.948236,0.0517635
1.37085e-38,1.0
0.00506943,0.994931
0.999415,0.000584717
0.999831,0.000169379
2.82198e-23,1.0
0.905001,0.0949989
0.996662,0.0033376
0.987131,0.0128686
0.999474,0.000525921
0.996607,0.00339317
3.0199e-13,1.0
0.99926,0.000739904
0.998443,0.00155694
0.999815,0.000184782
2.06945e-05,0.999979
0.697112,0.302888
0.999816,0.000183996
0.992102,0.00789768
0.990994,0.00900572
0.0001957,0.999804
0.993577,0.00642276
0.986758,0.013242
0.944029,0.055971
3.04575e-08,1.0
0.995086,0.00491445
0.63722,0.36278
0.0153247,0.984675
0.996084,0.00391558
0.000165542,0.999834
0.964748,0.0352522
1.10892e-15,1.0
0.000301549,0.999699
0.992806,0.00719418
0.996973,0.00302699
0.957284,0.0427157
0.999208,0.000792501
0.999106,0.00089412
0.999825,0.000174842
6.24876e-37,1.0
0.968987,0.0310128
0.999464,0.000536158
0.986309,0.0136914
3.16899e-25,1.0
3.15937e-09,1.0
0.999896,0.000104351
0.0,1.0
7.60317e-06,0.999992
0.999886,0.00011374
0.902988,0.0970116
5.11104e-20,1.0
0.986192,0.013808
1.69682e-06,0.999998
0.965683,0.0343165
0.99192,0.00808049
0.999606,0.000393988
0.998489,0.00151084
0.993141,0.00685874
3.13167e-06,0.999997
0.94932,0.0506796
0.97269,0.0273105
0.989676,0.010324
0.944484,0.0555165
1.37836e-31,1.0
0.0175159,0.982484
1.71872e-07,1.0
8.67563e-06,0.999991
0.999226,0.000773991
3.09365e-09,1.0
0.998714,0.00128576
0.999327,0.000672712
2.21505e-08,1.0
0.982102,0.0178979
0.996749,0.00325141
0.97739,0.02261
0.574355,0.425645
0.00128897,0.998711
0.0,1.0
0.998297,0.00170345
0.0192759,0.980724
0.000976611,0.999023
0.983323,0.0166768
7.46646e-17,1.0
4.02431e-14,1.0
0.993315,0.00668474
0.998002,0.00199852
0.741354,0.258646
8.73488e-07,0.999999
0.988945,0.0110554
0.840606,0.159394
0.994696,0.00530358
2.36592e-27,1.0
0.999466,0.00053403
4.51134e-19,1.0
0.992832,0.00716841
0.999029,0.000970685
0.997839,0.0021607
0.99965,0.000349469
0.989245,0.0107554
3.44356e-13,1.0
0.00308338,0.996917
9.90521e-28,1.0
0.981002,0.0189975
0.988923,0.0110768
3.18566e-34,1.0
0.993214,0.00678633
8.81712e-17,1.0
0.784909,0.215091
0.0,1.0
1.91137e-25,1.0
0.997618,0.00238243
0.999497,0.000503458
0.991349,0.00865046
1.14889e-07,1.0
0.985262,0.0147382
0.0,1.0
0.00156937,0.998431
0.955679,0.0443211
0.98438,0.0156199
1.01895e-10,1.0
0.99911,0.000889578
0.907425,0.0925751
0.0,1.0
0.902985,0.0970146
0.00667867,0.993321
0.999786,0.000214442
3.26453e-22,1.0
0.984874,0.0151262
0.98948,0.0105204
0.706346,0.293654
0.998193,0.00180653
0.99203,0.00797028
0.95799,0.0420096
0.840396,0.159604
9.07909e-31,1.0
0.999584,0.000415503
3.49159e-08,1.0
0.923227,0.0767729
1.30889e-17,1.0
0.999129,0.000871545
0.849725,0.150275
0.910526,0.0894742
0.991491,0.00850894
0.991281,0.0087193
0.908322,0.0916782
1.45615e-27,1.0
0.993951,0.00604875
0.99704,0.00295965
0.909238,0.0907619
0.999647,0.000352709
0.939342,0.0606584
0.992455,0.00754509
0.997373,0.00262729
0.999529,0.00047059
0.999006,0.00099362
3.68555e-23,1.0
0.997888,0.00211245
0.995995,0.00400534
0.932669,0.0673311
0.993411,0.00658883
0.997802,0.00219749
0.0,1.0
5.08143e-34,1.0
0.997565,0.00243494
0.999534,0.000466329
0.996018,0.00398161
1.31511e-31,1.0
0.675869,0.324131
0.995248,0.00475152
0.680709,0.319291
6.06328e-34,1.0
4.72155e-05,0.999953
0.98545,0.0145505
0.0147314,0.985269
0.955965,0.0440351
0.998297,0.00170339
0.994739,0.00526055
3.32421e-16,1.0
0.320565,0.679435
0.985039,0.0149609
0.968497,0.0315035
0.978774,0.0212258
0.985705,0.0142953
3.52897e-27,1.0
0.134972,0.865028
0.998457,0.00154252
0.989791,0.0102093
0.801959,0.198041
0.999791,0.00020852
1.14596e-16,1.0
0.972573,0.0274269
0.989953,0.0100467
0.932911,0.0670891
0.00195206,0.998048
0.93951,0.0604898
4.3215e-11,1.0
0.986193,0.0138072
0.970336,0.029664
8.90564e-21,1.0
6.92867e-06,0.999993
0.995807,0.00419324
0.994403,0.00559746
5.1999e-31,1.0
0.999627,0.000372773
0.971985,0.0280151
0.99372,0.00627955
0.998677,0.00132268
0.971713,0.0282872
0.0035401,0.99646
0.651653,0.348347
1.59698e-24,1.0
0.017433,0.982567
0.000948731,0.999051
0.930641,0.0693588
0.138575,0.861425
0.894933,0.105067
0.977391,0.022609
9.64133e-16,1.0
0.0112,0.9888
0.979219,0.0207812
1.23687e-18,1.0
0.888935,0.111065
0.0713931,0.928607
0.0163929,0.983607
0.997361,0.00263868
0.982002,0.0179982
7.16186e-05,0.999928
5.61172e-38,1.0
0.985816,0.0141835
0.903884,0.0961164
0.999207,0.00079297
0.0,1.0
0.992555,0.00744496
0.995199,0.00480138
0.749344,0.250656
3.28049e-11,1.0
0.997826,0.00217361
0.99727,0.00273041
0.980214,0.019786
1.98535e-38,1.0
7.85417e-11,1.0
0.00193098,0.998069
0.930112,0.0698875
0.0,1.0
0.0,1.0
0.0,1.0
0.997666,0.00233387
0.997129,0.00287054
0.175681,0.824319
0.999517,0.000482932
0.99832,0.00168023
1.6271e-13,1.0
0.988181,0.0118186
0.981238,0.018762
5.72121e-26,1.0
0.997886,0.00211402
0.975951,0.0240491
0.999909,9.0618e-05
5.04621e-12,1.0
0.994533,0.00546672
0.992778,0.00722145
0.964102,0.0358982
0.197238,0.802762
0.999802,0.000198254
0.987967,0.0120333
0.0,1.0
0.000374427,0.999626
0.0163891,0.983611
0.998308,0.00169207
0.953064,0.0469364
0.00558822,0.994412
0.983444,0.0165559
0.99834,0.00166
0.998669,0.00133088
0.986142,0.0138583
0.99842,0.00157969
0.515419,0.484581
0.580676,0.419323
4.17396e-28,1.0
0.94615,0.0538499
0.996362,0.00363789
0.988319,0.0116805
0.999772,0.000227929
0.984561,0.0154388
1.60413e-38,1.0
0.755051,0.244948
7.43836e-26,1.0
0.0298128,0.970187
0.999028,0.00097155
0.964354,0.0356458
0.987489,0.0125105
0.991278,0.00872187
0.994428,0.00557158
0.0,1.0
0.998346,0.00165371
0.0,1.0
0.997119,0.00288121
0.982986,0.0170137
0.999544,0.000456325
0.981997,0.0180029
6.00766e-12,1.0
0.997816,0.00218356
5.1036e-14,1.0
0.98307,0.0169297
1.46598e-37,1.0
0.999,0.00100011
1.86755e-33,1.0
3.21827e-21,1.0
0.997033,0.00296648
0.768954,0.231046
6.94464e-05,0.999931
0.99408,0.00591951
0.00572927,0.994271
0.0,1.0
0.994924,0.00507598
0.998325,0.00167462
1.64686e-21,1.0
0.997086,0.00291452
0.149506,0.850494
0.999421,0.000579469
4.01242e-20,1.0
0.938569,0.0614306
0.929027,0.0709729
0.000840357,0.99916
0.000306424,0.999694
0.999559,0.000440641
0.990792,0.00920821
0.243059,0.756941
1.1056e-12,1.0
0.0,1.0
0.999882,0.000118391
0.702625,0.297375
0.806708,0.193292
0.961121,0.0388785
1.03188e-16,1.0
7.897e-30,1.0
0.993088,0.00691216
0.999378,0.000621924
0.999229,0.000770863
0.819776,0.180224
0.967877,0.0321231
0.997706,0.00229356
0.998298,0.0017025
0.985016,0.014984
0.0,1.0
1.14495e-13,1.0
0.886987,0.113013
0.0029166,0.997083
0.997624,0.00237552
7.53994e-12,1.0
7.49717e-09,1.0
2.50461e-20,1.0
0.995605,0.00439482
0.998476,0.00152374
0.0,1.0
2.51649e-25,1.0
7.3197e-10,1.0
0.999717,0.000282537
0.999534,0.000465882
1.07981e-06,0.999999
0.989622,0.0103778
0.94368,0.0563204
7.28991e-09,1.0
3.69742e-17,1.0
8.34516e-21,1.0
0.619987,0.380013
0.908493,0.0915068
0.981624,0.0183759
0.994234,0.00576574
5.69325e-35,1.0
7.51043e-07,0.999999
0.983844,0.0161564
0.996985,0.0030147
0.993251,0.00674897
1.54698e-13,1.0
3.72095e-14,1.0
0.986066,0.0139343
0.998573,0.00142656
0.98765,0.0123501
0.997419,0.00258108
0.993986,0.00601343
0.999647,0.000352509
5.9684e-08,1.0
0.962407,0.037593
0.982077,0.0179231
6.19128e-07,0.999999
0.619489,0.380511
0.968229,0.0317715
5.68672e-09,1.0
0.54575,0.45425
0.947715,0.052285
0.495965,0.504035
0.993696,0.00630375
3.33445e-23,1.0
8.11278e-05,0.999919
0.0863249,0.913675
0.00450589,0.995494
0.979799,0.0202011
0.999547,0.000452939
0.999639,0.000360948
0.995781,0.00421934
0.933579,0.0664208
0.998776,0.00122372
2.67045e-25,1.0
0.888973,0.111027
0.742921,0.257079
0.993533,0.00646685
0.00018344,0.999817
0.998655,0.00134538
0.992641,0.00735879
0.909635,0.090365
6.55281e-06,0.999993
0.995783,0.00421681
3.70053e-12,1.0
0.00156152,0.998439
0.821473,0.178527
0.995011,0.00498876
0.997697,0.00230257
2.15741e-17,1.0
8.48125e-10,1.0
5.88017e-11,1.0
5.94721e-26,1.0
3.34203e-11,1.0
0.443973,0.556027
0.996648,0.00335186
2.783e-12,1.0
0.000818889,0.999181
0.200688,0.799312
7.6533e-13,1.0
0.998221,0.00177886
0.992697,0.00730352
0.98595,0.0140496
0.996499,0.00350101
0.970779,0.0292207
0.972346,0.0276535
0.999123,0.000876556
0.960806,0.0391939
0.638505,0.361495
0.992408,0.00759204
0.1767,0.8233
0.995665,0.00433464
0.274719,0.725281
0.975915,0.0240846
0.872986,0.127014
0.997786,0.00221443
0.998352,0.00164844
1.85134e-19,1.0
0.967137,0.0328633
0.962708,0.0372919
0.467804,0.532196
0.120404,0.879596
4.66277e-20,1.0
0.923779,0.076221
1.41807e-11,1.0
0.0606147,0.939385
0.990304,0.0096963
4.58675e-13,1.0
0.31606,0.68394
0.995705,0.00429465
3.47196e-20,1.0
0.947282,0.0527184
0.997023,0.00297727
0.988534,0.0114657
6.94007e-06,0.999993
1.44869e-07,1.0
1.16664e-31,1.0
0.997393,0.00260693
0.990154,0.00984556
0.0,1.0
0.998955,0.0010455
0.988386,0.0116142
0.997688,0.00231206
2.02622e-16,1.0
0.999607,0.000393011
0.999765,0.000235545
0.999881,0.000118614
0.999862,0.000138352
1.84174e-30,1.0
0.982594,0.0174062
0.99872,0.00128027
0.984634,0.0153658
0.436266,0.563734
0.998881,0.00111891
0.0319707,0.968029
4.38045e-35,1.0
0.880037,0.119963
0.994988,0.00501242
0.00164718,0.998353
0.992852,0.00714769
0.806385,0.193615
0.968658,0.031342
0.990904,0.00909609
0.767359,0.232641
0.97867,0.0213297
0.56978,0.43022
1.09068e-10,1.0
0.991122,0.00887824
0.181283,0.818717
4.74959e-07,1.0
0.994634,0.00536608
0.056098,0.943902
0.942115,0.0578845
0.998543,0.00145665
0.98321,0.0167895
0.88975,0.11025
1.32828e-31,1.0
0.829701,0.170299
0.967917,0.032083
0.000841838,0.999158
0.997535,0.00246511
4.18345e-26,1.0
4.75398e-09,1.0
0.985057,0.0149427
0.0,1.0
0.980913,0.0190868
4.8543e-09,1.0
0.997738,0.00226174
0.930777,0.0692226
4.47807e-07,1.0
0.904969,0.0950313
0.985666,0.0143343
4.08336e-10,1.0
0.999893,0.000107178
9.68206e-15,1.0
0.28821,0.71179
2.04784e-14,1.0
4.57378e-06,0.999995
3.77068e-12,1.0
0.983564,0.0164358
0.985447,0.0145528
0.982799,0.017201
0.999301,0.000698717
0.557858,0.442142
0.933847,0.0661528
0.9994,0.000600467
0.172286,0.827714
0.999062,0.00093813
0.996025,0.00397501
0.885993,0.114007
0.890076,0.109924
0.203225,0.796775
5.66362e-21,1.0
0.809548,0.190451
0.763491,0.236509
3.23336e-37,1.0
0.997183,0.0028166
0.995605,0.00439543
1.07841e-23,1.0
0.954616,0.0453839
6.75202e-12,1.0
0.998806,0.00119444
0.951868,0.0481321
3.47699e-11,1.0
0.772803,0.227197
0.999213,0.000787415
0.915208,0.0847918
0.34327,0.65673
0.996879,0.00312149
3.69513e-11,1.0
0.985253,0.0147469
0.997428,0.00257235
0.997448,0.00255247
0.0,1.0
0.912267,0.0877329
0.991323,0.00867662
2.51286e-20,1.0
0.625135,0.374865
0.845314,0.154686
0.251487,0.748514
0.997928,0.00207176
4.99898e-05,0.99995
0.990967,0.00903314
9.52248e-13,1.0
0.14448,0.85552
0.982261,0.0177394
0.148164,0.851836
0.995961,0.00403921
0.997127,0.00287327
0.950897,0.0491026
0.99664,0.00335998
0.784236,0.215764
0.997141,0.00285951
0.897815,0.102185
4.91189e-32,1.0
0.898159,0.101841
0.998222,0.00177837
2.06889e-13,1.0
0.0304525,0.969547
0.99989,0.000109979
0.957988,0.042012
0.991619,0.00838147
0.99566,0.0043396
0.799805,0.200195
0.992793,0.007207
0.984947,0.0150531
4.30091e-26,1.0
8.31545e-09,1.0
0.951196,0.0488039
0.0,1.0
6.4312e-06,0.999994
0.998223,0.00177688
0.998874,0.00112603
0.417941,0.582059
0.989122,0.0108783
0.0,1.0
1.38434e-31,1.0
0.96257,0.0374303
0.170732,0.829268
0.973543,0.0264571
1.28524e-21,1.0
0.985124,0.0148762
0.999249,0.000751266
0.957061,0.042939
0.999722,0.000277768
0.999741,0.000258771
1.50514e-08,1.0
0.999891,0.000109324
0.00201765,0.997982
0.624488,0.375512
0.99813,0.00187021
0.999259,0.000740724
0.996549,0.00345048
0.494983,0.505017
0.968576,0.0314243
0.998836,0.00116451
0.999378,0.000621825
0.996259,0.00374137
3.77372e-07,1.0
0.995261,0.00473866
0.992675,0.00732549
0.00159348,0.998407
0.952686,0.0473136
0.836016,0.163984
4.68037e-07,1.0
0.989057,0.0109432
0.991118,0.00888209
0.0566024,0.943398
1.32196e-06,0.999999
0.997028,0.00297167
0.999197,0.000803241
2.1893e-13,1.0
2.00518e-15,1.0
1.63784e-12,1.0
0.999303,0.000696575
3.79489e-06,0.999996
1.08108e-20,1.0
0.178615,0.821385
0.99653,0.00347002
1.74249e-12,1.0
9.03397e-06,0.999991
0.0127546,0.987245
0.00147583,0.998524
0.24447,0.75553
0.985045,0.0149548
5.86639e-09,1.0
0.997932,0.00206797
0.99829,0.00170981
0.997949,0.00205097
5.82486e-20,1.0
0.995487,0.00451327
0.62719,0.37281
0.998616,0.00138378
0.987221,0.012779
0.994752,0.00524765
0.976451,0.0235487
0.999025,0.000975123
0.0,1.0
9.70739e-06,0.99999
4.86827e-10,1.0
0.00255947,0.997441
0.993772,0.00622802
0.0,1.0
0.130365,0.869635
0.998617,0.00138295
0.998389,0.0016105
3.01721e-21,1.0
0.0,1.0
0.997348,0.0026522
1.26592e-11,1.0
0.99748,0.00252023
0.997352,0.00264761
0.994149,0.00585072
0.991084,0.00891634
0.966864,0.0331364
6.56262e-07,0.999999
4.75811e-11,1.0
0.17514,0.82486
0.964784,0.0352163
0.0350622,0.964938
0.907081,0.0929194
0.877934,0.122066
0.996519,0.00348094
0.997744,0.00225633
0.000252459,0.999748
3.1459e-29,1.0
0.998525,0.00147519
1.73862e-05,0.999983
0.999647,0.00035333
2.37511e-25,1.0
0.0,1.0
0.993702,0.00629842
0.000678086,0.999322
0.835345,0.164655
0.955426,0.0445743
1.14261e-07,1.0
2.99568e-13,1.0
0.999697,0.000302848
4.939e-08,1.0
0.997479,0.00252062
0.992482,0.00751845
0.910858,0.0891422
0.999659,0.000340985
7.54002e-23,1.0
0.959685,0.0403146
1.55206e-18,1.0
0.677183,0.322817
0.622704,0.377296
0.991616,0.00838366
1.73896e-05,0.999983
0.0835635,0.916436
0.805088,0.194912
0.711449,0.288551
4.49229e-05,0.999955
0.971779,0.0282214
0.961154,0.0388461
0.959168,0.0408319
0.997189,0.00281118
2.22938e-31,1.0
0.909503,0.0904965
0.998679,0.0013211
0.987456,0.012544
0.961883,0.0381165
0.901834,0.0981657
0.0,1.0
0.999353,0.000647162
0.996585,0.00341474
0.997302,0.00269787
3.86263e-16,1.0
0.988536,0.0114642
0.0301476,0.969852
0.999941,5.92892e-05
7.17323e-31,1.0
1.24833e-07,1.0
0.998232,0.00176793
0.000466599,0.999533
0.999924,7.61381e-05
0.13784,0.86216
0.0898028,0.910197
0.994073,0.00592682
0.986137,0.0138635
0.990402,0.00959842
0.000332038,0.999668
0.950338,0.049662
0.000223076,0.999777
1.81602e-09,1.0
5.862e-08,1.0
0.00126609,0.998734
0.966804,0.033196
0.997846,0.00215422
0.806708,0.193292
0.99699,0.00300986
0.999594,0.000405676
2.29081e-05,0.999977
0.0162607,0.983739
0.986296,0.0137037
0.942895,0.057105
0.994101,0.00589912
1.18253e-22,1.0
0.999325,0.000674899
0.999609,0.000391375
0.999014,0.00098549
0.999737,0.000263331
0.999778,0.000222099
0.999897,0.000103416
0.996658,0.00334176
0.99812,0.00187999
0.998349,0.0016511
0.31608,0.68392
0.967757,0.0322433
0.999482,0.000518012
0.80759,0.19241
1.19059e-32,1.0
0.983177,0.0168228
2.08548e-27,1.0
0.902583,0.0974165
0.0,1.0
0.424685,0.575315
7.27102e-14,1.0
1.94023e-05,0.999981
0.999365,0.000635058
0.00372038,0.99628
0.999038,0.000961645
0.995123,0.00487711
4.14736e-11,1.0
0.992503,0.00749663
0.975041,0.0249587
0.919978,0.0800221
0.995186,0.00481363
2.04535e-35,1.0
0.080078,0.919922
0.999334,0.000665681
0.422684,0.577316
0.999153,0.000846801
0.978817,0.0211835
0.111355,0.888645
0.130456,0.869544
0.993026,0.00697373
0.997687,0.00231302
0.989465,0.0105353
0.988321,0.011679
0.0210027,0.978997
0.996155,0.0038452
0.952406,0.0475943
0.985821,0.0141793
1.58067e-11,1.0
0.999342,0.000658454
0.96905,0.0309497
0.0119231,0.988077
0.889748,0.110252
0.999297,0.000703285
0.99626,0.00374042
0.0161736,0.983826
0.99232,0.00767974
0.997176,0.0028244
1.46639e-34,1.0
0.999621,0.000378861
0.999887,0.000113417
1.72497e-18,1.0
0.993341,0.00665859
0.980404,0.0195965
4.449e-29,1.0
0.974721,0.0252785
0.98387,0.0161296
0.996655,0.00334548
0.988471,0.0115292
1.35321e-06,0.999999
0.938543,0.0614568
0.990917,0.00908305
1.85962e-21,1.0
0.991342,0.00865834
0.991672,0.00832755
7.50311e-08,1.0
0.220281,0.779719
0.995759,0.00424135
4.42105e-06,0.999996
2.42587e-23,1.0
9.96439e-05,0.9999
0.999564,0.000436009
0.998416,0.00158442
0.964211,0.0357892
0.999243,0.000756869
0.967319,0.0326814
0.0338602,0.96614
0.988933,0.0110666
4.03426e-27,1.0
2.89478e-05,0.999971
0.000230657,0.999769
0.991849,0.00815072
0.984351,0.0156493
0.783606,0.216394
0.996413,0.0035873
0.999314,0.000686254
0.00185516,0.998145
0.99945,0.000549803
3.91314e-11,1.0
0.951713,0.0482865
4.00719e-18,1.0
3.27208e-12,1.0
0.994735,0.00526483
0.942668,0.0573322
0.902308,0.0976916
0.988654,0.0113456
0.827433,0.172567
0.898825,0.101175
0.988152,0.0118484
0.999348,0.000651505
0.999029,0.000970704
0.992472,0.00752798
0.993588,0.00641203
4.85128e-38,1.0
0.998542,0.00145779
0.982305,0.0176954
0.883904,0.116096
0.999983,1.69541e-05
0.996657,0.00334259
0.998273,0.00172665
0.57735,0.42265
0.00344024,0.99656
0.998869,0.00113129
0.99396,0.00603962
2.48064e-12,1.0
0.994309,0.00569134
0.0265061,0.973494
0.975914,0.0240856
0.0,1.0
7.77537e-15,1.0
3.48449e-24,1.0
0.988252,0.0117478
0.386858,0.613142
2.11927e-05,0.999979
3.03651e-26,1.0
0.997959,0.00204099
0.969866,0.0301337
1.57864e-30,1.0
0.998515,0.00148544
1.9054e-07,1.0
0.99454,0.00545959
0.97855,0.0214502
0.996888,0.00311254
0.952306,0.0476937
0.994792,0.00520842
0.993835,0.0061651
0.719346,0.280654
0.972151,0.0278492
0.973539,0.0264611
0.998609,0.00139077
0.997457,0.00254331
0.977461,0.022539
0.66249,0.33751
0.99191,0.00808959
7.21469e-32,1.0
4.93669e-21,1.0
0.987587,0.0124128
0.981142,0.0188579
2.14702e-27,1.0
2.87564e-11,1.0
0.990118,0.00988199
3.29805e-08,1.0
0.0693382,0.930662
0.996202,0.0037984
0.992978,0.00702188
0.997256,0.00274381
0.503115,0.496885
0.988369,0.0116312
0.999913,8.67317e-05
0.0590813,0.940919
0.997158,0.00284216
0.989416,0.0105835
0.999907,9.25587e-05
5.65532e-30,1.0
3.29402e-24,1.0
0.954677,0.0453227
3.63774e-14,1.0
0.99205,0.00794984
0.999074,0.000925523
0.99292,0.00708027
0.990556,0.00944345
0.999733,0.000266987
0.997826,0.00217426
0.239681,0.760319
0.97166,0.0283398
0.999664,0.00033625
0.998717,0.00128322
0.947104,0.0528964
0.998224,0.00177641
0.967898,0.0321025
8.67843e-12,1.0
0.997239,0.00276071
0.93415,0.0658503
1.19214e-05,0.999988
0.99591,0.00408982
0.964821,0.0351785
2.05792e-08,1.0
0.871073,0.128927
0.997728,0.00227155
0.998491,0.00150891
0.0254423,0.974558
0.997029,0.00297119
0.82512,0.17488
2.95338e-10,1.0
0.986112,0.0138881
0.0167181,0.983282
0.999742,0.00025777
5.30921e-26,1.0
1.5899e-16,1.0
0.992544,0.00745628
0.538197,0.461803
0.943441,0.0565586
0.94771,0.0522905
4.38729e-19,1.0
4.44476e-07,1.0
0.971856,0.0281436
0.999458,0.000542098
0.999639,0.000361121
1.36551e-08,1.0
0.99324,0.00675965
0.999092,0.000907969
0.954214,0.0457859
0.994111,0.00588949
0.998109,0.00189139
0.936838,0.063162
0.978885,0.0211152
0.0181508,0.981849
0.288559,0.711441
0.329178,0.670822
0.935952,0.0640478
0.0,1.0
1.79138e-10,1.0
0.977572,0.0224277
3.39333e-13,1.0
0.0,1.0
0.659827,0.340173
0.560628,0.439372
0.999657,0.00034346
4.41759e-10,1.0
0.999889,0.000111056
0.999772,0.00022811
0.999826,0.00017444
0.735429,0.264571
0.000173904,0.999826
0.98736,0.0126401
1.44613e-06,0.999999
0.958386,0.0416136
0.99852,0.00148043
0.957989,0.0420109
6.2764e-05,0.999937
0.994813,0.00518689
1.23175e-16,1.0
6.76245e-21,1.0
2.02572e-28,1.0
0.00184252,0.998157
0.96162,0.0383804
0.993375,0.00662466
0.0,1.0
1.86392e-24,1.0
1.96978e-07,1.0
0.999746,0.000254344
0.999451,0.000548635
0.378326,0.621674
0.576997,0.423003
0.992374,0.00762603
0.981576,0.0184238
0.996432,0.00356778
1.6523e-08,1.0
6.54409e-10,1.0
0.949803,0.0501974
4.37459e-36,1.0
0.941061,0.058939
0.999134,0.000866497
0.998343,0.00165647
0.998649,0.00135066
5.48434e-09,1.0
0.0122133,0.987787
0.999707,0.000293347
0.0,1.0
0.993608,0.00639184
0.997374,0.00262645
0.994834,0.00516602
0.994638,0.00536235
0.965016,0.0349841
0.999394,0.000606346
0.989774,0.0102264
0.995295,0.00470449
1.47015e-34,1.0
0.998992,0.00100784
2.08066e-07,1.0
0.964088,0.035912
0.995674,0.00432551
0.944403,0.0555975
0.987701,0.0122987
0.99779,0.0022095
0.998065,0.0019351
0.998032,0.00196793
0.969069,0.0309305
0.984885,0.0151147
0.99748,0.00252034
0.204741,0.795259
0.623802,0.376198
0.988377,0.0116234
0.99971,0.000289922
0.00137528,0.998625
0.997936,0.002064
0.995153,0.00484722
0.986203,0.013797
0.997861,0.00213915
0.993064,0.00693575
0.99726,0.00274008
0.992944,0.00705602
2.45223e-21,1.0
0.997501,0.00249939
0.995968,0.00403237
0.992308,0.00769185
0.986378,0.0136218
0.998015,0.00198495
0.993854,0.00614597
0.980385,0.0196151
0.0,1.0
0.830397,0.169603
0.998899,0.00110053
0.114502,0.885498
9.03874e-14,1.0
4.41324e-28,1.0
9.22831e-10,1.0
0.985029,0.0149715
0.997414,0.00258574
0.998958,0.00104166
0.995478,0.00452216
1.85206e-27,1.0
0.718684,0.281316
0.954149,0.0458506
0.897138,0.102862
0.99755,0.00245009
0.998705,0.00129474
0.981351,0.0186492
0.960937,0.0390632
0.00024311,0.999757
0.977587,0.0224129
7.00674e-22,1.0
0.996066,0.00393433
2.09153e-19,1.0
0.998723,0.00127652
0.00234627,0.997654
1.01959e-13,1.0
0.962865,0.037135
0.999382,0.000618448
0.998588,0.00141158
0.998943,0.0010566
4.24593e-14,1.0
1.35216e-08,1.0
0.997596,0.0024036
0.958143,0.0418573
0.400265,0.599735
0.973571,0.0264285
3.96732e-20,1.0
0.989254,0.0107458
0.998072,0.00192773
0.999103,0.000896769
0.995746,0.00425375
0.996746,0.00325423
2.24587e-28,1.0
0.985403,0.0145968
0.997007,0.00299339
0.000122145,0.999878
0.999781,0.000219264
2.30744e-17,1.0
0.999377,0.00062264
0.997479,0.00252058
1.55928e-23,1.0
0.96395,0.0360504
1.58508e-22,1.0
0.994907,0.00509313
0.96497,0.0350296
0.93913,0.0608696
0.996535,0.0034649
0.728995,0.271005
0.999668,0.000331861
0.995599,0.00440082
0.996332,0.0036682
0.984956,0.015044
0.923288,0.0767118
0.995853,0.0041467
1.43898e-09,1.0
8.02837e-14,1.0
7.35684e-10,1.0
4.20918e-36,1.0
3.43808e-13,1.0
0.990391,0.0096094
0.994753,0.00524716
1.37713e-13,1.0
0.996021,0.00397882
0.998439,0.00156133
0.960158,0.0398424
0.991101,0.00889882
0.958787,0.0412127
0.994564,0.0054358
0.935851,0.0641494
0.998703,0.00129738
0.97317,0.0268302
0.00347322,0.996527
0.47546,0.52454
0.999605,0.000394735
5.1505e-26,1.0
3.48531e-09,1.0
0.984355,0.0156451
0.938384,0.0616156
0.988068,0.0119321
0.983838,0.0161617
0.998507,0.00149287
0.00277266,0.997227
0.998617,0.00138334
7.39298e-20,1.0
0.999717,0.000283456
0.998569,0.00143054
6.96151e-12,1.0
0.84454,0.15546
1.74594e-32,1.0
0.213742,0.786258
0.819754,0.180246
0.99767,0.00233028
0.999279,0.00072118
0.996704,0.00329574
0.991112,0.00888807
7.62794e-38,1.0
1.25773e-15,1.0
0.997032,0.00296793
0.927402,0.072598
1.8015e-09,1.0
0.977342,0.0226574
0.902886,0.0971135
0.999299,0.000700648
0.996438,0.00356192
0.999768,0.00023155
0.991238,0.00876161
0.609382,0.390618
0.997364,0.00263598
0.995516,0.0044843
0.000175667,0.999824
0.988699,0.0113006
0.997178,0.00282228
6.5386e-12,1.0
0.776886,0.223114
0.0147144,0.985286
0.999541,0.000459181
1.70958e-08,1.0
0.0,1.0
4.29818e-10,1.0
0.0245903,0.97541
0.977785,0.0222146
7.89213e-28,1.0
8.62401e-19,1.0
0.996613,0.00338741
0.984076,0.0159241
0.273404,0.726596
0.996949,0.00305094
0.984446,0.0155544
0.0863932,0.913607
0.98645,0.0135499
4.51431e-07,1.0
0.448691,0.551309
1.46822e-08,1.0
0.98504,0.0149603
0.0843691,0.915631
0.990789,0.00921081
0.0291213,0.970879
0.997067,0.00293289
0.996256,0.0037439
0.963584,0.0364158
0.0346138,0.965386
1.01243e-11,1.0
0.972828,0.0271721
1.38088e-19,1.0
0.97556,0.0244403
0.84898,0.15102
2.60956e-17,1.0
0.986976,0.0130237
0.987133,0.012867
5.04746e-38,1.0
0.140212,0.859788
0.989925,0.0100752
0.994853,0.00514735
0.997259,0.00274117
0.930893,0.0691068
3.3875e-08,1.0
0.0100721,0.989928
8.86902e-05,0.999911
0.874308,0.125692
0.906049,0.0939508
2.68947e-09,1.0
0.999996,3.95093e-06
0.978109,0.0218912
0.954431,0.0455693
0.931272,0.068728
0.993987,0.00601315
0.98968,0.01032
0.993762,0.00623782
0.997725,0.00227507
0.014199,0.985801
0.999923,7.68496e-05
0.027676,0.972324
0.94726,0.0527397
0.999675,0.000324992
0.970428,0.0295722
3.58718e-30,1.0
2.64705e-19,1.0
2.59608e-16,1.0
4.08205e-10,1.0
0.987295,0.012705
7.21689e-25,1.0
0.650421,0.349579
6.27122e-25,1.0
0.899243,0.100757
1.03936e-23,1.0
0.972362,0.0276385
0.000453514,0.999546
0.383969,0.616031
0.993446,0.00655451
0.975746,0.0242542
0.999221,0.000779378
0.994438,0.00556239
0.0,1.0
1.25668e-14,1.0
0.999887,0.000113404
0.00027284,0.999727
0.993807,0.00619258
0.999245,0.000755312
1.03296e-23,1.0
0.864126,0.135874
2.82559e-06,0.999997
0.979093,0.0209068
0.968678,0.0313221
0.0,1.0
0.998106,0.00189394
0.0213316,0.978668
0.994641,0.00535939
0.99925,0.000749921
0.560458,0.439542
0.999618,0.000381794
0.267848,0.732152
0.996432,0.00356793
0.570093,0.429907
0.990336,0.00966441
0.996822,0.00317765
2.95284e-15,1.0
0.983237,0.0167633
0.996892,0.00310773
0.411796,0.588204
0.994383,0.00561703
0.996805,0.00319503
0.925135,0.0748651
0.979438,0.0205616
0.989509,0.0104908
0.989955,0.0100451
0.24227,0.75773
0.990005,0.00999495
2.61327e-07,1.0
0.999056,0.000944343
5.91704e-38,1.0
0.970389,0.0296107
0.998959,0.00104064
2.10587e-25,1.0
0.998423,0.00157676
0.993295,0.00670476
0.99743,0.00256976
1.26817e-08,1.0
4.07111e-09,1.0
0.047846,0.952154
0.981956,0.0180439
7.18506e-38,1.0
0.0,1.0
0.666625,0.333375
1.41848e-12,1.0
0.999064,0.000936302
6.24792e-09,1.0
0.0,1.0
3.27966e-19,1.0
0.995039,0.00496122
0.951762,0.0482382
4.56121e-19,1.0
0.998432,0.00156761
1.79964e-27,1.0
0.9871,0.0128995
0.956413,0.0435874
0.0,1.0
1.03689e-05,0.99999
0.944233,0.0557669
0.99973,0.000270341
0.997861,0.00213916
0.941644,0.0583562
0.00625509,0.993745
0.310511,0.689489
0.0,1.0
0.927319,0.0726806
0.938152,0.0618483
0.0151202,0.98488
0.934721,0.0652795
0.923141,0.0768592
7.37156e-10,1.0
0.00843685,0.991563
0.0194953,0.980505
0.986539,0.0134611
0.984486,0.0155145
0.95558,0.0444203
0.99874,0.00125978
0.998187,0.00181259
0.988605,0.0113948
0.968479,0.0315209
0.994892,0.00510842
0.976374,0.023626
3.0674e-13,1.0
0.960717,0.0392831
0.0226799,0.97732
0.999287,0.000713339
6.93425e-06,0.999993
4.94469e-10,1.0
0.975948,0.024052
5.57831e-11,1.0
0.954596,0.0454043
5.71606e-06,0.999994
2.28804e-05,0.999977
0.924164,0.0758362
5.28286e-35,1.0
0.995883,0.00411727
0.0,1.0
0.997287,0.00271309
0.992269,0.00773076
0.902371,0.0976289
2.91424e-09,1.0
0.681184,0.318816
0.999055,0.00094456
0.993133,0.00686739
0.989354,0.0106462
0.985798,0.0142018
0.998429,0.00157052
0.994474,0.00552639
6.60092e-10,1.0
0.977695,0.0223047
0.00453232,0.995468
0.997732,0.00226842
1.25783e-07,1.0
2.18138e-12,1.0
0.992264,0.00773622
0.906295,0.0937052
0.995204,0.00479581
4.28691e-24,1.0
0.991956,0.00804397
0.000690988,0.999309
0.999905,9.46669e-05
0.980013,0.0199865
2.51257e-10,1.0
0.000275248,0.999725
0.909149,0.0908513
0.41292,0.58708
0.918694,0.0813061
2.08022e-26,1.0
2.53456e-19,1.0
0.995472,0.00452798
0.986858,0.0131416
1.62735e-28,1.0
1.44848e-14,1.0
0.956102,0.043898
0.98796,0.0120396
0.999855,0.000145058
0.979776,0.0202242
0.998527,0.00147302
0.964601,0.0353989
0.981991,0.0180095
0.996154,0.00384645
0.973167,0.026833
0.99905,0.000950175
0.999074,0.00092565
0.996173,0.00382669
0.0,1.0
0.996539,0.00346104
4.64079e-17,1.0
0.992359,0.00764133
9.33838e-11,1.0
9.30564e-05,0.999907
0.99758,0.00242036
1.5791e-33,1.0
3.34718e-09,1.0
6.80789e-18,1.0
0.973135,0.0268654
1.60523e-18,1.0
0.974666,0.0253336
0.903591,0.0964093
0.999589,0.000411417
0.999672,0.000328096
0.997819,0.00218105
2.15611e-25,1.0
0.997077,0.00292264
0.0,1.0
1.99553e-19,1.0
0.797625,0.202375
0.986699,0.0133014
0.139769,0.860231
2.10779e-29,1.0
0.839517,0.160483
4.84043e-09,1.0
0.999348,0.000651561
0.984869,0.0151309
0.0780824,0.921918
0.999448,0.000551616
0.961411,0.0385886
0.998177,0.00182348
3.81019e-06,0.999996
6.61653e-06,0.999993
0.998419,0.00158085
2.70099e-05,0.999973
0.97033,0.0296695
0.999742,0.000258243
0.981407,0.0185929
0.301499,0.698501
0.99465,0.00534997
8.00661e-17,1.0
0.985832,0.0141677
0.0,1.0
8.43505e-17,1.0
8.12552e-28,1.0
0.995398,0.00460166
0.998029,0.00197136
0.997823,0.00217683
0.9909,0.0090999
0.98967,0.01033
0.997883,0.00211745
0.98654,0.0134598
0.997532,0.00246807
0.965294,0.0347061
0.412743,0.587257
0.818198,0.181802
0.83938,0.16062
0.978169,0.0218314
1.55098e-36,1.0
2.98091e-12,1.0
0.712878,0.287122
0.99254,0.00745957
4.49013e-20,1.0
0.993153,0.00684735
0.276719,0.723281
0.976865,0.0231346
0.46387,0.53613
0.977259,0.022741
0.987338,0.0126616
0.970104,0.0298962
0.997273,0.00272659
0.974938,0.0250622
0.991282,0.00871771
0.998752,0.00124758
0.999897,0.000103221
0.998398,0.00160169
0.999062,0.000937593
0.980281,0.0197186
4.20539e-07,1.0
0.989809,0.0101909
0.996329,0.00367066
0.955689,0.0443112
0.988936,0.0110641
0.980245,0.0197545
0.995096,0.00490414
1.6023e-07,1.0
0.204081,0.79592
0.996603,0.00339658
9.36026e-08,1.0
0.999509,0.000490544
0.989637,0.0103633
0.00126831,0.998732
0.569867,0.430133
0.992357,0.00764312
0.999556,0.000443913
0.0115595,0.988441
0.970164,0.0298359
0.00550325,0.994497
1.50808e-15,1.0
0.994549,0.00545139
0.758389,0.241611
6.37414e-07,0.999999
0.532507,0.467493
0.925958,0.074042
0.996508,0.00349178
0.998467,0.00153292
0.95736,0.0426399
0.981782,0.0182184
0.996389,0.00361091
0.996461,0.00353861
0.99098,0.00902023
0.992138,0.00786202
1.63656e-05,0.999984
0.986563,0.0134372
1.95701e-09,1.0
0.81837,0.18163
6.8005e-08,1.0
3.93544e-13,1.0
0.234415,0.765585
6.21654e-22,1.0
0.31361,0.68639
7.77762e-31,1.0
0.991543,0.0084572
0.99939,0.000609688
6.15243e-07,0.999999
0.962434,0.0375662
0.996338,0.00366192
3.67608e-36,1.0
0.994103,0.00589715
0.997581,0.0024187
0.998863,0.00113743
0.996393,0.00360674
6.43798e-33,1.0
0.00012388,0.999876
1.86541e-37,1.0
0.996772,0.00322794
0.132641,0.867359
0.936977,0.0630227
8.47904e-12,1.0
0.996959,0.0030412
6.57967e-22,1.0
0.999402,0.000598354
0.986109,0.0138911
0.990619,0.00938092
7.54543e-07,0.999999
4.19297e-19,1.0
0.997083,0.002917
0.0123104,0.98769
3.86296e-23,1.0
2.98069e-06,0.999997
0.86824,0.13176
0.980949,0.0190507
0.0136172,0.986383
0.00797608,0.992024
9.84283e-11,1.0
0.851802,0.148198
0.0381561,0.961844
0.707692,0.292308
0.998655,0.00134518
0.994274,0.00572634
4.04136e-29,1.0
0.991607,0.00839292
0.386876,0.613124
0.999363,0.000637277
0.981086,0.0189144
0.999422,0.000577839
0.99965,0.00034985
0.988415,0.0115846
0.996964,0.00303608
0.635351,0.364649
0.254762,0.745238
9.07105e-10,1.0
0.937406,0.062594
0.997713,0.00228703
0.960044,0.0399557
0.81005,0.18995
0.827311,0.172689
0.997016,0.00298381
0.90809,0.0919101
0.975822,0.0241784
0.859064,0.140936
0.977189,0.0228114
0.279388,0.720612
0.995288,0.00471233
2.69643e-37,1.0
0.947768,0.0522318
1.31491e-05,0.999987
0.963638,0.036362
0.0190743,0.980926
6.91465e-33,1.0
0.0240499,0.97595
0.980185,0.0198151
0.990665,0.00933455
0.996913,0.00308679
0.989939,0.010061
0.9177,0.0822996
0.99916,0.000840486
0.976276,0.0237236
6.24898e-18,1.0
0.987405,0.0125948
0.96304,0.0369597
0.799011,0.200989
0.998306,0.00169418
1.48229e-05,0.999985
0.0,1.0
0.9829,0.0170997
0.999435,0.00056481
0.240869,0.759131
0.966742,0.0332575
0.987695,0.0123054
0.997804,0.00219563
3.00151e-31,1.0
0.812746,0.187255
0.974921,0.025079
0.976059,0.0239411
0.833024,0.166976
0.974132,0.0258683
0.000282603,0.999717
0.896448,0.103552
5.0266e-19,1.0
0.998908,0.00109172
0.889488,0.110512
0.0,1.0
0.992989,0.00701128
3.30569e-36,1.0
1.50764e-33,1.0
0.988812,0.0111879
0.999003,0.000996832
0.999784,0.000216215
0.999833,0.000166751
1.50036e-09,1.0
0.953845,0.0461549
1.5874e-21,1.0
0.970603,0.0293965
6.94348e-11,1.0
0.903339,0.0966605
0.837793,0.162207
0.998173,0.00182738
0.982423,0.0175774
0.997335,0.00266469
0.997998,0.00200182
0.0,1.0
0.932984,0.0670165
0.999283,0.000717541
0.992429,0.00757113
0.999527,0.000472621
3.34577e-19,1.0
7.94077e-08,1.0
0.999225,0.000774927
0.915242,0.0847584
1.02326e-09,1.0
3.6921e-08,1.0
0.134083,0.865917
0.991681,0.00831861
0.9954,0.00459959
1.98493e-05,0.99998
0.998797,0.00120305
0.996617,0.00338336
0.956286,0.0437142
0.981107,0.0188928
0.94856,0.0514396
0.998517,0.00148259
0.997984,0.00201611
0.956598,0.0434024
3.88155e-25,1.0
1.5032e-19,1.0
0.997139,0.00286095
0.886954,0.113046
0.949854,0.050146
0.920707,0.0792934
0.874596,0.125404
0.200859,0.799141
0.900324,0.0996756
0.998167,0.00183258
0.000417537,0.999582
0.138111,0.861888
0.871094,0.128906
1.08246e-27,1.0
5.52406e-12,1.0
9.99436e-22,1.0
0.000165114,0.999835
1.95752e-24,1.0
0.996633,0.00336739
0.568656,0.431344
0.993397,0.00660294
0.993348,0.00665195
4.70745e-06,0.999995
0.997685,0.00231462
1.72874e-30,1.0
2.61544e-22,1.0
0.998087,0.00191271
0.991657,0.00834272
0.999548,0.000452296
0.999049,0.000950815
0.544458,0.455542
0.995232,0.00476776
0.997238,0.00276163
0.99342,0.00657954
0.989578,0.0104223
7.56536e-12,1.0
0.0218057,0.978194
0.898376,0.101624
0.996636,0.00336407
0.94068,0.0593204
0.977396,0.0226038
0.969972,0.0300275
0.968215,0.0317854
7.39777e-15,1.0
0.970715,0.0292846
0.00601292,0.993987
0.967884,0.0321163
6.7874e-32,1.0
0.00124718,0.998753
0.998103,0.00189676
0.999803,0.000197471
0.996348,0.00365158
0.228159,0.771841
0.974186,0.0258136
0.989218,0.0107816
1.97618e-14,1.0
5.93875e-11,1.0
0.0,1.0
0.0120413,0.987959
0.995441,0.00455918
0.19308,0.80692
0.98718,0.0128199
0.9206,0.0794001
0.0691619,0.930838
0.951824,0.0481756
0.0360011,0.963999
0.999532,0.000467877
0.944578,0.0554224
0.993347,0.0066534
0.93503,0.0649703
0.0932152,0.906785
4.44921e-05,0.999956
0.0,1.0
0.875381,0.124619
7.54845e-07,0.999999
0.978377,0.0216234
4.77297e-17,1.0
0.991203,0.00879707
0.987602,0.012398
0.98652,0.0134799
0.933533,0.0664675
0.919177,0.0808235
0.987162,0.0128383
0.999034,0.000966131
0.986476,0.0135236
0.962537,0.0374625
8.5644e-22,1.0
0.996562,0.00343791
0.99768,0.00231959
8.03027e-36,1.0
0.0,1.0
0.994217,0.00578333
0.901131,0.0988688
0.994853,0.0051473
0.000949126,0.999051
0.984395,0.0156048
0.0,1.0
0.00280522,0.997195
0.999403,0.000596719
0.996698,0.00330215
0.934548,0.0654518
0.976386,0.0236139
0.810481,0.189519
0.998719,0.0012811
4.76568e-28,1.0
0.833054,0.166946
0.996655,0.00334458
0.990144,0.00985632
0.474801,0.525199
0.999883,0.000116792
0.940777,0.0592234
0.977363,0.0226371
0.978557,0.0214433
2.91316e-25,1.0
0.998588,0.00141246
0.99975,0.000250425
0.924316,0.0756839
0.997185,0.00281511
0.992053,0.00794698
0.19577,0.80423
0.992515,0.00748468
0.994809,0.00519114
2.22946e-26,1.0
0.995271,0.00472877
8.22317e-17,1.0
0.99178,0.00821988
0.468949,0.531051
0.915753,0.0842471
0.954777,0.0452234
0.998677,0.00132275
0.991586,0.00841409
4.23714e-10,1.0
5.74764e-05,0.999943
0.993951,0.00604942
0.994709,0.00529087
0.993077,0.00692293
0.992437,0.00756312
0.979486,0.0205143
5.53943e-14,1.0
0.996218,0.00378251
0.991365,0.00863483
0.760315,0.239685
0.999081,0.000919432
9.00834e-05,0.99991
3.87729e-17,1.0
0.991289,0.00871082
0.0,1.0
0.937378,0.0626217
0.993663,0.00633714
0.836076,0.163924
0.697111,0.302889
0.0,1.0
0.989273,0.0107272
0.931371,0.0686293
0.999208,0.000791875
6.66539e-26,1.0
3.44514e-19,1.0
3.56436e-07,1.0
0.0379097,0.96209
0.990614,0.00938557
0.0,1.0
4.32028e-33,1.0
0.00968201,0.990318
0.426994,0.573006
0.998867,0.00113263
0.0,1.0
0.8567,0.1433
0.996767,0.00323303
0.0,1.0
0.969956,0.0300436
0.987288,0.0127117
0.975681,0.0243193
0.999066,0.000933857
8.48009e-31,1.0
4.56297e-16,1.0
5.03845e-19,1.0
0.905007,0.0949929
0.935306,0.0646941
0.994348,0.00565231
0.00079768,0.999202
0.991924,0.00807593
6.09896e-07,0.999999
0.983395,0.0166051
0.998434,0.00156607
0.98972,0.0102803
0.352027,0.647973
0.979932,0.0200679
0.932617,0.0673829
0.629273,0.370727
1.34865e-12,1.0
7.15603e-32,1.0
0.683914,0.316086
0.996849,0.0031513
0.991892,0.00810812
0.0632557,0.936744
0.992235,0.00776481
0.986182,0.0138185
6.04929e-24,1.0
0.954875,0.0451246
0.989243,0.0107569
0.249698,0.750302
0.0,1.0
0.996632,0.00336794
3.69219e-09,1.0
0.998636,0.00136422
0.98519,0.0148098
0.964214,0.0357864
0.766558,0.233442
0.999737,0.000263114
0.996756,0.00324406
0.998547,0.00145333
0.998794,0.00120618
0.994826,0.00517431
0.998865,0.00113554
0.000192702,0.999807
0.530609,0.469391
3.77442e-16,1.0
0.998701,0.00129855
1.94883e-10,1.0
0.973975,0.0260254
0.994763,0.00523661
0.747738,0.252262
0.992477,0.00752299
8.56331e-09,1.0
0.895514,0.104486
0.975937,0.0240627
1.14303e-07,1.0
5.21816e-16,1.0
0.993286,0.00671397
0.99937,0.000630045
0.00308092,0.996919
0.982694,0.017306
0.988812,0.0111881
0.999855,0.00014457
0.995846,0.00415403
0.998507,0.00149276
0.998419,0.00158098
0.994353,0.00564676
0.997469,0.00253114
0.983452,0.0165482
0.998131,0.0018691
2.29473e-31,1.0
1.6444e-05,0.999984
1.94195e-12,1.0
8.57841e-06,0.999991
0.994754,0.00524574
0.949885,0.0501147
0.999046,0.000953861
9.16819e-31,1.0
0.99947,0.00052979
7.10862e-28,1.0
8.37764e-19,1.0
1.31255e-17,1.0
0.00895368,0.991046
3.29264e-35,1.0
0.828499,0.171501
0.994362,0.00563789
0.996652,0.00334825
0.969299,0.0307014
0.984599,0.0154007
5.57989e-06,0.999994
0.997602,0.00239769
0.397194,0.602806
0.985441,0.0145588
0.986381,0.0136188
0.96555,0.0344503
1.08445e-09,1.0
0.130462,0.869538
0.0,1.0
9.43513e-18,1.0
1.26974e-06,0.999999
4.10836e-10,1.0
1.17646e-38,1.0
0.896636,0.103364
0.991313,0.008687
0.947614,0.0523856
0.883753,0.116247
0.37222,0.62778
0.999277,0.00072294
0.497495,0.502505
0.988572,0.0114277
0.977781,0.0222188
1.23716e-10,1.0
0.998587,0.00141326
0.998385,0.00161536
0.406732,0.593268
0.999988,1.17537e-05
0.00896785,0.991032
0.978614,0.0213861
0.0,1.0
2.71252e-20,1.0
0.0,1.0
0.986659,0.0133409
0.0,1.0
1.05356e-09,1.0
3.9572e-06,0.999996
0.780682,0.219318
0.999428,0.000572007
2.06541e-10,1.0
0.885143,0.114857
0.977573,0.0224273
0.999227,0.000773041
0.99886,0.00113957
0.997963,0.00203656
0.993721,0.00627941
6.46769e-18,1.0
0.998199,0.00180102
0.988314,0.0116858
0.986983,0.0130172
0.0,1.0
0.982867,0.0171334
0.999824,0.000176506
4.83038e-20,1.0
3.49917e-07,1.0
6.12107e-09,1.0
0.0347721,0.965228
