1.0,2.44967e-36
1.0,7.34143e-17
1.0,0.0
1.0,1.55966e-13
1.0,5.88041e-36
1.0,1.66528e-28
1.0,3.53313e-14
1.0,5.51988e-20
1.0,6.09803e-20
1.0,0.0
1.0,5.96741e-14
1.0,1.11448e-12
1.0,5.97591e-19
1.0,5.32521e-36
1.0,2.39475e-24
1.0,3.12182e-23
1.0,2.85745e-18
1.0,4.7143e-19
1.0,8.01394e-12
1.0,9.63227e-13
1.0,7.21073e-16
1.0,0.0
1.0,1.71229e-22
1.0,2.59928e-26
1.0,0.0
1.0,9.97646e-15
1.0,3.634e-12
1.0,0.0
1.0,5.02297e-28
1.0,2.10892e-14
1.0,0.0
1.0,3.81169e-27
1.0,1.81846e-16
1.0,5.06301e-13
1.0,1.54138e-17
1.0,5.02901e-16
1.0,5.65772e-31
1.0,4.88928e-13
1.0,1.0708e-12
1.0,0.0
1.0,0.0
1.0,4.45673e-13
1.0,0.0
1.0,1.28328e-16
1.0,1.01637e-18
1.0,7.13882e-19
1.0,5.13635e-19
1.0,0.0
1.0,1.74676e-24
1.0,0.0
1.0,1.48568e-20
1.0,9.17607e-15
1.0,3.37826e-21
1.0,1.20623e-19
1.0,3.20361e-19
1.0,1.71727e-15
1.0,1.0389e-12
1.0,7.10374e-28
1.0,0.0
1.0,3.07121e-17
1.0,3.9987e-18
1.0,4.8413e-14
1.0,3.68453e-27
1.0,0.0
1.0,7.46488e-28
1.0,1.31675e-16
1.0,6.12511e-14
1.0,0.0
1.0,0.0
1.0,0.0
1.0,0.0
1.0,2.69361e-14
1.0,1.31288e-13
1.0,1.43438e-36
1.0,2.43053e-27
1.0,1.1263e-16
1.0,3.31035e-14
1.0,2.76008e-14
1.0,1.39073e-17
1.0,3.09057e-13
1.0,5.18851e-16
1.0,0.0
1.0,1.73358e-13
1.0,0.0
1.0,4.30897e-18
1.0,2.62725e-21
1.0,4.68455e-14
1.0,2.83069e-19
1.0,1.2144e-17
1.0,0.0
1.0,3.84919e-21
1.0,0.0
1.0,1.57843e-37
1.0,1.29211e-30
1.0,3.71043e-25
1.0,2.58591e-20
1.0,0.0
1.0,3.18499e-21
1.0,4.21421e-20
1.0,7.14318e-19
1.0,4.17278e-18
1.0,1.5769e-13
1.0,4.71481e-12
1.0,0.0
1.0,1.51519e-32
1.0,1.26763e-15
1.0,4.98147e-14
1.0,0.0
1.0,1.89234e-31
1.0,6.05691e-18
1.0,2.22097e-13
1.0,1.8252e-16
1.0,6.59798e-16
1.0,0.0
1.0,5.62504e-26
1.0,4.08821e-23
1.0,4.67503e-18
1.0,3.27108e-16
1.0,2.53582e-14
1.0,7.58145e-28
1.0,4.04297e-15
1.0,2.18794e-16
1.0,1.56417e-15
1.0,5.38748e-15
1.0,0.0
1.0,3.51615e-24
1.0,1.8156e-19
1.0,3.39202e-18
1.0,9.40029e-17
1.0,8.27354e-17
1.0,1.01803e-22
1.0,1.18751e-15
1.0,0.0
1.0,1.32903e-14
1.0,2.1133e-29
1.0,4.43082e-14
1.0,1.23728e-11
1.0,1.70398e-14
1.0,0.0
1.0,1.64951e-14
1.0,0.0
1.0,5.51208e-18
1.0,5.60452e-12
1.0,8.14857e-31
1.0,1.21758e-28
1.0,5.81932e-24
1.0,1.85155e-15
1.0,8.3001e-24
1.0,1.71128e-17
1.0,4.02828e-14
1.0,3.99617e-20
1.0,4.02947e-21
1.0,3.30799e-16
1.0,3.98858e-13
1.0,0.0
1.0,3.71783e-25
1.0,1.6765e-18
1.0,1.98546e-14
1.0,1.60743e-12
1.0,9.28561e-22
1.0,5.04274e-23
1.0,2.26912e-22
1.0,2.30757e-20
1.0,4.59969e-31
1.0,9.0396e-28
1.0,2.83345e-16
1.0,1.13706e-31
1.0,3.00658e-15
1.0,6.22518e-15
1.0,0.0
1.0,2.19906e-24
1.0,1.00856e-21
1.0,3.6767e-17
1.0,1.36271e-15
1.0,8.30534e-21
1.0,1.60613e-13
1.0,0.0
1.0,0.0
1.0,2.88841e-23
1.0,9.09115e-17
1.0,1.57322e-14
1.0,1.32793e-20
1.0,2.19319e-14
1.0,0.0
1.0,7.57305e-25
1.0,4.05152e-18
1.0,5.08183e-16
1.0,7.59288e-20
1.0,3.26462e-13
1.0,0.0
1.0,8.56397e-31
1.0,4.25652e-21
1.0,3.13491e-14
1.0,1.2644e-14
1.0,1.99045e-25
1.0,2.40181e-13
1.0,5.15005e-24
1.0,1.35829e-21
1.0,7.01106e-19
1.0,5.20016e-16
1.0,4.04029e-15
1.0,2.2312e-31
1.0,5.83841e-14
1.0,0.0
1.0,9.94979e-28
1.0,1.16878e-13
1.0,0.0
1.0,0.0
1.0,0.0
1.0,4.21884e-20
1.0,8.74008e-15
1.0,1.00804e-14
1.0,6.47706e-31
1.0,1.67599e-24
1.0,5.81736e-14
1.0,0.0
1.0,4.12306e-22
1.0,6.23312e-36
1.0,2.4648e-26
1.0,2.57467e-28
1.0,2.72209e-20
1.0,0.0
1.0,5.11597e-20
1.0,2.03089e-18
1.0,2.82094e-15
1.0,3.16209e-13
1.0,1.62765e-32
1.0,1.63327e-16
1.0,4.38085e-12
1.0,2.50494e-32
1.0,5.51869e-25
1.0,3.13771e-18
1.0,0.0
1.0,2.44514e-13
1.0,0.0
1.0,0.0
1.0,5.45051e-15
1.0,2.28356e-14
1.0,2.69293e-14
1.0,1.35466e-18
1.0,4.10983e-20
1.0,2.7732e-17
1.0,3.31982e-14
1.0,5.24731e-21
1.0,0.0
1.0,1.60849e-15
1.0,0.0
1.0,4.03252e-18
1.0,6.04317e-28
1.0,6.25799e-20
1.0,1.34026e-15
1.0,3.10287e-15
1.0,1.51633e-15
1.0,1.3581e-13
1.0,6.31143e-21
1.0,5.71138e-25
1.0,2.2339e-24
1.0,3.73771e-19
1.0,2.68294e-18
1.0,8.83468e-13
1.0,2.93604e-29
1.0,7.20061e-32
1.0,1.08311e-25
1.0,3.19437e-14
1.0,0.0
1.0,1.28999e-17
1.0,0.0
1.0,0.0
1.0,3.22853e-14
1.0,1.73311e-14
1.0,3.4664e-20
1.0,6.92645e-18
1.0,4.11495e-30
1.0,4.45651e-28
1.0,1.42183e-21
1.0,2.9084e-18
1.0,0.0
1.0,5.46435e-16
1.0,0.0
1.0,4.74221e-24
1.0,3.05603e-20
1.0,6.42582e-16
1.0,7.65409e-23
1.0,0.0
1.0,9.99345e-15
1.0,1.8757e-34
1.0,6.10331e-13
1.0,0.0
1.0,0.0
1.0,1.10111e-13
1.0,8.79146e-25
1.0,1.80083e-14
1.0,2.23276e-22
1.0,9.39587e-13
1.0,4.77476e-38
1.0,5.14162e-35
1.0,3.44661e-24
1.0,4.11028e-21
1.0,2.373e-20
1.0,2.20418e-13
1.0,2.73179e-15
1.0,0.0
1.0,5.88725e-23
1.0,2.28057e-14
1.0,9.38633e-15
1.0,0.0
1.0,5.19257e-36
1.0,0.0
1.0,6.33552e-22
1.0,1.80247e-12
1.0,0.0
1.0,2.62469e-27
1.0,2.96049e-23
1.0,4.32634e-20
1.0,5.18647e-13
1.0,1.18832e-13
1.0,1.96472e-31
1.0,9.21372e-18
1.0,1.98416e-14
1.0,2.63189e-27
1.0,5.07285e-19
1.0,1.46883e-13
1.0,3.47045e-25
1.0,4.38912e-15
1.0,3.24297e-24
1.0,8.57229e-18
1.0,0.0
1.0,2.14857e-17
1.0,7.25934e-29
1.0,1.36622e-21
1.0,0.0
1.0,3.46196e-23
1.0,0.0
1.0,1.90461e-37
1.0,1.16402e-34
1.0,3.62257e-17
1.0,8.0564e-14
1.0,1.09095e-13
1.0,2.70577e-20
1.0,1.12905e-19
1.0,1.68206e-12
1.0,1.10674e-14
1.0,2.85243e-13
1.0,5.18058e-23
1.0,2.45574e-17
1.0,9.62647e-20
1.0,0.0
1.0,1.04412e-21
1.0,1.4686e-13
1.0,6.64048e-22
1.0,2.73948e-19
1.0,1.03332e-26
1.0,1.10021e-17
1.0,3.24814e-14
1.0,0.0
1.0,9.79105e-28
1.0,0.0
1.0,3.9303e-24
1.0,4.02648e-18
1.0,7.07309e-18
1.0,0.0
1.0,5.82678e-12
1.0,0.0
1.0,2.18164e-22
1.0,2.96517e-18
1.0,5.95728e-30
1.0,5.04144e-12
1.0,1.40834e-17
1.0,2.32736e-35
1.0,4.44772e-20
1.0,8.85142e-12
1.0,1.26673e-21
1.0,1.28762e-12
1.0,1.68773e-19
1.0,2.10703e-17
1.0,3.7749e-20
1.0,9.60509e-19
1.0,6.07377e-13
1.0,0.0
1.0,2.32131e-14
1.0,5.55175e-33
1.0,1.64457e-15
1.0,1.3095e-14
1.0,0.0
1.0,0.0
1.0,0.0
1.0,1.30801e-15
1.0,4.59455e-18
1.0,3.93431e-15
1.0,8.42625e-15
1.0,4.93901e-12
1.0,1.71395e-14
1.0,0.0
1.0,1.06752e-31
1.0,2.48461e-15
1.0,1.08106e-22
1.0,2.45507e-20
1.0,8.49485e-17
1.0,1.24948e-15
1.0,5.96473e-13
1.0,5.72401e-17
1.0,9.95884e-18
1.0,0.0
1.0,3.2352e-21
1.0,5.30974e-19
1.0,2.57934e-21
1.0,2.99003e-18
1.0,1.767e-17
1.0,3.90541e-20
1.0,6.29053e-18
1.0,3.00553e-13
1.0,6.54301e-14
1.0,1.82865e-17
1.0,8.5326e-14
1.0,6.1392e-36
1.0,6.16686e-24
1.0,0.0
1.0,6.52396e-20
1.0,2.091e-14
1.0,1.18631e-12
1.0,0.0
1.0,0.0
1.0,3.67129e-24
1.0,3.35894e-13
1.0,1.06233e-13
1.0,1.62484e-22
1.0,1.67452e-37
1.0,2.22701e-17
1.0,1.5701e-21
1.0,7.63088e-17
1.0,0.0
1.0,1.29192e-19
1.0,4.19878e-31
1.0,1.91476e-21
1.0,1.51371e-13
1.0,2.11515e-36
1.0,2.36501e-25
1.0,2.40543e-17
1.0,1.50892e-25
1.0,0.0
1.0,1.83759e-21
1.0,9.8541e-15
1.0,5.13441e-18
1.0,3.9827e-13
1.0,0.0
1.0,0.0
1.0,0.0
1.0,1.19296e-36
1.0,8.05624e-19
1.0,7.18306e-14
1.0,5.83614e-28
1.0,6.72189e-22
1.0,5.61734e-19
1.0,3.99179e-15
1.0,9.63426e-18
1.0,1.11523e-13
1.0,2.0722e-13
1.0,1.07627e-14
1.0,4.42123e-13
1.0,1.87957e-23
1.0,7.63909e-16
1.0,8.68564e-14
1.0,1.05274e-13
1.0,3.65265e-31
1.0,1.1197e-29
1.0,2.52705e-27
1.0,3.53697e-22
1.0,0.0
1.0,4.88225e-38
1.0,6.85885e-24
1.0,5.25277e-17
1.0,6.72009e-16
1.0,4.04063e-23
1.0,2.49456e-15
1.0,0.0
1.0,4.69366e-14
1.0,2.05213e-30
1.0,0.0
1.0,1.13397e-13
1.0,0.0
1.0,2.25736e-26
1.0,4.85568e-13
1.0,1.36395e-13
1.0,1.6126e-38
1.0,0.0
1.0,1.81303e-25
1.0,2.27608e-22
1.0,0.0
1.0,0.0
1.0,0.0
1.0,5.9118e-22
1.0,1.52172e-14
1.0,2.3647e-30
1.0,6.81439e-23
1.0,3.39084e-21
1.0,1.23672e-13
1.0,8.21927e-19
1.0,0.0
1.0,1.50248e-14
1.0,4.26068e-16
1.0,2.20353e-23
1.0,5.30857e-17
1.0,8.75864e-13
1.0,3.4921e-16
1.0,3.35617e-19
1.0,0.0
1.0,0.0
1.0,2.9496e-29
1.0,6.29133e-12
1.0,7.79084e-22
1.0,9.3974e-22
1.0,2.37265e-19
1.0,1.47993e-18
1.0,1.37623e-16
1.0,1.10997e-13
1.0,0.0
1.0,0.0
1.0,7.96711e-22
1.0,4.40065e-19
1.0,6.66393e-16
1.0,5.32306e-13
1.0,4.75963e-20
1.0,4.81759e-13
1.0,6.65617e-19
1.0,5.08563e-21
1.0,1.17484e-19
1.0,9.84755e-18
1.0,1.37769e-26
1.0,7.53529e-12
1.0,4.05278e-22
1.0,1.57302e-20
1.0,1.46292e-37
1.0,1.50045e-25
1.0,5.55045e-20
1.0,0.0
1.0,2.047e-15
1.0,1.98654e-12
1.0,3.30013e-16
1.0,0.0
1.0,3.85807e-21
1.0,3.80331e-19
1.0,3.59997e-14
1.0,1.05632e-26
1.0,3.7787e-15
1.0,0.0
1.0,0.0
1.0,0.0
1.0,0.0
1.0,8.25668e-15
1.0,1.41892e-31
1.0,3.40351e-18
1.0,1.53316e-14
1.0,3.14458e-15
1.0,1.07631e-13
1.0,8.16129e-25
1.0,1.49178e-23
1.0,4.81404e-24
1.0,6.54972e-19
1.0,1.24769e-16
1.0,3.73613e-16
1.0,4.95638e-13
1.0,1.57873e-18
1.0,0.0
1.0,1.21897e-14
1.0,0.0
1.0,1.86448e-31
1.0,1.69736e-23
1.0,0.0
1.0,0.0
1.0,0.0
1.0,0.0
1.0,0.0
1.0,2.25821e-27
1.0,0.0
1.0,1.23756e-20
1.0,1.05473e-12
1.0,2.70577e-12
1.0,7.46838e-13
1.0,7.91477e-20
1.0,4.24395e-14
1.0,1.14809e-34
1.0,2.93319e-18
1.0,0.0
1.0,4.08008e-13
1.0,2.39222e-12
1.0,1.00124e-12
1.0,0.0
1.0,2.30389e-23
1.0,0.0
1.0,0.0
1.0,1.05956e-22
1.0,3.11298e-18
1.0,0.0
1.0,2.1949e-33
1.0,5.38524e-24
1.0,8.00246e-14
1.0,4.53668e-36
1.0,3.30531e-13
1.0,2.32095e-14
1.0,1.68069e-13
1.0,7.99014e-17
1.0,1.05074e-16
1.0,2.31555e-37
1.0,1.49328e-15
1.0,3.75778e-12
1.0,0.0
1.0,1.4139e-17
1.0,6.57141e-16
1.0,0.0
1.0,3.3036e-34
1.0,1.75356e-21
1.0,5.67206e-19
1.0,7.57612e-16
1.0,0.0
1.0,1.4778e-32
1.0,5.3569e-26
1.0,2.84748e-21
1.0,9.64334e-19
1.0,8.07477e-16
1.0,1.43582e-14
1.0,0.0
1.0,1.63124e-34
1.0,1.23808e-22
1.0,1.80197e-19
1.0,6.52238e-17
1.0,3.40038e-14
1.0,6.17203e-34
1.0,4.17972e-14
1.0,1.66433e-21
1.0,3.99033e-27
1.0,0.0
1.0,6.45576e-18
1.0,1.25313e-13
1.0,0.0
1.0,0.0
1.0,2.60207e-17
1.0,1.50222e-37
1.0,0.0
1.0,3.1489e-17
1.0,5.42179e-15
1.0,0.0
1.0,0.0
1.0,1.21792e-14
1.0,9.21823e-16
1.0,8.55986e-36
1.0,1.81619e-25
1.0,0.0
1.0,8.16763e-29
1.0,0.0
1.0,1.74564e-22
1.0,1.73667e-18
1.0,3.97404e-16
1.0,0.0
1.0,0.0
1.0,4.43764e-19
1.0,0.0
1.0,0.0
1.0,5.32238e-23
1.0,2.38618e-21
1.0,1.35926e-20
1.0,3.37832e-19
1.0,2.90311e-18
1.0,5.38736e-15
1.0,3.62115e-13
1.0,0.0
1.0,0.0
1.0,5.65011e-28
1.0,5.58766e-18
1.0,0.0
1.0,3.22839e-13
1.0,8.25431e-14
1.0,0.0
1.0,1.54981e-14
1.0,1.31765e-12
1.0,0.0
1.0,0.0
1.0,0.0
1.0,0.0
1.0,0.0
1.0,2.24283e-21
1.0,4.77328e-14
1.0,0.0
1.0,3.55496e-18
1.0,1.33084e-23
1.0,1.46203e-32
1.0,0.0
1.0,0.0
1.0,1.9837e-18
1.0,4.58053e-17
1.0,0.0
1.0,9.1209e-36
1.0,1.41869e-15
1.0,1.49859e-13
1.0,3.98171e-25
1.0,4.39868e-15
1.0,9.79465e-32
1.0,1.94829e-12
1.0,2.64477e-13
1.0,1.71467e-14
1.0,7.0216e-19
1.0,0.0
1.0,0.0
1.0,3.54574e-15
1.0,5.85518e-14
1.0,2.24343e-20
1.0,2.30084e-18
1.0,0.0
1.0,1.24127e-22
1.0,1.65624e-33
1.0,2.38366e-16
1.0,6.32435e-21
1.0,9.80645e-20
1.0,0.0
1.0,1.23438e-17
1.0,0.0
1.0,4.28214e-16
1.0,5.97661e-14
1.0,5.76781e-24
1.0,2.53806e-29
1.0,1.76931e-36
1.0,7.4158e-15
1.0,0.0
1.0,1.13626e-13
1.0,0.0
1.0,2.01952e-23
1.0,1.51801e-19
1.0,2.92433e-13
1.0,5.82223e-17
1.0,2.24174e-23
1.0,2.23506e-19
1.0,8.27722e-20
1.0,3.42635e-16
1.0,7.50954e-14
1.0,1.02857e-11
1.0,1.11226e-17
1.0,0.0
1.0,2.59538e-28
1.0,8.89215e-16
1.0,0.0
1.0,2.68423e-27
1.0,4.34457e-21
1.0,2.5749e-21
1.0,9.57909e-14
1.0,1.02427e-21
1.0,2.40102e-20
1.0,7.24937e-17
1.0,5.32272e-19
1.0,7.74088e-17
1.0,3.63202e-17
1.0,0.0
1.0,2.56886e-13
1.0,2.82832e-12
1.0,9.52128e-14
1.0,2.12888e-15
1.0,0.0
1.0,4.21833e-20
1.0,1.24797e-13
1.0,1.76914e-14
1.0,0.0
1.0,9.36667e-34
1.0,0.0
1.0,4.1374e-30
1.0,3.96847e-30
1.0,1.27218e-14
1.0,0.0
1.0,1.80395e-22
1.0,0.0
1.0,1.30817e-26
1.0,2.66516e-16
1.0,1.38973e-13
1.0,4.3956e-17
1.0,0.0
1.0,3.50432e-14
1.0,9.7987e-21
1.0,1.57647e-12
1.0,9.93347e-15
1.0,0.0
1.0,1.12567e-25
1.0,1.31562e-13
1.0,2.07378e-22
1.0,0.0
1.0,8.97348e-18
1.0,3.36294e-13
1.0,0.0
1.0,8.28534e-14
1.0,3.06457e-13
1.0,1.40831e-14
1.0,9.79555e-25
1.0,2.01669e-19
1.0,0.0
1.0,2.77608e-18
1.0,0.0
1.0,9.87716e-24
1.0,6.14757e-21
1.0,5.01445e-16
1.0,1.06474e-13
1.0,0.0
1.0,1.09729e-20
1.0,3.53583e-14
1.0,2.55242e-37
1.0,3.74583e-31
1.0,1.33882e-15
1.0,0.0
1.0,0.0
1.0,1.18268e-15
1.0,0.0
1.0,7.54277e-19
1.0,1.75844e-23
1.0,1.45097e-18
1.0,4.47941e-14
1.0,8.92794e-13
1.0,0.0
1.0,2.02006e-38
1.0,0.0
1.0,1.80708e-20
1.0,1.51167e-37
1.0,0.0
1.0,1.78146e-14
1.0,0.0
1.0,6.02859e-15
1.0,4.82862e-27
1.0,6.72362e-19
1.0,4.90513e-18
1.0,0.0
1.0,0.0
1.0,2.31204e-28
1.0,8.9524e-14
1.0,7.41616e-13
1.0,0.0
1.0,0.0
1.0,9.24716e-36
1.0,1.59819e-18
1.0,3.67684e-14
1.0,3.13914e-25
1.0,2.12957e-23
1.0,1.79627e-17
1.0,3.20608e-15
1.0,0.0
1.0,1.77568e-19
1.0,9.21096e-31
1.0,1.2141e-17
1.0,3.80155e-34
1.0,7.35909e-17
1.0,3.53429e-13
1.0,0.0
1.0,0.0
1.0,3.59495e-12
1.0,2.00614e-18
1.0,2.86046e-19
1.0,0.0
1.0,1.41262e-21
1.0,7.58629e-19
1.0,0.0
1.0,4.7549e-19
1.0,3.08739e-18
1.0,2.3527e-14
1.0,8.38593e-16
1.0,5.33635e-15
1.0,1.19265e-11
1.0,3.4072e-23
1.0,1.04677e-20
1.0,1.17647e-18
1.0,1.41212e-12
1.0,3.05457e-33
1.0,2.81504e-31
1.0,1.32359e-17
1.0,1.6234e-13
1.0,5.92303e-26
1.0,9.70745e-20
1.0,3.49459e-33
1.0,6.5706e-18
1.0,3.18499e-13
1.0,0.0
1.0,0.0
1.0,4.99157e-21
1.0,3.41375e-36
1.0,7.49129e-30
1.0,1.29235e-18
1.0,9.06677e-13
1.0,3.33943e-13
1.0,0.0
1.0,4.17253e-31
1.0,1.0447e-18
1.0,1.65205e-15
1.0,4.83253e-15
1.0,0.0
1.0,9.77379e-16
1.0,1.31678e-17
1.0,0.0
1.0,3.04386e-32
1.0,1.16805e-14
1.0,2.63723e-13
1.0,1.64254e-12
1.0,3.44848e-26
1.0,7.68375e-16
1.0,1.32881e-22
1.0,6.24393e-18
1.0,4.77424e-17
1.0,6.7018e-14
1.0,1.49404e-36
1.0,6.20488e-15
1.0,4.23627e-22
1.0,7.39546e-21
1.0,2.95579e-17
1.0,1.75327e-15
1.0,4.00781e-35
1.0,2.825e-22
1.0,4.0771e-21
1.0,2.31935e-14
1.0,1.30831e-14
1.0,9.07205e-14
1.0,0.0
1.0,1.04058e-14
1.0,0.0
1.0,3.06026e-23
1.0,4.92814e-13
1.0,1.08202e-19
1.0,1.5212e-14
1.0,3.78062e-16
1.0,2.27659e-13
1.0,5.85354e-17
1.0,0.0
1.0,5.80924e-27
1.0,6.92562e-19
1.0,3.06651e-13
1.0,1.01451e-22
1.0,1.00384e-18
1.0,6.04854e-14
1.0,0.0
1.0,7.20095e-15
1.0,1.20569e-14
1.0,1.65173e-21
1.0,1.3873e-13
1.0,7.61863e-33
1.0,8.18531e-30
1.0,2.30299e-20
1.0,6.1949e-22
1.0,1.33336e-15
1.0,2.45381e-29
1.0,6.28545e-16
1.0,4.8907e-14
1.0,2.36602e-12
1.0,0.0
1.0,4.52187e-37
1.0,0.0
1.0,1.16292e-20
1.0,5.1546e-15
1.0,0.0
1.0,1.04112e-12
1.0,0.0
1.0,8.22133e-22
1.0,3.34302e-29
1.0,1.20411e-17
1.0,2.39257e-17
1.0,2.91945e-16
1.0,4.17216e-13
1.0,9.64736e-18
1.0,1.89368e-14
1.0,0.0
1.0,7.27633e-16
1.0,1.89878e-13
1.0,2.78008e-24
1.0,6.8907e-15
1.0,1.76394e-12
1.0,8.46789e-12
1.0,3.35384e-16
1.0,8.71146e-13
1.0,0.0
1.0,0.0
1.0,1.0389e-12
1.0,0.0
1.0,5.82212e-30
1.0,7.69647e-18
1.0,1.41907e-17
1.0,0.0
1.0,4.95124e-25
1.0,2.98963e-17
1.0,3.60078e-14
1.0,3.17608e-23
1.0,8.70024e-19
1.0,1.02746e-11
1.0,0.0
1.0,7.93058e-33
1.0,9.66845e-21
1.0,3.00385e-15
1.0,2.59442e-13
1.0,0.0
1.0,8.12985e-17
1.0,0.0
1.0,3.05837e-21
1.0,8.36783e-12
1.0,3.07856e-12
1.0,2.7619e-22
1.0,1.04273e-33
1.0,9.54316e-16
1.0,0.0
1.0,3.95784e-31
1.0,2.19899e-15
1.0,8.80957e-15
1.0,6.74903e-12
1.0,1.75861e-21
1.0,1.82691e-17
1.0,2.2032e-17
1.0,2.11281e-13
1.0,0.0
1.0,1.6229e-18
1.0,1.0001e-19
1.0,6.09775e-14
1.0,0.0
1.0,0.0
1.0,4.47783e-19
1.0,0.0
1.0,4.12727e-18
1.0,6.34594e-14
1.0,3.97349e-14
1.0,1.05413e-29
1.0,0.0
1.0,0.0
1.0,8.30408e-19
1.0,9.50049e-14
1.0,3.31938e-33
1.0,2.23328e-25
1.0,3.00445e-22
1.0,2.18977e-15
1.0,1.90304e-17
1.0,3.1847e-15
1.0,1.63767e-13
1.0,6.33705e-30
1.0,8.96124e-23
1.0,2.3376e-20
1.0,0.0
1.0,5.20008e-16
1.0,8.5946e-15
1.0,4.43134e-14
1.0,5.78536e-13
1.0,0.0
1.0,2.64549e-17
1.0,1.09019e-29
1.0,1.67955e-19
1.0,4.21032e-13
1.0,1.57307e-12
1.0,3.02302e-31
1.0,7.4461e-16
1.0,2.31893e-15
1.0,1.15206e-20
1.0,1.28741e-24
1.0,1.25681e-13
1.0,2.90497e-15
1.0,0.0
1.0,2.44648e-38
1.0,7.84292e-16
1.0,1.36142e-25
1.0,3.86101e-15
1.0,5.71687e-13
1.0,0.0
1.0,1.2852e-24
1.0,1.57011e-15
1.0,0.0
1.0,1.31418e-29
1.0,5.23657e-13
1.0,7.37764e-13
1.0,0.0
1.0,0.0
1.0,4.59129e-18
1.0,6.65199e-17
1.0,0.0
1.0,2.23996e-23
1.0,7.92608e-17
1.0,6.56909e-18
1.0,2.57713e-26
1.0,5.95383e-16
1.0,3.96715e-14
1.0,0.0
1.0,6.55609e-37
1.0,0.0
1.0,5.30443e-26
1.0,4.10582e-16
1.0,2.32913e-14
1.0,5.43577e-30
1.0,6.01153e-21
1.0,1.72182e-13
1.0,4.048e-19
1.0,1.06826e-17
1.0,2.94003e-15
1.0,1.56154e-14
1.0,4.02928e-14
1.0,1.52959e-32
1.0,7.13658e-14
1.0,1.15683e-26
1.0,3.52621e-17
1.0,1.26225e-21
1.0,1.18401e-22
1.0,2.2401e-23
1.0,7.21562e-27
1.0,8.28554e-18
1.0,2.52264e-19
1.0,7.70388e-32
1.0,0.0
1.0,1.11187e-35
1.0,0.0
1.0,5.11579e-15
1.0,3.85228e-19
1.0,1.63802e-13
1.0,3.90679e-32
1.0,0.0
1.0,2.17761e-12
1.0,3.4851e-18
1.0,7.08698e-22
1.0,5.80116e-20
1.0,0.0
1.0,0.0
1.0,2.95794e-14
1.0,5.71726e-13
1.0,9.39587e-13
1.0,3.68397e-18
1.0,3.84816e-16
1.0,5.40187e-13
1.0,1.4537e-31
1.0,3.14655e-15
1.0,5.88083e-23
1.0,2.63289e-13
1.0,0.0
1.0,0.0
1.0,5.59127e-32
1.0,4.19573e-20
1.0,1.36125e-12
1.0,6.40569e-13
1.0,1.56833e-14
1.0,7.48678e-13
1.0,1.78765e-14
1.0,1.99688e-25
1.0,2.25774e-13
1.0,7.11076e-22
1.0,4.81519e-18
1.0,0.0
1.0,0.0
1.0,3.17416e-23
1.0,7.77072e-19
1.0,4.2572e-14
1.0,6.52472e-17
1.0,1.25623e-14
1.0,8.33684e-17
1.0,7.00522e-37
1.0,6.1088e-14
1.0,3.54017e-32
1.0,2.60405e-23
1.0,6.28781e-29
1.0,1.01491e-15
1.0,0.0
1.0,5.00481e-17
1.0,2.44384e-16
1.0,1.58802e-12
1.0,0.0
1.0,5.30986e-26
1.0,4.75546e-14
1.0,2.30345e-12
1.0,1.04637e-20
1.0,5.4328e-14
1.0,6.38752e-13
1.0,6.40847e-28
1.0,3.58112e-23
1.0,2.54116e-13
1.0,5.96398e-20
1.0,5.76875e-16
1.0,1.14591e-27
1.0,6.49138e-30
1.0,9.30941e-22
1.0,0.0
1.0,2.91443e-33
1.0,5.63728e-14
1.0,0.0
1.0,6.22289e-14
1.0,7.07687e-25
1.0,4.8223e-20
1.0,1.10265e-16
1.0,2.33099e-16
1.0,4.00544e-20
1.0,3.56328e-18
1.0,5.27222e-16
1.0,3.18333e-14
1.0,5.4874e-35
1.0,3.30953e-36
1.0,1.639e-24
1.0,1.47653e-18
1.0,4.48744e-13
1.0,1.60195e-36
1.0,1.34625e-22
1.0,2.633e-13
1.0,1.66317e-22
1.0,1.39944e-24
1.0,2.14644e-21
1.0,1.62025e-16
1.0,1.39949e-14
1.0,3.22868e-25
1.0,2.07764e-31
1.0,4.95417e-24
1.0,2.39621e-20
1.0,5.54429e-12
1.0,0.0
1.0,5.18675e-28
1.0,3.49737e-20
1.0,2.48037e-18
1.0,4.93576e-18
1.0,3.64875e-13
1.0,2.64664e-12
1.0,0.0
1.0,4.83603e-18
1.0,2.07877e-19
1.0,8.92455e-28
1.0,1.78021e-26
1.0,4.24148e-31
1.0,0.0
1.0,1.69192e-20
1.0,1.12406e-15
1.0,1.09101e-18
1.0,4.84274e-20
1.0,2.10216e-20
1.0,1.39416e-13
1.0,0.0
1.0,1.56249e-15
1.0,5.74167e-28
1.0,4.65761e-22
1.0,7.38122e-17
1.0,2.66607e-16
1.0,2.52438e-14
1.0,5.83691e-25
1.0,9.02524e-12
1.0,8.12563e-17
1.0,4.34351e-14
1.0,0.0
1.0,7.19786e-34
1.0,1.19191e-27
1.0,9.46769e-25
1.0,2.83524e-21
1.0,1.23072e-20
1.0,5.90598e-19
1.0,1.16181e-14
1.0,2.49838e-15
1.0,0.0
1.0,4.02231e-17
1.0,3.50483e-14
1.0,3.03562e-22
1.0,3.3337e-15
1.0,7.03261e-31
1.0,5.18993e-16
1.0,2.20246e-14
1.0,1.63016e-24
1.0,4.48501e-22
1.0,1.05246e-16
1.0,2.73871e-15
1.0,1.27945e-18
1.0,9.75597e-26
1.0,1.72321e-20
1.0,2.18275e-25
1.0,1.25078e-33
1.0,4.63359e-15
1.0,1.36809e-33
1.0,2.20782e-15
1.0,3.25742e-22
1.0,5.20608e-14
1.0,9.19033e-14
1.0,6.60324e-26
1.0,7.32539e-18
1.0,4.46178e-14
1.0,0.0
1.0,0.0
1.0,1.08704e-20
1.0,6.64634e-13
1.0,3.52656e-20
1.0,0.0
1.0,7.62997e-18
1.0,5.51604e-38
1.0,1.4895e-17
1.0,3.03272e-15
1.0,8.10362e-33
1.0,1.12718e-17
1.0,0.0
1.0,1.40731e-16
1.0,3.40551e-13
1.0,3.49998e-17
1.0,2.85577e-17
1.0,1.73927e-19
1.0,0.0
1.0,5.01066e-17
1.0,8.66219e-12
1.0,4.48486e-20
1.0,3.33801e-14
1.0,4.95815e-14
1.0,1.8565e-30
1.0,1.52061e-20
1.0,3.3098e-14
1.0,6.44092e-15
1.0,1.81617e-36
1.0,7.25422e-21
1.0,1.75395e-31
1.0,0.0
1.0,1.1327e-16
1.0,7.38272e-22
1.0,6.67325e-20
1.0,6.88795e-17
1.0,8.07849e-33
1.0,0.0
1.0,1.61131e-16
1.0,5.26105e-18
1.0,4.00318e-14
1.0,4.26909e-13
1.0,5.69424e-18
1.0,2.41377e-17
1.0,2.99405e-14
1.0,3.45239e-15
1.0,0.0
1.0,7.20788e-14
1.0,2.64936e-26
1.0,1.25445e-22
1.0,2.05281e-17
1.0,0.0
1.0,0.0
1.0,2.3749e-20
1.0,3.92849e-16
1.0,1.76871e-18
1.0,0.0
1.0,2.42947e-37
1.0,1.28798e-14
1.0,0.0
1.0,2.5414e-15
1.0,8.4434e-14
1.0,1.27922e-26
1.0,0.0
1.0,0.0
1.0,1.05492e-12
1.0,1.10684e-34
1.0,5.34626e-20
1.0,1.07428e-16
1.0,2.28278e-18
1.0,9.12911e-28
1.0,0.0
1.0,5.32712e-22
1.0,4.54089e-13
1.0,0.0
1.0,1.81305e-19
1.0,0.0
1.0,1.9378e-21
1.0,8.55126e-18
1.0,1.29368e-14
1.0,4.89783e-13
1.0,0.0
1.0,6.40268e-38
1.0,3.70036e-15
1.0,2.3494e-16
1.0,1.23687e-17
1.0,0.0
1.0,0.0
1.0,1.78001e-15
1.0,2.34185e-14
1.0,5.33005e-27
1.0,7.18178e-20
1.0,9.65227e-15
1.0,0.0
1.0,1.55232e-25
1.0,1.14576e-13
1.0,1.21998e-27
1.0,7.88188e-17
1.0,0.0
1.0,2.89005e-17
1.0,3.83681e-17
1.0,1.62161e-13
1.0,8.34822e-14
1.0,0.0
1.0,1.40785e-16
1.0,1.00797e-14
1.0,2.073e-14
1.0,7.60836e-14
1.0,1.0563e-13
1.0,1.5923e-17
1.0,4.6387e-16
1.0,1.9156e-12
1.0,0.0
1.0,0.0
1.0,1.90046e-12
1.0,6.91661e-14
1.0,0.0
1.0,1.69513e-38
1.0,2.69758e-25
1.0,6.73559e-16
1.0,3.58912e-18
1.0,7.40581e-16
1.0,4.23977e-29
1.0,1.14906e-21
1.0,1.98605e-30
1.0,1.2937e-15
1.0,4.32853e-15
1.0,1.04707e-33
1.0,2.53224e-23
1.0,5.5688e-19
1.0,2.55679e-15
1.0,6.6074e-17
1.0,8.00923e-20
1.0,2.15642e-23
1.0,2.7412e-14
1.0,5.13699e-14
1.0,0.0
1.0,3.49151e-24
1.0,8.67884e-16
1.0,1.73275e-25
1.0,2.05666e-14
1.0,0.0
1.0,7.95569e-29
1.0,4.30928e-21
1.0,3.9931e-16
1.0,1.27751e-17
1.0,2.29599e-16
1.0,4.80448e-17
1.0,3.96206e-20
1.0,0.0
1.0,0.0
1.0,2.28843e-20
1.0,0.0
1.0,2.01569e-20
1.0,3.62755e-13
1.0,6.36311e-14
1.0,1.87165e-18
1.0,3.15026e-14
1.0,0.0
1.0,9.65005e-17
1.0,8.65886e-17
1.0,0.0
1.0,1.24964e-30
1.0,8.37133e-16
1.0,0.0
1.0,2.34981e-22
1.0,1.19926e-18
1.0,2.87579e-16
1.0,2.31962e-16
1.0,1.09183e-12
1.0,3.56264e-13
1.0,0.0
1.0,9.63167e-22
1.0,1.14841e-21
1.0,5.52349e-17
1.0,9.37556e-13
1.0,8.32498e-27
1.0,8.73462e-20
1.0,6.13882e-15
1.0,7.88887e-14
1.0,4.54085e-16
1.0,1.43871e-14
1.0,5.25567e-25
1.0,7.21838e-16
1.0,1.04764e-14
1.0,1.34077e-19
1.0,8.50415e-19
1.0,0.0
1.0,2.20382e-16
1.0,4.67563e-25
1.0,5.80926e-23
1.0,2.77002e-20
1.0,4.61755e-19
1.0,1.07394e-14
1.0,9.94689e-12
1.0,8.39374e-32
1.0,8.68562e-26
1.0,5.31593e-13
1.0,2.47259e-32
1.0,3.00163e-20
1.0,1.08004e-21
1.0,1.30945e-21
1.0,0.0
1.0,5.914e-13
1.0,1.51821e-30
1.0,8.26126e-14
1.0,1.8226e-27
1.0,4.29936e-14
1.0,0.0
1.0,2.79931e-18
1.0,2.64787e-13
1.0,0.0
1.0,2.702e-20
1.0,6.38639e-34
1.0,7.28079e-18
1.0,1.58636e-16
1.0,5.86955e-24
1.0,5.5055e-18
1.0,9.4991e-16
1.0,1.31881e-16
1.0,1.90247e-17
1.0,0.0
1.0,1.53537e-12
1.0,2.88718e-25
1.0,1.50451e-19
1.0,4.94798e-17
1.0,6.53044e-20
1.0,1.68717e-20
1.0,4.32908e-16
1.0,1.58184e-15
1.0,4.48704e-22
1.0,1.10178e-27
1.0,4.15801e-31
1.0,2.38598e-31
1.0,5.24076e-16
1.0,1.41942e-15
1.0,3.33985e-26
1.0,5.38453e-27
1.0,3.65576e-18
1.0,0.0
1.0,7.16699e-15
1.0,8.47152e-18
1.0,4.56243e-14
1.0,3.25344e-16
1.0,4.00133e-16
1.0,0.0
1.0,0.0
1.0,0.0
1.0,0.0
1.0,2.30694e-24
1.0,2.67909e-16
1.0,8.80471e-13
1.0,0.0
1.0,0.0
1.0,0.0
1.0,0.0
1.0,2.00926e-16
1.0,0.0
1.0,0.0
1.0,0.0
1.0,1.00576e-16
1.0,3.05187e-37
1.0,2.50861e-15
1.0,9.43124e-13
1.0,0.0
1.0,1.24083e-19
1.0,8.97736e-16
1.0,2.08543e-25
1.0,5.60147e-17
1.0,2.47801e-16
1.0,5.22443e-12
1.0,5.83165e-19
1.0,2.49108e-17
1.0,2.04612e-26
1.0,7.77734e-14
1.0,3.70842e-20
1.0,0.0
1.0,1.41694e-25
1.0,0.0
1.0,7.17841e-14
1.0,3.75021e-17
1.0,0.0
1.0,4.0108e-27
1.0,8.58069e-21
1.0,0.0
1.0,0.0
1.0,0.0
1.0,6.35615e-22
1.0,1.04813e-18
1.0,5.14639e-14
1.0,3.59448e-23
1.0,0.0
1.0,0.0
1.0,6.14854e-23
1.0,6.9421e-21
1.0,8.24445e-13
1.0,4.0407e-13
1.0,1.12446e-13
1.0,1.68797e-17
1.0,5.01906e-32
1.0,3.90832e-17
1.0,0.0
1.0,2.67178e-38
1.0,2.56579e-15
1.0,0.0
1.0,1.14847e-18
1.0,1.40952e-30
1.0,0.0
1.0,1.33809e-25
1.0,2.98095e-14
1.0,1.84196e-14
1.0,4.35549e-13
1.0,0.0
1.0,4.44618e-26
1.0,1.79427e-29
1.0,2.73902e-21
1.0,9.52982e-14
1.0,3.04884e-16
1.0,0.0
1.0,6.6801e-14
1.0,7.8297e-35
1.0,1.90092e-38
1.0,1.66972e-21
1.0,2.09687e-15
1.0,0.0
1.0,1.63325e-19
1.0,0.0
1.0,0.0
1.0,2.54073e-15
1.0,8.69502e-14
1.0,2.7736e-17
1.0,1.54703e-22
1.0,2.51834e-19
1.0,0.0
1.0,1.15858e-31
1.0,0.0
1.0,1.44878e-17
1.0,7.01641e-20
1.0,0.0
1.0,1.2382e-33
1.0,2.17827e-15
1.0,3.07097e-14
1.0,0.0
1.0,1.30824e-34
1.0,4.87276e-14
1.0,1.17908e-24
1.0,1.35509e-17
1.0,4.91783e-17
1.0,7.55759e-16
1.0,8.29391e-14
1.0,1.2679e-13
1.0,0.0
1.0,8.30541e-19
1.0,1.9011e-35
1.0,1.81224e-12
1.0,1.36349e-14
1.0,1.99588e-13
1.0,0.0
1.0,2.63182e-22
1.0,1.33917e-14
1.0,0.0
1.0,0.0
1.0,1.62267e-22
1.0,7.64592e-16
1.0,3.70366e-22
1.0,2.32628e-21
1.0,5.74916e-14
1.0,8.40315e-20
1.0,9.85857e-16
1.0,1.47612e-16
1.0,0.0
1.0,8.14828e-26
1.0,8.24223e-24
1.0,1.13636e-12
1.0,0.0
1.0,5.31006e-26
1.0,6.57959e-23
1.0,9.38099e-16
1.0,5.01212e-15
1.0,8.0734e-20
1.0,2.2525e-14
1.0,1.51922e-37
1.0,1.12519e-16
1.0,2.41951e-14
1.0,5.83075e-21
1.0,1.67807e-18
1.0,2.24362e-19
1.0,4.14245e-13
1.0,0.0
1.0,4.51182e-19
1.0,1.25842e-14
1.0,1.59073e-13
1.0,2.35646e-22
1.0,0.0
1.0,1.28703e-30
1.0,1.82451e-37
1.0,0.0
1.0,1.14173e-14
1.0,1.90759e-13
1.0,2.34328e-14
1.0,1.21306e-13
1.0,7.71582e-25
1.0,2.97967e-17
1.0,6.89999e-13
1.0,1.82907e-14
1.0,0.0
1.0,0.0
1.0,1.54381e-20
1.0,5.36979e-19
1.0,1.43269e-15
1.0,1.10414e-14
1.0,3.54903e-13
1.0,5.67064e-14
1.0,0.0
1.0,5.59999e-13
1.0,0.0
1.0,3.92373e-37
1.0,2.00654e-17
1.0,9.45952e-14
1.0,5.73383e-14
1.0,7.29215e-14
1.0,4.38831e-14
1.0,0.0
1.0,5.10585e-23
1.0,2.26593e-17
1.0,2.16598e-32
1.0,2.40537e-17
1.0,9.44707e-16
1.0,2.02979e-18
1.0,0.0
1.0,1.88381e-18
1.0,8.28464e-15
1.0,1.57138e-12
1.0,2.28451e-21
1.0,0.0
1.0,2.03811e-31
1.0,7.21495e-13
1.0,2.6832e-20
1.0,1.85641e-18
1.0,1.00504e-16
1.0,1.15182e-15
1.0,1.34914e-15
1.0,5.95327e-21
1.0,6.90754e-21
1.0,5.45369e-15
1.0,9.1625e-14
1.0,7.07379e-14
1.0,1.87089e-13
1.0,1.35809e-33
1.0,2.57323e-17
1.0,1.40885e-17
1.0,7.2856e-18
1.0,3.86315e-15
1.0,0.0
1.0,6.85195e-24
1.0,3.67744e-12
1.0,6.35325e-34
1.0,1.82448e-13
1.0,9.821e-37
1.0,1.48713e-20
1.0,3.84783e-36
1.0,9.10891e-35
1.0,1.83218e-30
1.0,1.97458e-29
1.0,5.42297e-22
1.0,1.78734e-21
1.0,2.31775e-18
1.0,1.40984e-17
1.0,8.18897e-12
1.0,8.64901e-21
1.0,0.0
1.0,1.65175e-22
1.0,0.0
1.0,6.60654e-13
1.0,0.0
1.0,7.94493e-28
1.0,7.83809e-29
1.0,1.04475e-12
1.0,3.46675e-17
1.0,5.2612e-15
1.0,7.83047e-14
1.0,7.72491e-28
1.0,3.67613e-24
1.0,1.66527e-15
1.0,0.0
1.0,6.61892e-21
1.0,3.04454e-13
1.0,4.99273e-13
1.0,8.91597e-35
1.0,1.03712e-20
1.0,1.22411e-17
1.0,9.57949e-16
1.0,0.0
1.0,1.98159e-24
1.0,3.13802e-23
1.0,3.28278e-24
1.0,7.09997e-22
1.0,5.73956e-17
1.0,5.83769e-15
1.0,5.28393e-14
1.0,0.0
1.0,0.0
1.0,2.06421e-18
1.0,4.1097e-21
1.0,2.43415e-36
1.0,3.89445e-35
1.0,1.60132e-21
1.0,2.95977e-13
1.0,3.91773e-38
1.0,2.39595e-19
1.0,5.02614e-36
1.0,5.1228e-31
1.0,6.0874e-14
1.0,1.45696e-24
1.0,7.00095e-21
1.0,2.8379e-15
1.0,1.62477e-12
1.0,1.21547e-17
1.0,1.31326e-16
1.0,0.0
1.0,2.85854e-33
1.0,1.64476e-25
1.0,7.11039e-35
1.0,3.8693e-22
1.0,0.0
1.0,1.25689e-17
1.0,7.82217e-13
1.0,3.69631e-28
1.0,0.0
1.0,1.94431e-27
1.0,1.96125e-20
1.0,3.01918e-18
1.0,4.96503e-17
1.0,8.09913e-34
1.0,2.99009e-26
1.0,6.25605e-15
1.0,2.97194e-18
1.0,0.0
1.0,1.16748e-20
1.0,1.52253e-15
1.0,3.7454e-28
1.0,1.81309e-15
1.0,0.0
1.0,4.83872e-21
1.0,3.77008e-13
1.0,3.56447e-17
1.0,3.58094e-17
1.0,1.98621e-22
1.0,1.141e-14
1.0,3.34678e-13
1.0,7.20583e-18
1.0,1.05567e-20
1.0,5.30576e-16
1.0,7.64785e-35
1.0,1.84829e-27
1.0,1.74814e-22
1.0,6.46911e-16
1.0,0.0
1.0,5.89325e-22
1.0,1.9119e-23
1.0,1.71235e-17
1.0,1.27657e-13
1.0,1.93003e-16
1.0,1.92344e-15
1.0,0.0
1.0,2.31471e-16
1.0,1.33662e-17
1.0,0.0
1.0,3.7309e-18
1.0,1.1031e-12
1.0,0.0
1.0,4.70282e-19
1.0,0.0
1.0,2.08209e-17
1.0,1.48309e-16
1.0,0.0
1.0,3.29762e-31
1.0,1.13787e-15
1.0,0.0
1.0,3.51183e-14
1.0,1.84093e-14
1.0,0.0
1.0,1.26162e-12
1.0,0.0
1.0,2.42578e-16
1.0,5.89891e-17
1.0,1.08188e-14
1.0,4.39711e-13
1.0,0.0
1.0,6.34322e-14
1.0,6.96831e-14
1.0,2.80298e-18
1.0,7.70917e-26
1.0,0.0
1.0,9.23238e-24
1.0,0.0
1.0,0.0
1.0,2.29738e-16
1.0,1.94933e-14
1.0,1.52945e-17
1.0,4.02679e-31
1.0,0.0
1.0,1.13764e-22
1.0,8.45028e-26
1.0,4.44546e-15
1.0,3.45483e-14
1.0,2.30909e-37
1.0,5.59844e-16
1.0,0.0
1.0,4.25573e-22
1.0,3.72395e-15
1.0,2.46303e-13
1.0,0.0
1.0,7.36362e-21
1.0,8.28642e-20
1.0,3.55209e-16
1.0,0.0
1.0,0.0
1.0,3.05464e-30
1.0,2.42443e-16
1.0,2.43007e-15
1.0,1.89981e-19
1.0,0.0
1.0,4.14824e-14
1.0,9.87393e-29
1.0,1.70815e-13
1.0,1.14735e-14
1.0,2.47004e-13
1.0,0.0
1.0,1.98626e-16
1.0,0.0
1.0,0.0
1.0,5.34833e-15
1.0,2.38897e-24
1.0,3.87367e-15
1.0,5.63596e-17
1.0,1.28154e-26
1.0,1.54839e-22
1.0,0.0
1.0,4.88978e-22
1.0,9.31915e-15
1.0,3.39409e-20
1.0,0.0
1.0,0.0
1.0,2.48375e-19
1.0,3.73778e-13
1.0,4.03665e-23
1.0,8.10606e-17
1.0,3.20142e-22
1.0,5.56747e-18
1.0,1.67082e-15
1.0,6.40119e-23
1.0,3.10463e-16
1.0,0.0
1.0,0.0
1.0,1.17868e-18
1.0,8.15598e-38
1.0,2.84026e-17
1.0,2.46266e-25
1.0,0.0
1.0,3.38913e-30
1.0,0.0
1.0,5.22692e-27
1.0,0.0
1.0,5.35694e-19
1.0,3.91548e-14
1.0,1.98307e-14
1.0,1.73869e-16
1.0,3.29522e-15
1.0,9.42381e-16
1.0,1.02107e-20
1.0,1.24398e-11
1.0,8.7989e-20
1.0,2.78991e-14
1.0,9.76817e-14
1.0,2.19457e-13
1.0,9.63539e-13
1.0,0.0
1.0,3.40167e-16
1.0,3.39241e-16
1.0,1.08704e-13
1.0,3.50796e-14
1.0,2.05532e-33
1.0,8.06308e-14
1.0,2.27133e-12
1.0,0.0
1.0,7.70358e-27
1.0,4.78224e-17
1.0,2.5381e-36
1.0,3.6319e-18
1.0,6.30777e-15
1.0,3.33428e-20
1.0,8.87906e-17
1.0,1.05156e-31
1.0,1.09644e-20
1.0,2.34679e-29
1.0,1.49848e-26
1.0,1.35351e-25
1.0,6.36411e-15
1.0,4.97076e-16
1.0,0.0
1.0,4.96616e-21
1.0,0.0
1.0,6.91572e-19
1.0,8.2121e-26
1.0,2.25134e-19
1.0,5.73733e-14
1.0,2.89027e-18
1.0,4.00213e-14
1.0,1.08742e-13
1.0,1.04972e-22
1.0,5.844e-22
1.0,1.38665e-13
1.0,4.54246e-18
1.0,7.8897e-14
1.0,0.0
1.0,0.0
1.0,6.13395e-23
1.0,9.83491e-22
1.0,1.27778e-17
1.0,1.29962e-13
1.0,0.0
1.0,3.54095e-17
1.0,5.32045e-15
1.0,0.0
1.0,6.10551e-17
1.0,3.68606e-17
1.0,1.79445e-27
1.0,1.30213e-15
1.0,1.66869e-12
1.0,2.54461e-14
1.0,1.24666e-32
1.0,1.42325e-18
1.0,9.39841e-14
1.0,5.53231e-12
1.0,2.59263e-23
1.0,5.69111e-18
1.0,2.0762e-22
1.0,2.17844e-18
1.0,1.03365e-14
1.0,9.33719e-14
1.0,0.0
1.0,8.81387e-22
1.0,1.14184e-37
1.0,5.9522e-21
1.0,5.55875e-18
1.0,0.0
1.0,0.0
1.0,5.39087e-25
1.0,3.81053e-18
1.0,4.21893e-23
1.0,1.86711e-17
1.0,6.89382e-15
1.0,1.28723e-17
1.0,3.65529e-13
1.0,1.44771e-22
1.0,0.0
1.0,1.30879e-15
1.0,3.27131e-17
1.0,4.99088e-16
1.0,3.77251e-14
1.0,1.19147e-17
1.0,2.36019e-17
1.0,9.44675e-21
1.0,5.88164e-28
1.0,4.15693e-15
1.0,6.15762e-26
1.0,8.8973e-24
1.0,8.68736e-15
1.0,2.85673e-13
1.0,2.46936e-14
1.0,1.22338e-37
1.0,2.30022e-27
1.0,4.14609e-23
1.0,2.36323e-12
1.0,8.05515e-15
1.0,4.0694e-24
1.0,1.43412e-14
1.0,7.31076e-12
1.0,3.44663e-16
1.0,8.29355e-23
1.0,1.38549e-33
1.0,0.0
1.0,1.20359e-19
1.0,3.26126e-13
1.0,7.64725e-24
1.0,0.0
1.0,7.81346e-21
1.0,3.66909e-21
1.0,4.45662e-18
1.0,7.35166e-16
1.0,4.26995e-16
1.0,1.32371e-13
1.0,0.0
1.0,4.37425e-14
1.0,3.14506e-13
1.0,0.0
1.0,1.4638e-17
1.0,0.0
1.0,8.95906e-23
1.0,1.78844e-18
1.0,3.22072e-18
1.0,2.38605e-13
1.0,4.19703e-13
1.0,6.57119e-21
1.0,1.81946e-20
1.0,1.29181e-16
1.0,0.0
1.0,3.08045e-15
1.0,1.29962e-21
1.0,9.05602e-23
1.0,1.5287e-12
1.0,6.96616e-21
1.0,1.39928e-31
1.0,2.44153e-33
1.0,4.79443e-14
1.0,2.31009e-29
1.0,2.98411e-24
1.0,0.0
1.0,1.91773e-38
1.0,5.92327e-22
1.0,1.4816e-16
1.0,7.7221e-38
1.0,2.17723e-35
1.0,1.11646e-13
1.0,4.04741e-18
1.0,3.85805e-15
1.0,1.09933e-13
1.0,0.0
1.0,8.74541e-17
1.0,5.81859e-15
1.0,4.48246e-13
1.0,6.76325e-29
1.0,1.88424e-33
1.0,9.4876e-20
1.0,9.55507e-16
1.0,5.6994e-14
1.0,4.10852e-16
1.0,9.43767e-29
1.0,0.0
1.0,4.10848e-14
1.0,2.04781e-33
1.0,0.0
1.0,0.0
1.0,4.49186e-20
1.0,1.3968e-12
1.0,0.0
1.0,1.7692e-22
1.0,1.11191e-18
1.0,0.0
1.0,2.11288e-17
1.0,3.84763e-14
1.0,1.07349e-21
1.0,4.90608e-19
1.0,0.0
1.0,2.39686e-25
1.0,8.00525e-14
1.0,0.0
1.0,0.0
1.0,3.30026e-30
1.0,7.95029e-15
1.0,1.63678e-23
1.0,4.04675e-23
1.0,3.72153e-18
1.0,5.97589e-19
1.0,1.93294e-15
1.0,0.0
1.0,4.17611e-20
1.0,1.11872e-20
1.0,2.45449e-18
1.0,4.52458e-14
1.0,3.84816e-12
1.0,4.84026e-22
1.0,0.0
1.0,0.0
1.0,4.37475e-28
1.0,1.86445e-24
1.0,2.19194e-24
1.0,2.55093e-23
1.0,1.04742e-18
1.0,0.0
1.0,1.31876e-24
1.0,4.85444e-17
1.0,4.82454e-13
1.0,0.0
1.0,1.44635e-22
1.0,4.58577e-13
1.0,0.0
1.0,3.09467e-24
1.0,3.23936e-23
1.0,8.05334e-15
1.0,1.30872e-26
1.0,3.41354e-23
1.0,1.2745e-14
1.0,4.46099e-18
1.0,2.95881e-19
1.0,4.89823e-15
1.0,6.71447e-13
1.0,2.02856e-15
1.0,7.70539e-14
1.0,3.12765e-19
1.0,2.38255e-13
1.0,2.00592e-14
1.0,2.1205e-22
1.0,3.47244e-14
1.0,8.88684e-19
1.0,1.43451e-13
1.0,4.78889e-18
1.0,1.86503e-18
1.0,8.89039e-15
1.0,3.20937e-13
1.0,2.57351e-31
1.0,3.19931e-28
1.0,1.37171e-25
1.0,6.72161e-21
1.0,4.76418e-18
1.0,3.08782e-13
1.0,3.87245e-13
1.0,1.24337e-22
1.0,1.23389e-15
1.0,1.13621e-15
1.0,1.35555e-13
1.0,0.0
1.0,5.06646e-22
1.0,1.40574e-16
1.0,2.45241e-12
1.0,3.39266e-13
1.0,4.55918e-30
1.0,3.17866e-36
1.0,0.0
1.0,4.67741e-15
1.0,9.66949e-13
1.0,2.14005e-38
1.0,7.33317e-16
1.0,1.59977e-15
1.0,1.0774e-13
1.0,0.0
1.0,3.18177e-17
1.0,0.0
1.0,4.68368e-13
1.0,0.0
1.0,1.87447e-25
1.0,2.47091e-21
1.0,1.57382e-18
1.0,1.04895e-17
1.0,0.0
1.0,3.15968e-15
1.0,3.5091e-13
1.0,0.0
1.0,0.0
1.0,7.48327e-34
1.0,7.38573e-16
1.0,1.44401e-12
1.0,0.0
1.0,9.73859e-22
1.0,2.40226e-14
1.0,3.29926e-14
1.0,7.36633e-20
1.0,0.0
1.0,1.72172e-13
1.0,3.53953e-13
1.0,2.62253e-13
1.0,0.0
1.0,1.39271e-18
1.0,1.9775e-14
1.0,8.69909e-17
1.0,0.0
1.0,4.71901e-18
1.0,4.4646e-35
1.0,3.12666e-22
1.0,2.4735e-22
1.0,7.20856e-22
1.0,2.26441e-14
1.0,6.68373e-12
1.0,1.23561e-22
1.0,3.70819e-29
1.0,7.1836e-17
1.0,7.11594e-12
1.0,2.65572e-28
1.0,0.0
1.0,0.0
1.0,8.31638e-25
1.0,1.82508e-19
1.0,8.58533e-15
1.0,1.01446e-15
1.0,6.23018e-32
1.0,1.70433e-30
1.0,1.26971e-20
1.0,4.27207e-17
1.0,0.0
1.0,1.93677e-28
1.0,1.7257e-17
1.0,7.05509e-14
1.0,1.16717e-17
1.0,0.0
1.0,1.96236e-32
1.0,0.0
1.0,3.11585e-13
1.0,4.37222e-20
1.0,2.75953e-17
1.0,4.90286e-20
1.0,3.14971e-14
1.0,1.77383e-14
1.0,4.11967e-13
1.0,0.0
1.0,1.62876e-29
1.0,1.90424e-27
1.0,2.58778e-18
1.0,1.33591e-24
1.0,8.68331e-17
1.0,1.05103e-15
1.0,1.0994e-16
1.0,0.0
1.0,9.04276e-25
1.0,1.52291e-13
1.0,0.0
1.0,1.50915e-19
1.0,5.69916e-14
1.0,1.88711e-20
1.0,6.7777e-18
1.0,0.0
1.0,3.32657e-16
1.0,1.31695e-16
1.0,0.0
1.0,0.0
1.0,5.42206e-16
1.0,6.63272e-13
1.0,3.4113e-15
1.0,5.95727e-20
1.0,1.09727e-18
1.0,3.23741e-18
1.0,0.0
1.0,6.3565e-25
1.0,6.71732e-15
1.0,1.62095e-15
1.0,3.32751e-14
1.0,7.83203e-19
1.0,9.70775e-19
1.0,5.10722e-13
1.0,6.77063e-22
1.0,4.90948e-15
1.0,1.34823e-13
1.0,2.02729e-18
1.0,1.10809e-12
1.0,1.83902e-12
1.0,2.63415e-35
1.0,1.63634e-14
1.0,4.43308e-14
1.0,0.0
1.0,9.23802e-16
1.0,0.0
1.0,0.0
1.0,1.0465e-15
1.0,4.01822e-14
1.0,7.48116e-34
1.0,1.13711e-17
1.0,0.0
1.0,4.09596e-19
1.0,2.03631e-33
1.0,3.90905e-20
1.0,7.09707e-16
1.0,7.6304e-20
1.0,1.87228e-17
1.0,9.8092e-17
1.0,2.8268e-14
1.0,6.29606e-15
1.0,7.9967e-15
1.0,8.57769e-17
1.0,3.84258e-13
1.0,2.64458e-17
1.0,1.20955e-34
1.0,4.83255e-31
1.0,2.37612e-18
1.0,6.47001e-18
1.0,2.92391e-13
1.0,0.0
1.0,5.7954e-12
1.0,0.0
1.0,1.72122e-15
1.0,5.96023e-18
1.0,1.28849e-15
1.0,6.92999e-18
1.0,8.57276e-30
1.0,1.70955e-14
1.0,0.0
1.0,2.07268e-20
1.0,7.72051e-15
1.0,1.3335e-18
1.0,1.41979e-20
1.0,5.10306e-29
1.0,4.08811e-21
1.0,4.57465e-18
1.0,0.0
1.0,4.66767e-15
1.0,2.7209e-21
1.0,5.11385e-19
1.0,1.8953e-14
1.0,0.0
1.0,1.68975e-22
1.0,5.02703e-24
1.0,2.07203e-16
1.0,7.7037e-18
1.0,3.31156e-12
1.0,1.17725e-26
1.0,1.55954e-12
1.0,0.0
1.0,4.92995e-16
1.0,2.27859e-14
1.0,0.0
1.0,1.79273e-13
1.0,1.23057e-14
1.0,2.80417e-13
1.0,2.6914e-22
1.0,2.63565e-16
1.0,1.40096e-15
1.0,1.22606e-13
1.0,1.72005e-14
1.0,1.64045e-13
1.0,1.03346e-33
1.0,1.00903e-12
1.0,7.90008e-13
1.0,5.17067e-15
1.0,6.26994e-14
1.0,7.41518e-13
1.0,9.8062e-33
1.0,1.06258e-36
1.0,4.61862e-20
1.0,5.7782e-16
1.0,1.56508e-18
1.0,3.12213e-14
1.0,4.40202e-13
1.0,3.53891e-33
1.0,2.40028e-24
1.0,1.70677e-13
1.0,1.28184e-14
1.0,7.08142e-14
1.0,1.95841e-30
1.0,2.60622e-30
1.0,5.49665e-18
1.0,1.67777e-15
1.0,1.29364e-32
1.0,5.72628e-26
1.0,3.3295e-12
1.0,2.67927e-38
1.0,3.26122e-33
1.0,4.12646e-21
1.0,3.01957e-38
1.0,0.0
1.0,7.23206e-35
1.0,2.99292e-13
1.0,2.20365e-12
1.0,3.79212e-27
1.0,2.90542e-15
1.0,2.41403e-13
1.0,2.27321e-36
1.0,7.37963e-20
1.0,0.0
1.0,0.0
1.0,9.53097e-23
1.0,1.27607e-18
1.0,0.0
1.0,4.96146e-28
1.0,3.06855e-16
1.0,2.92849e-16
1.0,4.48256e-14
1.0,0.0
1.0,0.0
1.0,1.29349e-14
1.0,4.70895e-29
1.0,3.95965e-17
1.0,0.0
1.0,2.12673e-25
1.0,6.05241e-22
1.0,8.24905e-18
1.0,0.0
1.0,7.09424e-21
1.0,9.54699e-15
1.0,7.13135e-12
1.0,2.45967e-13
1.0,9.59851e-12
1.0,0.0
1.0,1.658e-36
1.0,0.0
1.0,6.13246e-14
1.0,1.1714e-16
1.0,7.54043e-23
1.0,5.33567e-18
1.0,0.0
1.0,0.0
1.0,3.59987e-27
1.0,8.08349e-12
1.0,2.45763e-24
1.0,1.43971e-22
1.0,2.06e-20
1.0,2.16452e-25
1.0,4.83198e-16
1.0,4.0491e-24
1.0,8.69536e-13
1.0,1.64032e-14
1.0,1.77113e-35
1.0,0.0
1.0,2.43212e-21
1.0,1.50803e-14
1.0,4.77064e-31
1.0,1.18123e-17
1.0,4.96817e-35
1.0,7.24687e-26
1.0,8.89126e-14
1.0,1.28202e-21
1.0,2.40066e-36
1.0,2.29203e-18
1.0,1.54407e-17
1.0,0.0
1.0,8.65328e-26
1.0,1.21131e-16
1.0,9.73776e-17
1.0,2.38498e-27
1.0,2.03827e-25
1.0,7.22063e-25
1.0,6.33274e-16
1.0,0.0
1.0,0.0
1.0,0.0
1.0,5.96962e-14
1.0,7.23935e-21
1.0,1.46287e-16
1.0,0.0
1.0,0.0
1.0,2.47248e-21
1.0,2.20369e-14
1.0,8.6077e-14
1.0,3.24124e-21
1.0,1.66053e-16
1.0,5.3681e-30
1.0,6.04494e-22
1.0,5.22046e-18
1.0,1.03181e-14
1.0,8.45104e-13
1.0,2.19139e-27
1.0,1.20677e-15
1.0,4.27977e-16
1.0,1.19711e-20
1.0,1.98349e-15
1.0,7.77588e-21
1.0,1.58675e-14
1.0,0.0
1.0,4.49382e-31
1.0,1.69449e-16
1.0,4.90362e-16
1.0,3.92499e-22
1.0,4.02286e-18
1.0,5.61653e-18
1.0,3.02565e-13
1.0,3.57637e-15
1.0,0.0
1.0,4.23941e-21
1.0,5.63358e-21
1.0,0.0
1.0,8.50128e-29
1.0,3.98477e-17
1.0,3.5402e-12
1.0,0.0
1.0,7.49891e-17
1.0,1.23715e-20
1.0,5.9067e-18
1.0,0.0
1.0,3.18463e-17
1.0,9.92542e-12
1.0,7.64085e-14
1.0,0.0
1.0,2.19756e-18
1.0,7.03762e-18
1.0,3.409e-35
1.0,7.83698e-28
1.0,6.77639e-16
1.0,2.2412e-18
1.0,3.72923e-25
1.0,5.34318e-19
1.0,1.14532e-16
1.0,2.0277e-16
1.0,6.09209e-16
1.0,6.38992e-22
1.0,6.87598e-17
1.0,1.3029e-15
1.0,4.60605e-15
1.0,1.7815e-15
1.0,1.61328e-14
1.0,4.96645e-13
1.0,1.06993e-14
1.0,3.37271e-19
1.0,2.03635e-14
1.0,2.37055e-17
1.0,4.92548e-14
1.0,1.16499e-15
1.0,3.82052e-15
1.0,0.0
1.0,7.01131e-30
1.0,1.0222e-12
1.0,6.08638e-28
1.0,1.49626e-14
1.0,3.77813e-12
1.0,6.89659e-13
1.0,2.34988e-21
1.0,1.38494e-23
1.0,2.14862e-23
1.0,1.81251e-32
1.0,0.0
1.0,3.0605e-33
1.0,4.89897e-20
1.0,0.0
1.0,1.21677e-33
1.0,1.09668e-15
1.0,0.0
1.0,0.0
1.0,3.35055e-19
1.0,1.11609e-17
1.0,2.32921e-14
1.0,5.65772e-14
1.0,0.0
1.0,3.56978e-22
1.0,3.19484e-18
1.0,5.92038e-15
1.0,0.0
1.0,1.20522e-20
1.0,4.79209e-15
1.0,2.21701e-26
1.0,0.0
1.0,2.86779e-36
1.0,7.23137e-29
1.0,2.30408e-13
1.0,0.0
1.0,3.49256e-17
1.0,8.46966e-21
1.0,5.33637e-16
1.0,1.64081e-18
1.0,2.12994e-22
1.0,1.24995e-18
1.0,1.90349e-16
1.0,1.48458e-30
1.0,4.25213e-26
1.0,1.29876e-18
1.0,6.46835e-13
1.0,5.43512e-33
1.0,9.51951e-19
1.0,1.75876e-18
1.0,6.06692e-18
1.0,4.50443e-15
1.0,3.45088e-15
1.0,3.22038e-15
1.0,1.87967e-23
1.0,4.47129e-17
1.0,1.07319e-24
1.0,1.96891e-15
1.0,2.62997e-15
1.0,0.0
1.0,3.94154e-29
1.0,1.28356e-13
1.0,1.0234e-20
1.0,7.48452e-21
1.0,4.2847e-18
1.0,9.76916e-26
1.0,9.32298e-23
1.0,1.00108e-20
1.0,1.81148e-17
1.0,0.0
1.0,9.42028e-18
1.0,1.33961e-15
1.0,0.0
1.0,4.18545e-22
1.0,0.0
1.0,3.52981e-20
1.0,2.71424e-14
1.0,0.0
1.0,3.79259e-29
1.0,7.55039e-14
1.0,1.90045e-33
1.0,8.77691e-34
1.0,0.0
1.0,0.0
1.0,3.19059e-28
1.0,2.66285e-19
1.0,1.35261e-15
1.0,1.74859e-14
1.0,0.0
1.0,2.93024e-28
1.0,4.92003e-25
1.0,1.34881e-24
1.0,0.0
1.0,5.10512e-19
1.0,1.093e-28
1.0,2.7776e-13
1.0,0.0
1.0,8.54498e-23
1.0,1.39904e-14
1.0,1.8364e-13
1.0,0.0
1.0,2.84348e-24
1.0,1.76958e-15
1.0,4.60812e-15
1.0,4.8408e-13
1.0,2.60818e-12
1.0,1.92736e-20
1.0,0.0
1.0,0.0
1.0,1.78595e-26
1.0,0.0
1.0,4.96059e-37
1.0,5.04661e-14
1.0,5.16443e-31
1.0,2.3358e-18
1.0,6.34123e-15
1.0,5.40475e-14
1.0,3.97923e-32
1.0,1.26526e-37
1.0,2.28149e-12
1.0,1.95752e-14
1.0,8.91951e-14
1.0,1.00922e-18
1.0,1.52743e-15
1.0,1.07564e-26
1.0,8.64115e-15
1.0,3.18954e-13
1.0,7.25772e-14
1.0,0.0
1.0,6.83638e-33
1.0,3.41849e-24
1.0,5.3851e-24
1.0,2.80624e-19
1.0,1.03107e-12
1.0,1.1529e-14
1.0,0.0
1.0,4.60826e-22
1.0,8.88915e-19
1.0,2.56163e-14
1.0,0.0
1.0,2.55242e-28
1.0,1.73915e-18
1.0,3.06779e-19
1.0,7.54876e-18
1.0,7.91633e-23
1.0,1.83986e-16
1.0,4.15237e-17
1.0,0.0
1.0,1.71106e-17
1.0,1.14862e-14
1.0,5.44675e-22
1.0,4.64707e-15
1.0,1.55401e-23
1.0,6.42181e-12
1.0,2.42038e-18
1.0,6.70302e-37
1.0,3.97172e-17
1.0,6.51626e-24
1.0,9.81191e-20
1.0,0.0
1.0,9.14622e-30
1.0,8.14448e-21
1.0,2.73106e-16
1.0,3.02821e-23
1.0,2.85757e-18
1.0,8.44449e-16
1.0,3.80591e-21
1.0,2.37009e-18
1.0,0.0
1.0,0.0
1.0,0.0
1.0,3.56772e-13
1.0,1.16165e-29
1.0,5.44406e-18
1.0,4.46974e-16
1.0,4.71611e-19
1.0,1.29074e-15
1.0,3.51189e-27
1.0,1.96163e-25
1.0,1.32184e-37
1.0,1.93392e-17
1.0,4.0627e-16
1.0,3.47913e-14
1.0,0.0
1.0,6.51062e-32
1.0,1.34252e-31
1.0,0.0
1.0,8.33031e-29
1.0,0.0
1.0,8.1376e-25
1.0,3.73873e-15
1.0,1.47522e-13
1.0,5.0896e-25
1.0,5.17871e-19
1.0,1.74385e-13
1.0,1.25922e-17
1.0,9.66092e-12
1.0,1.58745e-21
1.0,2.58443e-19
1.0,7.66156e-16
1.0,0.0
1.0,0.0
1.0,1.77468e-17
1.0,0.0
1.0,1.82505e-16
1.0,5.61728e-26
1.0,3.48406e-12
1.0,2.33287e-18
1.0,1.59504e-23
1.0,5.0117e-15
1.0,1.27052e-14
1.0,0.0
1.0,2.27796e-13
1.0,1.22401e-17
1.0,7.89717e-18
1.0,1.98565e-14
1.0,1.43293e-14
1.0,2.49787e-12
1.0,7.12753e-27
1.0,4.61902e-12
1.0,2.47718e-16
1.0,0.0
1.0,1.32518e-19
1.0,9.56775e-18
1.0,2.78881e-22
1.0,7.06267e-15
1.0,2.51623e-20
1.0,3.62377e-14
1.0,2.24908e-18
1.0,1.65031e-37
1.0,0.0
1.0,2.76265e-33
1.0,0.0
1.0,1.07273e-16
1.0,0.0
1.0,2.63044e-18
1.0,3.65731e-25
1.0,7.77282e-28
1.0,2.31813e-13
1.0,4.9134e-21
1.0,5.72914e-18
1.0,2.05086e-16
1.0,6.95012e-14
1.0,1.05386e-24
1.0,6.70349e-17
1.0,1.0407e-14
1.0,4.94286e-20
1.0,7.39415e-18
1.0,1.02478e-18
1.0,8.88976e-12
1.0,2.38899e-23
1.0,4.90343e-16
1.0,0.0
1.0,1.03267e-32
1.0,1.99091e-22
1.0,0.0
1.0,1.01619e-12
1.0,5.13171e-13
1.0,3.38708e-25
1.0,5.06536e-21
1.0,8.71254e-18
1.0,4.07072e-14
1.0,1.53322e-25
1.0,2.8331e-19
1.0,1.0401e-18
1.0,3.39318e-36
1.0,1.04144e-25
1.0,1.72155e-14
1.0,9.78866e-20
1.0,1.58317e-13
1.0,2.31422e-21
1.0,7.87166e-19
1.0,2.5776e-15
1.0,1.13812e-16
1.0,1.67184e-17
1.0,0.0
1.0,7.94426e-21
1.0,8.9774e-15
1.0,0.0
1.0,7.37393e-24
1.0,4.39492e-22
1.0,6.22541e-25
1.0,2.90472e-23
1.0,1.08444e-15
1.0,4.42944e-23
1.0,3.02591e-23
1.0,3.92349e-23
1.0,3.24202e-18
1.0,2.07791e-17
1.0,8.50125e-15
1.0,1.28366e-20
1.0,0.0
1.0,1.42731e-12
1.0,1.93883e-26
1.0,4.44552e-16
1.0,3.59981e-13
1.0,5.50372e-17
1.0,9.19268e-13
1.0,0.0
1.0,0.0
1.0,0.0
1.0,3.84844e-31
1.0,2.07902e-26
1.0,9.2365e-23
1.0,1.45015e-22
1.0,1.82251e-20
1.0,1.33484e-12
1.0,7.86355e-27
1.0,0.0
1.0,3.05221e-20
1.0,1.21247e-16
1.0,8.83116e-24
1.0,9.58734e-24
1.0,6.09404e-16
1.0,9.71741e-14
1.0,5.63132e-31
1.0,5.41992e-12
1.0,2.42277e-19
1.0,1.25954e-37
1.0,0.0
1.0,7.81474e-36
1.0,0.0
1.0,5.29745e-20
1.0,2.23695e-16
1.0,6.97912e-18
1.0,1.2778e-14
1.0,1.16937e-14
1.0,1.91924e-34
1.0,0.0
1.0,2.78285e-23
1.0,3.05906e-22
1.0,2.00888e-27
1.0,5.07913e-13
1.0,1.30291e-27
1.0,0.0
1.0,0.0
1.0,1.92881e-32
1.0,1.72548e-27
1.0,5.27317e-15
1.0,2.09341e-14
1.0,5.16979e-24
1.0,1.61121e-21
1.0,6.24122e-17
1.0,1.13498e-14
1.0,5.64998e-35
1.0,0.0
1.0,4.8703e-17
1.0,8.69737e-15
1.0,1.25178e-16
1.0,2.80502e-16
1.0,4.57747e-14
1.0,1.23453e-21
1.0,3.49183e-34
1.0,1.55147e-20
1.0,1.15216e-13
1.0,2.22191e-33
1.0,2.23616e-36
1.0,7.85037e-18
1.0,5.63767e-26
1.0,8.91847e-17
1.0,7.8602e-18
1.0,0.0
1.0,1.62986e-14
1.0,1.86887e-13
1.0,8.34353e-15
1.0,1.28149e-13
1.0,2.92623e-14
1.0,7.21483e-15
1.0,7.7868e-37
1.0,0.0
1.0,6.61845e-32
1.0,9.66033e-30
1.0,3.99697e-23
1.0,4.57174e-20
1.0,3.02494e-18
1.0,9.19501e-13
1.0,3.8238e-13
1.0,1.89226e-23
1.0,7.37172e-13
1.0,2.80213e-17
1.0,1.27563e-16
1.0,0.0
1.0,0.0
1.0,3.01635e-14
1.0,2.63323e-36
1.0,3.00861e-19
1.0,0.0
1.0,4.45534e-13
1.0,0.0
1.0,3.18094e-16
1.0,3.69936e-14
1.0,8.03023e-16
1.0,0.0
1.0,5.52849e-22
1.0,2.9369e-19
1.0,6.08875e-20
1.0,4.02679e-12
1.0,9.60174e-22
1.0,8.98716e-15
1.0,3.13913e-17
1.0,3.3496e-14
1.0,5.78432e-37
1.0,1.7952e-14
1.0,1.21154e-20
1.0,2.00023e-19
1.0,0.0
1.0,6.89014e-16
1.0,2.15305e-30
1.0,1.9354e-14
1.0,6.50069e-34
1.0,5.07156e-17
1.0,4.33636e-20
1.0,7.46997e-14
1.0,7.54481e-35
1.0,1.41813e-27
1.0,5.29162e-17
1.0,6.02735e-36
1.0,2.7522e-17
1.0,1.11042e-12
1.0,1.00092e-14
1.0,0.0
1.0,4.16845e-20
1.0,2.69012e-15
1.0,0.0
1.0,1.21687e-19
1.0,3.9847e-16
1.0,0.0
1.0,2.21131e-16
1.0,2.74775e-13
1.0,3.06877e-28
1.0,7.46611e-18
1.0,2.69985e-13
1.0,1.60883e-32
1.0,0.0
1.0,1.24542e-15
1.0,0.0
1.0,1.03124e-13
1.0,4.87678e-13
1.0,0.0
1.0,1.2418e-14
1.0,8.33374e-22
1.0,7.42234e-15
1.0,3.9102e-13
1.0,2.35644e-25
1.0,1.74691e-22
1.0,4.63825e-19
1.0,2.86213e-12
1.0,2.55162e-26
1.0,2.85567e-22
1.0,0.0
1.0,5.83542e-14
1.0,1.23021e-28
1.0,1.71218e-33
1.0,1.56042e-15
1.0,3.54338e-13
1.0,1.85438e-14
1.0,0.0
1.0,3.19801e-18
1.0,3.29327e-17
1.0,3.58376e-14
1.0,9.45261e-14
1.0,3.06306e-26
1.0,1.18157e-13
1.0,5.35562e-37
1.0,1.87278e-18
1.0,8.38993e-16
1.0,7.30442e-16
1.0,6.0861e-30
1.0,3.36092e-15
1.0,1.82649e-13
1.0,4.25059e-20
1.0,0.0
1.0,5.25962e-21
1.0,2.1509e-19
1.0,1.05261e-15
1.0,4.25056e-17
1.0,1.71522e-18
1.0,0.0
1.0,6.15004e-16
1.0,1.3893e-17
1.0,0.0
1.0,4.66919e-20
1.0,9.94113e-21
1.0,7.04344e-19
1.0,2.37171e-18
1.0,1.36079e-19
1.0,6.90359e-38
1.0,7.40358e-18
1.0,3.9169e-13
1.0,3.92882e-23
1.0,4.0747e-15
1.0,0.0
1.0,5.10166e-23
1.0,4.03127e-20
1.0,1.17313e-28
1.0,0.0
1.0,3.47768e-16
1.0,6.27637e-16
1.0,6.99172e-20
1.0,1.89227e-16
1.0,7.05811e-16
1.0,7.09943e-14
1.0,0.0
1.0,2.7754e-15
1.0,4.66817e-15
1.0,1.07618e-16
1.0,2.30738e-34
1.0,0.0
1.0,9.92113e-14
1.0,9.20253e-23
1.0,2.83803e-20
1.0,2.85994e-34
1.0,5.21996e-28
1.0,3.92324e-19
1.0,2.30251e-17
1.0,2.14072e-33
1.0,1.02739e-31
1.0,1.62185e-15
1.0,0.0
1.0,1.93903e-21
1.0,4.17491e-21
1.0,3.11472e-17
1.0,1.73677e-16
1.0,2.87236e-34
1.0,8.34058e-21
1.0,0.0
1.0,1.77437e-13
1.0,1.96771e-22
1.0,1.61558e-34
1.0,3.42782e-25
1.0,0.0
1.0,2.85419e-14
1.0,1.41797e-15
1.0,4.01355e-14
1.0,2.16231e-13
1.0,0.0
1.0,5.60572e-17
1.0,1.5792e-25
1.0,0.0
1.0,2.2008e-14
1.0,3.40963e-29
1.0,1.30229e-22
1.0,4.72501e-12
1.0,0.0
1.0,0.0
1.0,1.32269e-20
1.0,2.14854e-17
1.0,0.0
1.0,2.64523e-21
1.0,1.94294e-15
1.0,3.64297e-18
1.0,2.02555e-16
1.0,1.55842e-12
1.0,0.0
1.0,2.68902e-24
1.0,2.03803e-19
1.0,0.0
1.0,1.55632e-29
1.0,1.79059e-19
1.0,1.25318e-16
1.0,2.24696e-13
1.0,0.0
1.0,9.18695e-24
1.0,1.45699e-19
1.0,2.33899e-14
1.0,6.96931e-17
1.0,0.0
1.0,0.0
1.0,9.81243e-21
1.0,7.79659e-18
1.0,0.0
1.0,0.0
1.0,0.0
1.0,1.07971e-12
1.0,0.0
1.0,1.51764e-14
1.0,0.0
1.0,2.53234e-16
1.0,3.0847e-31
1.0,1.64041e-17
1.0,4.0111e-15
1.0,5.80994e-15
1.0,1.67978e-15
1.0,3.26714e-14
1.0,9.14299e-12
1.0,1.39409e-16
1.0,1.10429e-14
1.0,4.77638e-13
1.0,0.0
1.0,0.0
1.0,4.85971e-13
1.0,4.77181e-36
1.0,1.5549e-29
1.0,2.29662e-13
1.0,1.02802e-15
1.0,0.0
1.0,1.31401e-26
1.0,6.35559e-16
1.0,3.13319e-15
1.0,9.69999e-15
1.0,3.08936e-15
1.0,2.21171e-13
1.0,0.0
1.0,1.82234e-24
1.0,6.57285e-21
1.0,4.08521e-13
1.0,2.24112e-16
1.0,1.8807e-34
1.0,1.28417e-15
1.0,2.00993e-22
1.0,1.57064e-17
1.0,1.78235e-12
1.0,2.21447e-27
1.0,4.99527e-14
1.0,1.22902e-27
1.0,5.98641e-18
1.0,0.0
1.0,2.49735e-26
1.0,4.12734e-16
1.0,3.46929e-25
1.0,1.59071e-17
1.0,0.0
1.0,8.4798e-25
1.0,4.21088e-13
1.0,0.0
1.0,7.14188e-24
1.0,0.0
1.0,3.23184e-18
1.0,1.49439e-20
1.0,1.2286e-18
1.0,1.0318e-21
1.0,5.47577e-21
1.0,4.19379e-15
1.0,0.0
1.0,0.0
1.0,6.1385e-21
1.0,3.09868e-26
1.0,0.0
1.0,9.42335e-15
1.0,4.43562e-14
1.0,1.11722e-12
1.0,0.0
1.0,2.1571e-24
1.0,1.6005e-14
1.0,5.04657e-13
1.0,3.04949e-21
1.0,2.29351e-12
1.0,1.44669e-16
1.0,0.0
1.0,2.40107e-16
1.0,2.38577e-14
1.0,0.0
1.0,7.08076e-24
1.0,3.18667e-16
1.0,1.77687e-15
1.0,0.0
1.0,2.91605e-15
1.0,4.7311e-23
1.0,6.06271e-19
1.0,1.02391e-16
1.0,1.47664e-16
1.0,3.27484e-21
1.0,2.25298e-14
1.0,0.0
1.0,3.65145e-16
1.0,0.0
1.0,4.2618e-14
1.0,1.46843e-19
1.0,0.0
1.0,0.0
1.0,7.5084e-37
1.0,3.60581e-16
1.0,7.9223e-17
1.0,0.0
1.0,1.66938e-16
1.0,1.2783e-34
1.0,6.92987e-15
1.0,2.58149e-19
1.0,8.52864e-21
1.0,3.0161e-34
1.0,3.48523e-25
1.0,4.39957e-22
1.0,6.2659e-13
1.0,2.58237e-18
1.0,5.59247e-28
1.0,4.06577e-23
1.0,0.0
1.0,4.04962e-17
1.0,1.93551e-14
1.0,6.60654e-13
1.0,3.83637e-17
1.0,0.0
1.0,2.44585e-14
1.0,0.0
1.0,2.39536e-32
1.0,0.0
1.0,5.198e-15
1.0,6.51632e-15
1.0,2.13492e-29
1.0,6.24491e-13
1.0,1.05215e-14
1.0,1.0217e-16
1.0,0.0
1.0,4.20512e-21
1.0,2.51208e-13
1.0,3.45129e-13
1.0,2.20778e-13
1.0,1.67839e-24
1.0,3.88878e-26
1.0,1.1952e-19
1.0,5.48352e-15
1.0,2.98612e-13
1.0,6.79884e-29
1.0,1.89935e-22
1.0,6.07277e-20
1.0,9.70499e-15
1.0,0.0
1.0,2.8045e-13
1.0,3.184e-20
1.0,6.82685e-16
1.0,2.20374e-15
1.0,1.42649e-20
1.0,0.0
1.0,4.73896e-14
1.0,6.94319e-26
1.0,6.60938e-20
1.0,0.0
1.0,1.12015e-19
1.0,2.01629e-15
1.0,9.8986e-14
1.0,4.76173e-24
1.0,1.47434e-12
1.0,4.03659e-17
1.0,2.05255e-17
1.0,5.57156e-28
1.0,0.0
1.0,1.35567e-13
1.0,1.88666e-33
1.0,3.53227e-30
1.0,0.0
1.0,5.62239e-15
1.0,1.20324e-30
1.0,4.9604e-16
1.0,7.72576e-14
1.0,6.74176e-22
1.0,0.0
1.0,8.58823e-19
1.0,0.0
1.0,0.0
1.0,2.07955e-18
1.0,4.20158e-27
1.0,1.00898e-26
1.0,0.0
1.0,4.1217e-34
1.0,0.0
1.0,5.14101e-20
1.0,1.67499e-18
1.0,2.59134e-13
1.0,3.80746e-17
1.0,3.42795e-13
1.0,0.0
1.0,1.94304e-18
1.0,0.0
1.0,2.47161e-30
1.0,4.74873e-22
1.0,6.83621e-16
1.0,2.78963e-13
1.0,9.0551e-14
1.0,1.25706e-15
1.0,2.17437e-15
1.0,1.32933e-15
1.0,1.99728e-13
1.0,0.0
1.0,3.85502e-29
1.0,4.91762e-34
1.0,4.13922e-24
1.0,3.98365e-22
1.0,2.47332e-15
1.0,5.40426e-14
1.0,2.04295e-25
1.0,7.82708e-24
1.0,7.9337e-18
1.0,2.97116e-14
1.0,3.27915e-13
1.0,1.21411e-13
1.0,0.0
1.0,5.00502e-24
1.0,5.86186e-22
1.0,0.0
1.0,0.0
1.0,1.56648e-22
1.0,3.97578e-18
1.0,2.43048e-18
1.0,1.21673e-13
1.0,3.35577e-14
1.0,1.6439e-22
1.0,2.87297e-14
1.0,0.0
1.0,1.07942e-16
1.0,0.0
1.0,5.17838e-17
1.0,1.61575e-14
1.0,0.0
1.0,0.0
1.0,0.0
1.0,1.29701e-28
1.0,7.07188e-13
1.0,1.77876e-15
1.0,1.21396e-19
1.0,0.0
1.0,2.2889e-23
1.0,1.0123e-23
1.0,8.95978e-21
1.0,3.47654e-12
1.0,3.19161e-38
1.0,1.61832e-17
1.0,0.0
1.0,4.91752e-14
1.0,0.0
1.0,9.97156e-13
1.0,2.54968e-12
1.0,5.94763e-24
1.0,0.0
1.0,2.3646e-13
1.0,7.89685e-15
1.0,3.62943e-19
1.0,1.02939e-16
1.0,3.7071e-14
1.0,1.70363e-28
1.0,1.54069e-35
1.0,3.6259e-13
1.0,3.2594e-19
1.0,1.53847e-16
1.0,1.56708e-13
1.0,8.31236e-16
1.0,1.73424e-14
1.0,1.19078e-24
1.0,2.73411e-13
1.0,1.97607e-15
1.0,1.73703e-20
1.0,0.0
1.0,6.14155e-25
1.0,9.45135e-24
1.0,0.0
1.0,5.80379e-36
1.0,0.0
1.0,0.0
1.0,2.17866e-26
1.0,3.03412e-15
1.0,2.42165e-15
1.0,1.50705e-13
1.0,3.21984e-12
1.0,2.4516e-16
1.0,0.0
1.0,1.27644e-35
1.0,6.19134e-14
1.0,1.32349e-22
1.0,0.0
1.0,4.87967e-26
1.0,3.38836e-17
1.0,8.39336e-16
1.0,1.27401e-14
1.0,0.0
1.0,0.0
1.0,2.36811e-18
1.0,1.43079e-13
1.0,1.97083e-21
1.0,1.03862e-11
1.0,0.0
1.0,7.87037e-17
1.0,4.21887e-16
1.0,1.24169e-15
1.0,1.59819e-19
1.0,1.1474e-14
1.0,0.0
1.0,1.01234e-32
1.0,5.24488e-31
1.0,0.0
1.0,0.0
1.0,0.0
1.0,1.23495e-13
1.0,3.53647e-17
1.0,1.7735e-12
1.0,5.16749e-30
1.0,5.73943e-16
1.0,1.27039e-15
1.0,2.58762e-12
1.0,1.01885e-26
1.0,1.7678e-34
1.0,3.51705e-19
1.0,4.29719e-14
1.0,0.0
1.0,1.50403e-30
1.0,7.06438e-17
1.0,1.01311e-16
1.0,1.23452e-14
1.0,4.10143e-12
1.0,2.25457e-24
1.0,5.88558e-19
1.0,2.63007e-19
1.0,0.0
1.0,4.49264e-16
1.0,4.58314e-16
1.0,0.0
1.0,3.99429e-33
1.0,0.0
1.0,1.70601e-22
1.0,2.12727e-19
1.0,1.33496e-30
1.0,0.0
1.0,1.35949e-27
1.0,0.0
1.0,2.01582e-16
1.0,0.0
1.0,4.07041e-14
1.0,2.8925e-13
1.0,5.04552e-21
1.0,3.03042e-32
1.0,0.0
1.0,3.31621e-20
1.0,1.07156e-14
1.0,4.64482e-22
1.0,1.81813e-17
1.0,1.639e-12
1.0,0.0
1.0,7.04816e-15
1.0,5.38012e-33
1.0,1.00321e-15
1.0,0.0
1.0,0.0
1.0,1.42759e-16
1.0,2.00565e-14
1.0,6.13195e-18
1.0,4.65822e-13
1.0,4.82505e-26
1.0,9.74971e-14
1.0,0.0
1.0,8.35278e-28
1.0,4.07404e-17
1.0,8.15586e-13
1.0,7.10994e-30
1.0,1.54787e-13
1.0,1.52457e-14
1.0,3.13716e-16
1.0,0.0
1.0,1.70749e-24
1.0,2.97816e-23
1.0,3.7659e-20
1.0,1.12634e-16
1.0,1.87374e-18
1.0,0.0
1.0,1.09658e-29
1.0,1.35205e-13
1.0,0.0
1.0,1.4098e-25
1.0,5.1322e-18
1.0,3.37622e-13
1.0,0.0
1.0,0.0
1.0,1.01469e-15
1.0,1.42591e-14
1.0,1.19918e-28
1.0,8.67194e-20
1.0,3.7605e-19
1.0,1.0739e-15
1.0,1.1652e-14
1.0,0.0
1.0,8.13114e-27
1.0,1.11241e-17
1.0,0.0
1.0,0.0
1.0,3.57559e-12
1.0,3.09182e-30
1.0,5.99191e-19
1.0,7.82993e-14
1.0,0.0
1.0,2.32567e-19
1.0,1.25953e-13
1.0,6.44015e-15
1.0,6.93129e-17
1.0,0.0
1.0,8.38449e-17
1.0,0.0
1.0,1.83089e-38
1.0,4.14935e-27
1.0,3.19818e-16
1.0,4.18349e-15
1.0,4.39415e-15
1.0,2.48979e-12
1.0,8.31372e-33
1.0,0.0
1.0,5.58185e-17
1.0,2.09907e-16
1.0,1.04746e-28
1.0,9.20238e-18
1.0,4.92207e-26
1.0,1.02993e-16
1.0,7.56734e-16
1.0,2.10955e-12
1.0,1.30589e-32
1.0,1.89092e-27
1.0,2.33199e-20
1.0,1.22981e-17
1.0,0.0
1.0,6.9605e-29
1.0,7.48661e-12
1.0,6.75362e-32
1.0,1.52565e-28
1.0,8.67648e-18
1.0,2.6096e-21
1.0,0.0
1.0,3.09569e-17
1.0,6.35229e-13
1.0,0.0
1.0,1.35711e-27
1.0,0.0
1.0,0.0
1.0,0.0
1.0,7.67317e-26
1.0,8.969e-17
1.0,9.56064e-17
1.0,7.06857e-14
1.0,8.3464e-14
1.0,3.39218e-27
1.0,0.0
1.0,8.3413e-24
1.0,3.80403e-20
1.0,3.22203e-14
1.0,4.78544e-17
1.0,7.15255e-15
1.0,2.34172e-13
1.0,1.03143e-28
1.0,6.25982e-18
1.0,6.50586e-15
1.0,1.30669e-22
1.0,1.15987e-27
1.0,2.48513e-21
1.0,2.68518e-13
1.0,4.05038e-23
1.0,1.16713e-25
1.0,2.17891e-21
1.0,6.89599e-28
1.0,0.0
1.0,1.43047e-23
1.0,0.0
1.0,3.03059e-21
1.0,5.3849e-12
1.0,0.0
1.0,0.0
1.0,1.95315e-30
1.0,4.48271e-26
1.0,4.11426e-21
1.0,1.39987e-18
1.0,1.25086e-13
1.0,2.90576e-12
1.0,0.0
1.0,0.0
1.0,3.49043e-17
1.0,1.49003e-16
1.0,4.66017e-28
1.0,1.55977e-13
1.0,0.0
1.0,0.0
1.0,1.87205e-16
1.0,0.0
1.0,0.0
1.0,1.15118e-22
1.0,5.79268e-17
1.0,0.0
1.0,2.82147e-15
1.0,3.44223e-14
1.0,1.48272e-13
1.0,0.0
1.0,6.73095e-28
1.0,4.23705e-15
1.0,1.72065e-12
1.0,7.89477e-14
1.0,0.0
1.0,0.0
1.0,1.45158e-23
1.0,1.30337e-17
1.0,8.01131e-20
1.0,5.3033e-35
1.0,8.89516e-32
1.0,4.9784e-20
1.0,2.13764e-16
1.0,2.45405e-15
1.0,7.76981e-14
1.0,0.0
1.0,3.02318e-14
1.0,0.0
1.0,0.0
1.0,0.0
1.0,1.63765e-15
1.0,2.83177e-14
1.0,0.0
1.0,0.0
1.0,1.51724e-23
1.0,2.18374e-18
1.0,8.9193e-30
1.0,5.34616e-25
1.0,0.0
1.0,0.0
1.0,1.57577e-15
1.0,4.49055e-13
1.0,4.18677e-18
1.0,1.63424e-29
1.0,1.17778e-18
1.0,2.44844e-14
1.0,2.90464e-21
1.0,2.64495e-36
1.0,0.0
1.0,3.75929e-24
1.0,5.29979e-17
1.0,6.01322e-16
1.0,0.0
1.0,2.57518e-31
1.0,1.00801e-27
1.0,0.0
1.0,2.83437e-26
1.0,3.994e-19
1.0,1.58442e-13
1.0,1.66129e-27
1.0,2.47838e-17
1.0,0.0
1.0,5.01088e-27
1.0,3.34212e-14
1.0,1.08215e-11
1.0,0.0
1.0,2.7414e-18
1.0,4.42558e-14
1.0,3.05728e-33
1.0,0.0
1.0,7.64209e-24
1.0,1.14871e-12
1.0,1.23426e-16
1.0,0.0
1.0,3.66915e-31
1.0,1.73137e-15
1.0,3.00582e-14
1.0,7.2812e-13
1.0,0.0
1.0,1.39703e-18
1.0,0.0
1.0,1.46363e-26
1.0,9.43409e-25
1.0,1.33168e-18
1.0,6.83686e-17
1.0,1.64299e-13
1.0,2.44514e-13
1.0,1.05094e-23
1.0,1.02826e-17
1.0,1.28631e-15
1.0,1.70945e-15
1.0,5.80888e-23
1.0,3.73095e-15
1.0,0.0
1.0,0.0
1.0,0.0
1.0,0.0
1.0,1.68202e-19
1.0,7.83739e-16
1.0,1.09682e-15
1.0,2.99685e-14
1.0,1.9139e-26
1.0,1.30444e-17
1.0,2.34108e-12
1.0,0.0
1.0,0.0
1.0,6.74019e-30
1.0,1.3169e-27
1.0,7.87194e-22
1.0,2.28457e-20
1.0,3.20185e-19
1.0,8.1094e-14
1.0,8.10246e-14
1.0,1.1659e-11
1.0,6.01967e-29
1.0,2.63206e-24
1.0,1.8823e-22
1.0,5.0132e-16
1.0,1.6786e-26
1.0,2.5351e-24
1.0,2.17532e-14
1.0,2.60643e-13
1.0,7.6482e-21
1.0,6.70444e-18
1.0,1.15178e-15
1.0,1.27746e-14
1.0,8.96527e-18
1.0,3.44953e-38
1.0,1.17412e-31
1.0,3.99756e-16
1.0,3.18204e-13
1.0,5.27954e-21
1.0,1.59238e-17
1.0,1.63709e-13
1.0,4.26366e-27
1.0,1.29819e-24
1.0,2.84501e-18
1.0,6.54438e-18
1.0,5.41968e-16
1.0,6.10076e-16
1.0,1.95721e-14
1.0,8.63375e-20
1.0,4.06466e-14
1.0,1.83697e-30
1.0,1.65502e-25
1.0,2.6665e-20
1.0,1.16717e-19
1.0,8.14688e-19
1.0,4.15538e-13
1.0,3.32044e-18
1.0,0.0
1.0,2.47132e-28
1.0,0.0
1.0,0.0
1.0,1.87384e-22
1.0,4.91373e-17
1.0,1.13933e-24
1.0,1.12238e-20
1.0,5.11776e-14
1.0,8.33617e-25
1.0,1.30231e-22
1.0,9.58254e-19
1.0,5.33604e-16
1.0,6.5994e-13
1.0,1.42731e-12
1.0,1.78189e-13
1.0,6.0441e-13
1.0,1.70216e-12
1.0,5.41857e-22
1.0,6.91493e-36
1.0,3.9662e-19
1.0,8.86893e-18
1.0,6.34506e-14
1.0,5.3907e-25
1.0,3.04935e-14
1.0,8.4369e-28
1.0,0.0
1.0,2.60373e-22
1.0,4.36063e-16
1.0,2.8649e-12
1.0,6.7262e-15
1.0,9.47486e-16
1.0,4.28703e-27
1.0,6.127e-14
1.0,0.0
1.0,8.16064e-16
1.0,3.56882e-13
1.0,1.34062e-12
1.0,4.88437e-17
1.0,3.90671e-28
1.0,4.73373e-17
1.0,0.0
1.0,1.43565e-34
1.0,8.55074e-24
1.0,9.60314e-20
1.0,3.26292e-13
1.0,2.41659e-19
1.0,6.50542e-13
1.0,6.8089e-17
1.0,1.76077e-20
1.0,5.49923e-38
1.0,2.66452e-16
1.0,9.34341e-18
1.0,4.26038e-25
1.0,2.54853e-27
1.0,2.00281e-14
1.0,6.74903e-12
1.0,4.31293e-30
1.0,4.27593e-18
1.0,0.0
1.0,3.53366e-18
1.0,6.58695e-22
1.0,2.47693e-30
1.0,9.56415e-24
1.0,3.50789e-26
1.0,1.02785e-29
1.0,0.0
1.0,8.809e-30
1.0,7.37856e-20
1.0,3.28881e-29
1.0,1.75724e-25
1.0,1.81114e-34
1.0,3.52585e-22
1.0,9.63412e-18
1.0,6.99091e-16
1.0,5.10136e-17
1.0,7.63846e-22
1.0,1.50662e-30
1.0,7.57927e-16
1.0,4.06289e-14
1.0,6.59763e-12
1.0,1.07838e-23
1.0,1.75004e-20
1.0,0.0
1.0,0.0
1.0,4.29275e-22
1.0,0.0
1.0,4.32562e-21
1.0,5.34862e-13
1.0,0.0
1.0,6.66383e-21
1.0,2.9552e-21
1.0,9.51332e-15
1.0,1.22456e-13
1.0,1.14098e-27
1.0,4.20563e-30
1.0,1.67279e-22
1.0,1.50174e-25
1.0,8.27704e-34
1.0,1.88868e-19
1.0,6.19813e-18
1.0,2.77469e-13
1.0,2.28857e-20
1.0,7.42754e-32
1.0,5.97581e-16
1.0,2.25783e-32
1.0,6.05028e-19
1.0,4.29983e-17
1.0,1.27806e-15
1.0,1.52856e-14
1.0,4.5807e-14
1.0,2.24317e-15
1.0,1.27721e-13
1.0,1.03426e-31
1.0,0.0
1.0,3.82925e-19
1.0,1.04667e-18
1.0,5.48557e-16
1.0,4.91667e-15
1.0,2.26961e-22
1.0,2.20511e-19
1.0,6.1296e-14
1.0,1.64202e-20
1.0,3.23805e-18
1.0,0.0
1.0,0.0
1.0,2.25667e-13
1.0,6.37104e-35
1.0,0.0
1.0,2.36745e-19
1.0,0.0
1.0,2.61259e-24
1.0,5.3239e-17
1.0,3.02626e-16
1.0,1.78068e-27
1.0,1.77741e-18
1.0,1.4617e-17
1.0,3.12896e-14
1.0,3.79168e-15
1.0,1.31383e-13
1.0,7.01041e-14
1.0,1.9887e-13
1.0,0.0
1.0,1.40326e-14
1.0,3.99235e-17
1.0,0.0
1.0,1.1872e-13
1.0,4.35777e-18
1.0,1.56102e-28
1.0,3.44391e-16
1.0,0.0
1.0,2.49729e-21
1.0,3.52286e-13
1.0,1.40883e-18
1.0,5.04417e-14
1.0,1.01111e-19
1.0,4.06451e-15
1.0,0.0
1.0,4.28244e-21
1.0,4.25911e-14
1.0,2.5733e-23
1.0,6.24885e-21
1.0,2.10951e-13
1.0,0.0
1.0,9.13004e-16
1.0,7.06038e-35
1.0,2.95323e-32
1.0,9.65417e-17
1.0,9.61147e-13
1.0,8.33641e-15
1.0,0.0
1.0,6.8246e-28
1.0,7.83062e-21
1.0,8.45135e-16
1.0,4.18978e-14
1.0,2.03208e-21
1.0,3.74481e-15
1.0,2.85353e-15
1.0,3.73547e-15
1.0,4.00469e-23
1.0,2.02874e-16
1.0,4.826e-14
1.0,0.0
1.0,5.36241e-20
1.0,3.80542e-16
1.0,1.2579e-13
1.0,0.0
1.0,0.0
1.0,1.77494e-23
1.0,1.06944e-21
1.0,2.25688e-15
1.0,2.24053e-19
1.0,2.02421e-16
1.0,2.28199e-14
1.0,1.99399e-13
1.0,1.66133e-38
1.0,6.31661e-29
1.0,4.81928e-15
1.0,2.6922e-31
1.0,2.23271e-16
1.0,2.2227e-17
1.0,0.0
1.0,1.79207e-20
1.0,1.21197e-28
1.0,6.96585e-17
1.0,0.0
1.0,0.0
1.0,9.9411e-21
1.0,3.14337e-19
1.0,5.25379e-18
1.0,6.83585e-21
1.0,6.00701e-38
1.0,1.72571e-14
1.0,0.0
1.0,7.38229e-23
1.0,3.06518e-17
1.0,0.0
1.0,4.15496e-12
1.0,4.53849e-13
1.0,0.0
1.0,5.08552e-22
1.0,3.22508e-19
1.0,0.0
1.0,1.86787e-18
1.0,0.0
1.0,3.64517e-23
1.0,2.53155e-14
1.0,0.0
1.0,0.0
1.0,1.26115e-27
1.0,1.99612e-25
1.0,7.33309e-15
1.0,2.21966e-14
1.0,0.0
1.0,1.00222e-13
1.0,0.0
1.0,8.54982e-26
1.0,2.46931e-24
1.0,1.07133e-14
1.0,4.24209e-33
1.0,9.87692e-20
1.0,3.51224e-18
1.0,3.95392e-36
1.0,5.3849e-12
1.0,3.21809e-14
1.0,3.47407e-15
1.0,1.75276e-14
1.0,0.0
1.0,1.51218e-17
1.0,0.0
1.0,2.34462e-15
1.0,6.09337e-15
1.0,3.44013e-14
1.0,1.36091e-13
1.0,8.87058e-13
1.0,4.06076e-15
1.0,4.73784e-35
1.0,1.7399e-18
1.0,7.00027e-17
1.0,2.45298e-18
1.0,4.71078e-17
1.0,1.4486e-16
1.0,5.94898e-13
1.0,2.50002e-14
1.0,1.11448e-12
1.0,0.0
1.0,3.01774e-12
1.0,2.94064e-24
1.0,5.04976e-35
1.0,0.0
1.0,5.86815e-13
1.0,1.95091e-13
1.0,3.08963e-14
1.0,5.09318e-33
1.0,3.94809e-19
1.0,1.25032e-17
1.0,1.7366e-20
1.0,1.64788e-16
1.0,3.34392e-16
1.0,1.68773e-13
1.0,0.0
1.0,2.05924e-24
1.0,1.31159e-19
1.0,0.0
1.0,8.57087e-37
1.0,2.10829e-17
1.0,1.25802e-16
1.0,1.12267e-15
1.0,3.90048e-30
1.0,1.94033e-24
1.0,1.92527e-12
1.0,7.57187e-13
1.0,4.00618e-21
1.0,1.18873e-16
1.0,5.82439e-14
1.0,0.0
1.0,2.52636e-30
1.0,1.09508e-11
1.0,0.0
1.0,0.0
1.0,4.88751e-28
1.0,2.26322e-37
1.0,0.0
1.0,3.31823e-24
1.0,6.24307e-18
1.0,2.69853e-23
1.0,1.79115e-15
1.0,1.02193e-16
1.0,5.5215e-37
1.0,1.61446e-19
1.0,6.07918e-13
1.0,1.65939e-13
1.0,0.0
1.0,0.0
1.0,3.70523e-14
1.0,1.40134e-12
1.0,3.35626e-13
1.0,1.19408e-19
1.0,1.26781e-19
1.0,2.47178e-13
1.0,0.0
1.0,0.0
1.0,1.06499e-24
1.0,2.03785e-14
1.0,0.0
1.0,2.2861e-12
1.0,0.0
1.0,8.67899e-28
1.0,3.82808e-14
1.0,1.61964e-12
1.0,0.0
1.0,3.63597e-14
1.0,8.91953e-17
1.0,6.37859e-15
1.0,1.26595e-21
1.0,0.0
1.0,3.61351e-16
1.0,1.36972e-15
1.0,3.15917e-13
1.0,1.97934e-19
1.0,7.11017e-13
1.0,0.0
1.0,7.14916e-23
1.0,2.32944e-21
1.0,5.58292e-15
1.0,4.4969e-13
1.0,0.0
1.0,4.93684e-32
1.0,1.81563e-16
1.0,1.80043e-20
1.0,5.17244e-17
1.0,5.43543e-16
1.0,2.29174e-13
1.0,1.28438e-35
1.0,3.03975e-14
1.0,0.0
1.0,0.0
1.0,8.83948e-19
1.0,1.43931e-15
1.0,4.18971e-18
1.0,1.13644e-18
1.0,3.56193e-14
1.0,0.0
1.0,0.0
1.0,1.93355e-21
1.0,4.97737e-21
1.0,0.0
1.0,2.8056e-16
1.0,4.00247e-35
1.0,1.2572e-26
1.0,2.70471e-24
1.0,3.83877e-19
1.0,3.82288e-16
1.0,2.15585e-15
1.0,3.81081e-14
1.0,2.81239e-13
1.0,1.59016e-12
1.0,9.85742e-13
1.0,2.78512e-20
1.0,2.6845e-18
1.0,2.77268e-13
1.0,0.0
1.0,2.25858e-13
1.0,2.02452e-13
1.0,0.0
1.0,6.02891e-16
1.0,3.92628e-20
1.0,0.0
1.0,1.14455e-19
1.0,0.0
1.0,9.01693e-15
1.0,0.0
1.0,5.72767e-14
1.0,3.54155e-21
1.0,1.16653e-13
1.0,8.72354e-27
1.0,6.193e-25
1.0,3.18478e-18
1.0,5.59541e-21
1.0,4.1182e-14
1.0,1.62071e-18
1.0,6.54109e-13
1.0,0.0
1.0,3.8437e-24
1.0,0.0
1.0,1.14972e-12
1.0,1.13279e-13
1.0,4.69793e-24
1.0,0.0
1.0,0.0
1.0,8.79219e-20
1.0,6.60843e-17
1.0,2.64037e-14
1.0,9.76187e-31
1.0,9.32766e-20
1.0,8.88347e-16
1.0,2.14109e-28
1.0,4.06724e-13
1.0,8.33176e-12
1.0,0.0
1.0,1.09265e-26
1.0,1.99084e-12
1.0,2.0943e-24
1.0,4.52408e-17
1.0,0.0
1.0,5.14321e-26
1.0,0.0
1.0,2.81943e-15
1.0,6.67273e-15
1.0,2.21172e-15
1.0,8.28071e-14
1.0,1.2201e-16
1.0,0.0
1.0,0.0
1.0,5.36e-35
1.0,2.14374e-31
1.0,2.25026e-23
1.0,8.90109e-21
1.0,1.58805e-16
1.0,4.43116e-14
1.0,3.92378e-29
1.0,1.71939e-23
1.0,0.0
1.0,0.0
1.0,1.22264e-24
1.0,1.61631e-37
1.0,1.57492e-18
1.0,5.06248e-14
1.0,2.5994e-20
1.0,2.59004e-15
1.0,1.35801e-14
1.0,5.43961e-15
1.0,5.55778e-13
1.0,3.5578e-30
1.0,3.74275e-31
1.0,1.08962e-25
1.0,5.89255e-16
1.0,0.0
1.0,5.12502e-26
1.0,4.42667e-17
1.0,8.51291e-36
1.0,1.44147e-30
1.0,3.44728e-15
1.0,7.19363e-20
1.0,1.66641e-15
1.0,2.16471e-26
1.0,0.0
1.0,0.0
1.0,3.11065e-18
1.0,0.0
1.0,5.20695e-14
1.0,6.46092e-13
1.0,2.07205e-16
1.0,2.52683e-13
1.0,1.32527e-13
1.0,1.49031e-18
1.0,4.91637e-15
1.0,1.1566e-15
1.0,8.15694e-15
1.0,1.2263e-14
1.0,1.10364e-15
1.0,1.15782e-16
1.0,9.79872e-14
1.0,0.0
1.0,1.63625e-29
1.0,6.1586e-19
1.0,7.38591e-20
1.0,8.87767e-18
1.0,7.81599e-15
1.0,0.0
1.0,1.17074e-14
1.0,0.0
1.0,9.64035e-21
1.0,2.81568e-20
1.0,0.0
1.0,2.5321e-27
1.0,6.79374e-19
1.0,0.0
1.0,1.72154e-22
1.0,1.58159e-12
1.0,9.83455e-19
1.0,6.51942e-32
1.0,3.90833e-14
1.0,4.0053e-15
1.0,0.0
1.0,1.03791e-17
1.0,6.11204e-14
1.0,1.98916e-15
1.0,0.0
1.0,1.11536e-20
1.0,2.97242e-14
1.0,2.67882e-21
1.0,1.45396e-23
1.0,0.0
1.0,9.44406e-19
1.0,1.38853e-14
1.0,2.22034e-28
1.0,1.85734e-12
1.0,5.61998e-35
1.0,6.61862e-26
1.0,7.52106e-16
1.0,2.11773e-14
1.0,2.38509e-23
1.0,1.93839e-19
1.0,5.83045e-13
1.0,0.0
1.0,7.99612e-16
1.0,3.00075e-26
1.0,2.69705e-21
1.0,0.0
1.0,2.01897e-29
1.0,1.44587e-22
1.0,3.83421e-21
1.0,1.35023e-14
1.0,4.54845e-15
1.0,3.58109e-14
1.0,0.0
1.0,1.4223e-18
1.0,4.00195e-20
1.0,0.0
1.0,3.98342e-17
1.0,2.12222e-15
1.0,2.34425e-13
1.0,1.88837e-13
1.0,1.60487e-34
1.0,6.75022e-18
1.0,1.00282e-36
1.0,5.6268e-33
1.0,5.30661e-28
1.0,4.51466e-27
1.0,4.6612e-22
1.0,8.52756e-14
1.0,0.0
1.0,0.0
1.0,0.0
1.0,0.0
1.0,5.9054e-29
1.0,4.72268e-30
1.0,3.14175e-29
1.0,0.0
1.0,1.47952e-17
1.0,4.9254e-16
1.0,4.04791e-17
1.0,4.05099e-15
1.0,1.67417e-14
1.0,6.88156e-12
1.0,0.0
1.0,5.39989e-13
1.0,0.0
1.0,0.0
1.0,6.39927e-26
1.0,4.17325e-17
1.0,0.0
1.0,1.50438e-14
1.0,2.15827e-23
1.0,2.30611e-29
1.0,5.3573e-35
1.0,0.0
1.0,1.00034e-18
1.0,7.53578e-13
1.0,8.50801e-19
1.0,6.86333e-16
1.0,0.0
1.0,5.73012e-27
1.0,3.53114e-22
1.0,5.27249e-14
1.0,1.54041e-19
1.0,1.11492e-15
1.0,1.83192e-12
1.0,1.04375e-15
1.0,0.0
1.0,9.00501e-36
1.0,3.21289e-19
1.0,3.1728e-15
1.0,7.62015e-14
1.0,1.85159e-23
1.0,9.5605e-17
1.0,0.0
1.0,1.23217e-16
1.0,4.37738e-17
1.0,5.09679e-17
1.0,1.07109e-15
1.0,2.63926e-13
1.0,1.65219e-20
1.0,0.0
1.0,4.87193e-21
1.0,0.0
1.0,4.18677e-13
1.0,4.43262e-30
1.0,2.67877e-14
1.0,4.70971e-12
1.0,3.6905e-34
1.0,4.25244e-25
1.0,3.13555e-20
1.0,4.55992e-19
1.0,1.28809e-12
1.0,0.0
1.0,0.0
1.0,9.58859e-16
1.0,3.72775e-26
1.0,1.45774e-18
1.0,7.79405e-13
1.0,1.19028e-12
1.0,0.0
1.0,5.72993e-13
1.0,2.30751e-28
1.0,6.19019e-12
1.0,1.59024e-16
1.0,2.08794e-29
1.0,4.60432e-27
1.0,3.35568e-13
1.0,3.2012e-25
1.0,1.25616e-20
1.0,1.15644e-18
1.0,1.19657e-18
1.0,8.46349e-15
1.0,1.87371e-15
1.0,0.0
1.0,2.41323e-27
1.0,4.65633e-15
1.0,6.009e-14
1.0,2.6251e-21
1.0,6.31724e-20
1.0,3.19663e-17
1.0,1.72981e-21
1.0,4.67364e-14
1.0,0.0
1.0,1.83171e-17
1.0,0.0
1.0,0.0
1.0,1.71422e-21
1.0,9.8487e-35
1.0,0.0
1.0,3.08389e-19
1.0,5.81108e-14
1.0,7.76047e-13
1.0,1.13185e-13
1.0,1.75972e-14
1.0,1.72577e-15
1.0,4.36436e-16
1.0,1.87457e-16
1.0,0.0
1.0,7.30012e-34
1.0,4.74352e-26
1.0,1.24369e-16
1.0,1.02119e-14
1.0,2.18975e-38
1.0,6.54689e-23
1.0,1.38628e-12
1.0,1.12689e-13
1.0,2.04791e-14
1.0,4.32272e-19
1.0,4.23924e-33
1.0,1.45184e-22
1.0,2.23765e-12
1.0,0.0
1.0,0.0
1.0,5.30692e-18
1.0,1.37918e-13
1.0,8.74171e-15
1.0,4.00185e-13
1.0,3.89123e-18
1.0,1.5155e-13
1.0,1.76575e-13
1.0,0.0
1.0,6.21815e-22
1.0,1.89432e-12
1.0,1.36551e-17
1.0,5.24891e-16
1.0,1.06417e-33
1.0,1.2732e-33
1.0,3.41107e-25
1.0,2.11059e-33
1.0,5.27649e-23
1.0,5.36665e-21
1.0,3.41074e-16
1.0,2.32772e-15
1.0,0.0
1.0,1.92397e-15
1.0,1.08566e-11
1.0,1.35582e-37
1.0,1.1596e-25
1.0,3.3115e-25
1.0,8.79856e-22
1.0,1.13469e-19
1.0,2.71685e-16
1.0,0.0
1.0,0.0
1.0,3.05639e-21
1.0,2.93493e-14
1.0,1.9884e-14
1.0,0.0
1.0,3.49412e-16
1.0,1.07771e-14
1.0,1.96201e-18
1.0,1.04527e-15
1.0,1.27231e-18
1.0,9.05802e-16
1.0,0.0
1.0,0.0
1.0,6.52625e-35
1.0,6.29803e-29
1.0,1.03091e-20
1.0,1.09179e-15
1.0,6.98836e-13
1.0,4.57927e-12
1.0,3.04049e-15
1.0,1.25579e-34
1.0,1.1475e-25
1.0,1.10368e-19
1.0,1.19089e-28
1.0,9.41022e-27
1.0,1.85111e-21
1.0,2.82973e-22
1.0,2.01085e-17
1.0,7.66386e-28
1.0,1.05777e-21
1.0,2.29289e-15
1.0,3.02133e-15
1.0,1.93076e-23
1.0,1.38209e-15
1.0,0.0
1.0,3.04332e-33
1.0,0.0
1.0,1.7421e-17
1.0,0.0
1.0,4.80442e-13
1.0,0.0
1.0,1.49837e-18
1.0,0.0
1.0,6.46445e-14
1.0,0.0
1.0,6.34947e-18
1.0,1.87406e-36
1.0,5.61511e-27
1.0,1.05072e-17
1.0,4.65538e-17
1.0,0.0
1.0,7.68333e-19
1.0,9.75796e-13
1.0,1.16917e-22
1.0,1.38246e-18
1.0,2.75626e-22
1.0,4.50259e-16
1.0,2.64958e-13
1.0,0.0
1.0,0.0
1.0,5.14034e-15
1.0,9.64723e-22
1.0,9.0863e-15
1.0,1.18248e-13
1.0,7.84261e-12
1.0,0.0
1.0,0.0
1.0,5.29769e-22
1.0,2.25965e-19
1.0,1.48713e-16
1.0,1.73397e-13
1.0,5.82049e-12
1.0,0.0
1.0,1.14901e-16
1.0,1.18489e-13
1.0,4.67196e-14
1.0,0.0
1.0,0.0
1.0,0.0
1.0,0.0
1.0,2.35639e-14
1.0,3.64896e-30
1.0,7.40581e-24
1.0,0.0
1.0,7.59042e-35
1.0,7.51032e-21
1.0,0.0
1.0,4.26957e-27
1.0,6.95642e-14
1.0,0.0
1.0,1.49671e-24
1.0,1.91577e-18
1.0,1.05705e-14
1.0,0.0
1.0,1.33443e-32
1.0,4.08089e-31
1.0,6.61189e-24
1.0,2.49897e-21
1.0,8.67872e-21
1.0,2.24834e-27
1.0,1.95717e-20
1.0,3.30209e-18
1.0,2.27931e-25
1.0,1.89371e-27
1.0,5.37617e-14
1.0,1.42638e-26
1.0,2.04555e-22
1.0,1.19847e-13
1.0,6.75489e-14
1.0,1.87507e-29
1.0,8.80398e-17
1.0,7.05706e-15
1.0,0.0
1.0,0.0
1.0,3.63473e-25
1.0,1.03995e-23
1.0,2.18229e-15
1.0,2.81384e-13
1.0,0.0
1.0,3.63303e-15
1.0,0.0
1.0,0.0
1.0,1.43751e-20
1.0,2.94769e-18
1.0,2.92604e-19
1.0,1.0434e-12
1.0,4.54642e-14
1.0,2.2875e-22
1.0,1.041e-18
1.0,2.33099e-12
1.0,0.0
1.0,0.0
1.0,8.95351e-19
1.0,9.15588e-17
1.0,7.12692e-15
1.0,5.06005e-15
1.0,0.0
1.0,0.0
1.0,7.88243e-16
1.0,4.09248e-13
1.0,3.47899e-14
1.0,0.0
1.0,4.14829e-15
1.0,5.30406e-12
1.0,7.9421e-22
1.0,1.30614e-23
1.0,1.21787e-16
1.0,2.05617e-17
1.0,9.75257e-22
1.0,0.0
1.0,7.62257e-28
1.0,0.0
1.0,0.0
1.0,5.36311e-13
1.0,1.99442e-28
1.0,0.0
1.0,2.95509e-17
1.0,0.0
1.0,3.05296e-35
1.0,0.0
1.0,2.89366e-18
1.0,6.07262e-17
1.0,2.77693e-23
1.0,4.99948e-15
1.0,8.45355e-15
1.0,5.87355e-14
1.0,0.0
1.0,1.81376e-21
1.0,1.61147e-25
1.0,3.63552e-21
1.0,6.74199e-23
1.0,0.0
1.0,4.8917e-21
1.0,2.40354e-17
1.0,8.31316e-16
1.0,2.08544e-15
1.0,3.84228e-13
1.0,4.26411e-32
1.0,4.26939e-18
1.0,6.65131e-14
1.0,0.0
1.0,5.29673e-25
1.0,1.67045e-26
1.0,5.27634e-33
1.0,3.39276e-21
1.0,6.1874e-19
1.0,0.0
1.0,1.86236e-13
1.0,4.93056e-13
1.0,2.29592e-15
1.0,3.45146e-15
1.0,9.0561e-13
1.0,8.26761e-14
1.0,1.78076e-28
1.0,2.26508e-16
1.0,7.81885e-16
1.0,1.50862e-16
1.0,0.0
1.0,0.0
1.0,8.49023e-15
1.0,1.64501e-14
1.0,5.96683e-16
1.0,1.06419e-14
1.0,3.37872e-13
1.0,0.0
1.0,1.44916e-16
1.0,0.0
1.0,7.86632e-18
1.0,8.26181e-17
1.0,2.353e-16
1.0,7.55347e-15
1.0,0.0
1.0,5.50846e-12
1.0,0.0
1.0,2.59249e-32
1.0,1.06789e-15
1.0,1.67792e-24
1.0,0.0
1.0,0.0
1.0,1.15873e-22
1.0,3.23925e-17
1.0,4.81667e-14
1.0,2.23714e-32
1.0,1.44819e-13
1.0,0.0
1.0,1.81838e-18
1.0,1.58224e-23
1.0,4.46687e-12
1.0,0.0
1.0,0.0
1.0,6.16955e-16
1.0,0.0
1.0,8.72003e-38
1.0,0.0
1.0,3.63723e-21
1.0,1.80555e-16
1.0,8.95965e-13
1.0,3.97301e-25
1.0,2.08969e-19
1.0,3.67584e-14
1.0,3.78017e-14
1.0,4.15237e-15
1.0,1.85432e-13
1.0,0.0
1.0,7.16027e-29
1.0,1.51494e-23
1.0,1.36932e-22
1.0,2.45626e-13
1.0,2.26628e-13
1.0,3.31514e-12
1.0,0.0
1.0,4.05444e-13
1.0,6.60523e-13
1.0,3.85957e-21
1.0,0.0
1.0,3.58914e-38
1.0,7.18971e-17
1.0,1.15959e-26
1.0,1.03598e-14
1.0,0.0
1.0,1.35528e-30
1.0,1.1806e-13
1.0,1.30862e-27
1.0,7.13622e-16
1.0,0.0
1.0,0.0
1.0,3.58754e-15
1.0,1.25401e-13
1.0,7.91712e-15
1.0,3.1475e-19
1.0,0.0
1.0,4.768e-18
1.0,9.16829e-24
1.0,3.51823e-21
1.0,1.46589e-16
1.0,8.26188e-23
1.0,3.41051e-17
1.0,1.40842e-26
1.0,6.02676e-25
1.0,0.0
1.0,1.91362e-21
1.0,2.36645e-14
1.0,2.61665e-12
1.0,3.85784e-14
1.0,1.66451e-16
1.0,3.28378e-16
1.0,5.56365e-23
1.0,3.33246e-24
1.0,3.01018e-17
1.0,1.68277e-14
1.0,9.53498e-14
1.0,1.62858e-25
1.0,6.51415e-24
1.0,1.11672e-19
1.0,2.06645e-15
1.0,1.73925e-31
1.0,1.4825e-21
1.0,4.30589e-16
1.0,0.0
1.0,0.0
1.0,0.0
1.0,1.21116e-12
1.0,1.35809e-17
1.0,9.57996e-32
1.0,1.43195e-16
1.0,9.30653e-15
1.0,9.68737e-17
1.0,0.0
1.0,1.3215e-20
1.0,0.0
1.0,0.0
1.0,9.94038e-20
1.0,6.04112e-13
1.0,2.18468e-12
1.0,0.0
1.0,4.22761e-21
1.0,1.43538e-29
1.0,8.94181e-24
1.0,1.57513e-12
1.0,0.0
1.0,0.0
1.0,1.06197e-28
1.0,5.29404e-13
1.0,1.4786e-13
1.0,7.81937e-13
1.0,3.35628e-26
1.0,0.0
1.0,3.08371e-15
1.0,0.0
1.0,0.0
1.0,5.07972e-12
1.0,5.5689e-22
1.0,5.89644e-12
1.0,1.33706e-15
1.0,1.88169e-32
1.0,3.14892e-17
1.0,1.32478e-12
1.0,3.04031e-12
1.0,1.65829e-38
1.0,3.75611e-24
1.0,0.0
1.0,6.35199e-18
1.0,0.0
1.0,0.0
1.0,9.58813e-12
1.0,2.59221e-29
1.0,1.30405e-16
1.0,3.28211e-38
1.0,8.38631e-18
1.0,7.74367e-13
1.0,8.27115e-31
1.0,0.0
1.0,5.64188e-15
1.0,0.0
1.0,3.79499e-17
1.0,5.49211e-13
1.0,0.0
1.0,3.19987e-33
1.0,0.0
1.0,0.0
1.0,0.0
1.0,8.92553e-15
1.0,2.21797e-12
1.0,8.64351e-12
1.0,1.15408e-26
1.0,2.40772e-17
1.0,2.93282e-25
1.0,5.53237e-24
1.0,4.31013e-13
1.0,3.14508e-22
1.0,1.35433e-16
1.0,7.72697e-13
1.0,1.24579e-13
1.0,0.0
1.0,7.88714e-17
1.0,7.84122e-15
1.0,4.10699e-21
1.0,8.23347e-16
1.0,0.0
1.0,1.12977e-13
1.0,1.10408e-24
1.0,4.76731e-13
1.0,1.68931e-27
1.0,3.19115e-14
1.0,2.17692e-21
1.0,2.90603e-17
1.0,2.22767e-15
1.0,0.0
1.0,1.16719e-14
1.0,0.0
1.0,1.44797e-22
1.0,5.00301e-28
1.0,5.20138e-19
1.0,1.07831e-17
1.0,1.99106e-14
1.0,8.84802e-18
1.0,1.425e-14
1.0,0.0
1.0,1.27147e-23
1.0,2.46459e-22
1.0,2.3661e-18
1.0,1.30821e-12
1.0,8.17378e-14
1.0,0.0
1.0,1.90323e-12
1.0,3.07551e-13
1.0,1.4573e-37
1.0,0.0
1.0,8.97627e-22
1.0,0.0
1.0,7.43647e-17
1.0,4.46924e-15
1.0,4.87829e-27
1.0,0.0
1.0,7.84201e-21
1.0,8.44368e-17
1.0,6.79842e-15
1.0,0.0
1.0,8.40851e-33
1.0,1.0616e-22
1.0,1.2645e-20
1.0,1.84938e-17
1.0,8.40635e-13
1.0,7.36925e-19
1.0,2.53207e-18
1.0,4.84725e-14
1.0,4.30576e-12
1.0,0.0
1.0,0.0
1.0,0.0
1.0,1.80538e-13
1.0,0.0
1.0,4.50385e-13
1.0,5.68376e-24
1.0,1.68938e-23
1.0,9.04797e-14
1.0,3.46207e-13
1.0,0.0
1.0,0.0
1.0,4.05077e-22
1.0,0.0
1.0,1.11441e-16
1.0,1.72265e-14
1.0,4.67842e-12
1.0,1.50764e-16
1.0,9.72477e-24
1.0,6.83057e-18
1.0,2.213e-13
1.0,7.53998e-26
1.0,8.44154e-20
1.0,1.12076e-13
1.0,7.26128e-14
1.0,1.28158e-20
1.0,9.57614e-20
1.0,1.69128e-20
1.0,1.62526e-13
1.0,0.0
1.0,1.88894e-13
1.0,0.0
1.0,0.0
1.0,7.8239e-35
1.0,4.95152e-13
1.0,1.47786e-14
1.0,7.09481e-27
1.0,2.54259e-21
1.0,0.0
1.0,1.55707e-26
1.0,0.0
1.0,5.50174e-21
1.0,2.34816e-20
1.0,1.39998e-15
1.0,0.0
1.0,4.46996e-31
1.0,8.34631e-28
1.0,3.44814e-22
1.0,1.17864e-17
1.0,7.39818e-12
1.0,2.51416e-14
1.0,3.48721e-19
1.0,1.08766e-16
1.0,1.17402e-26
1.0,4.88694e-13
1.0,0.0
1.0,1.33227e-20
1.0,9.13951e-17
1.0,1.72569e-13
1.0,0.0
1.0,1.87253e-22
1.0,0.0
1.0,0.0
1.0,6.05066e-15
1.0,4.1626e-14
1.0,0.0
1.0,3.60004e-15
1.0,8.03747e-30
1.0,1.34445e-19
1.0,4.3217e-16
1.0,0.0
1.0,6.00458e-15
1.0,2.19055e-35
1.0,3.51776e-24
1.0,1.7767e-18
1.0,1.45801e-17
1.0,6.68093e-15
1.0,1.91346e-14
1.0,2.28664e-13
1.0,1.21904e-26
1.0,1.65732e-28
1.0,2.07849e-31
1.0,4.42601e-26
1.0,3.99089e-17
1.0,4.82181e-17
1.0,5.36306e-16
1.0,2.71565e-14
1.0,3.10317e-15
1.0,9.27733e-15
1.0,2.17852e-32
1.0,3.7095e-17
1.0,5.62968e-27
1.0,7.94131e-15
1.0,2.66795e-24
1.0,4.92731e-20
1.0,4.10147e-18
1.0,7.39709e-24
1.0,5.86818e-20
1.0,0.0
1.0,0.0
1.0,2.22788e-26
1.0,3.27631e-24
1.0,1.43233e-17
1.0,2.77301e-12
1.0,2.77676e-37
1.0,1.72924e-21
1.0,1.14548e-14
1.0,0.0
1.0,1.71372e-38
1.0,1.32195e-26
1.0,5.40752e-23
1.0,5.86994e-16
1.0,3.7068e-14
1.0,1.21324e-15
1.0,0.0
1.0,0.0
1.0,1.25211e-22
1.0,1.10012e-12
1.0,0.0
1.0,0.0
1.0,5.56275e-20
1.0,1.5584e-29
1.0,0.0
1.0,1.60756e-13
1.0,8.83822e-13
1.0,0.0
1.0,1.54111e-17
1.0,1.05731e-18
1.0,1.83528e-18
1.0,3.06609e-29
1.0,1.84529e-26
1.0,5.35841e-20
1.0,4.12043e-14
1.0,8.98875e-13
1.0,0.0
1.0,0.0
1.0,5.13566e-30
1.0,1.03047e-22
1.0,2.23644e-20
1.0,7.26113e-16
1.0,7.16961e-13
1.0,0.0
1.0,9.29166e-18
1.0,0.0
1.0,6.73234e-26
1.0,1.69175e-18
1.0,3.3337e-15
1.0,1.29123e-20
1.0,4.83644e-14
1.0,1.50664e-38
1.0,4.94226e-27
1.0,3.77302e-19
1.0,2.07627e-15
1.0,3.68938e-12
1.0,5.04074e-32
1.0,4.34432e-13
1.0,0.0
1.0,0.0
1.0,0.0
1.0,6.16552e-33
1.0,1.42412e-13
1.0,0.0
1.0,0.0
1.0,3.43795e-13
1.0,0.0
1.0,2.70302e-37
1.0,1.41187e-21
1.0,4.18415e-17
1.0,1.8819e-15
1.0,0.0
1.0,5.35515e-24
1.0,6.5186e-18
1.0,0.0
1.0,4.14163e-16
1.0,1.48829e-22
1.0,1.91776e-16
1.0,2.38008e-14
1.0,4.97217e-29
1.0,1.09777e-17
1.0,4.12276e-16
1.0,3.73047e-13
1.0,9.83525e-14
1.0,1.60312e-23
1.0,7.56639e-14
1.0,1.00008e-11
1.0,6.61147e-21
1.0,2.29449e-18
1.0,0.0
1.0,6.45e-28
1.0,9.63511e-26
1.0,1.2123e-17
1.0,0.0
1.0,4.2712e-17
1.0,0.0
1.0,8.51607e-17
1.0,1.93099e-16
1.0,1.23003e-16
1.0,2.57858e-28
1.0,0.0
1.0,9.22554e-17
1.0,0.0
1.0,6.40879e-22
1.0,0.0
1.0,2.16609e-27
1.0,2.39089e-25
1.0,2.18056e-33
1.0,7.7272e-23
1.0,2.33431e-18
1.0,7.76317e-20
1.0,5.15041e-16
1.0,4.04524e-16
1.0,0.0
1.0,0.0
1.0,1.55429e-31
1.0,7.29925e-26
1.0,2.55085e-33
1.0,1.62273e-29
1.0,2.31589e-26
1.0,2.09511e-21
1.0,4.08064e-22
1.0,9.77764e-22
1.0,1.48027e-17
1.0,2.25514e-15
1.0,1.11517e-12
1.0,0.0
1.0,3.1121e-18
1.0,3.64328e-32
1.0,2.03785e-18
1.0,6.11987e-33
1.0,9.40101e-25
1.0,6.77634e-16
1.0,2.80105e-15
1.0,1.67223e-17
1.0,4.83032e-14
1.0,0.0
1.0,0.0
1.0,4.98077e-14
1.0,0.0
1.0,0.0
1.0,6.69043e-34
1.0,8.79288e-30
1.0,1.8215e-17
1.0,1.61963e-25
1.0,8.25523e-24
1.0,4.3096e-24
1.0,6.94385e-20
1.0,9.1496e-16
1.0,3.06873e-15
1.0,0.0
1.0,3.51792e-15
1.0,2.10342e-31
1.0,1.17032e-21
1.0,1.42508e-21
1.0,9.13242e-22
1.0,9.63544e-18
1.0,1.38979e-14
1.0,0.0
1.0,6.04292e-25
1.0,6.34544e-14
1.0,2.80272e-15
1.0,0.0
1.0,3.36912e-25
1.0,0.0
1.0,8.10429e-19
1.0,1.16893e-17
1.0,6.04753e-27
1.0,1.65145e-16
1.0,1.21475e-26
1.0,1.83439e-34
1.0,3.18859e-15
1.0,0.0
1.0,1.51583e-25
1.0,3.95368e-28
1.0,1.9263e-14
1.0,0.0
1.0,0.0
1.0,0.0
1.0,5.48173e-22
1.0,1.23157e-17
1.0,1.59838e-17
1.0,0.0
1.0,4.66786e-14
1.0,1.77483e-23
1.0,1.31726e-18
1.0,1.06823e-14
1.0,1.55712e-22
1.0,8.52597e-29
1.0,6.3962e-25
1.0,1.441e-17
1.0,3.23525e-14
1.0,6.0025e-14
1.0,2.61202e-29
1.0,1.84165e-13
1.0,2.74633e-14
1.0,1.90702e-28
1.0,1.63004e-16
1.0,2.02907e-18
1.0,1.29333e-14
1.0,4.06138e-16
1.0,3.56749e-20
1.0,2.14679e-17
1.0,1.06965e-12
1.0,7.5863e-37
1.0,3.79339e-23
1.0,9.38577e-19
1.0,1.17089e-20
1.0,0.0
1.0,6.82616e-14
1.0,3.11715e-13
1.0,2.22102e-25
1.0,4.60362e-17
1.0,1.63272e-14
1.0,1.52988e-28
1.0,9.49072e-19
1.0,8.37917e-13
1.0,1.14928e-13
1.0,9.2419e-30
1.0,2.00796e-30
1.0,2.4307e-19
1.0,2.16203e-13
1.0,7.80076e-16
1.0,0.0
1.0,0.0
1.0,8.80148e-14
1.0,6.65939e-28
1.0,7.97547e-23
1.0,3.26327e-20
1.0,3.06422e-14
1.0,0.0
1.0,3.92324e-27
1.0,2.41102e-25
1.0,2.98102e-15
1.0,8.04435e-20
1.0,4.8999e-15
1.0,7.23678e-13
1.0,5.76063e-12
1.0,0.0
1.0,4.1562e-17
1.0,8.88551e-15
1.0,5.13929e-14
1.0,0.0
1.0,0.0
1.0,6.7036e-15
1.0,0.0
1.0,1.43008e-14
1.0,0.0
1.0,2.05558e-14
1.0,2.43522e-30
1.0,6.20655e-18
1.0,0.0
1.0,7.89489e-14
1.0,1.30602e-16
1.0,0.0
1.0,0.0
1.0,1.65807e-28
1.0,4.50206e-15
1.0,1.52448e-14
1.0,1.48863e-13
1.0,2.57111e-13
1.0,1.66182e-16
1.0,3.90235e-15
1.0,8.62384e-14
1.0,1.12368e-12
1.0,4.69006e-27
1.0,1.60586e-22
1.0,3.53856e-18
1.0,5.48177e-14
1.0,5.59694e-19
1.0,2.02391e-13
1.0,3.52053e-21
1.0,7.40582e-15
1.0,5.60863e-17
1.0,2.75568e-13
1.0,2.11484e-13
1.0,0.0
1.0,5.98297e-13
1.0,0.0
1.0,0.0
1.0,2.79046e-34
1.0,1.21378e-12
1.0,0.0
1.0,1.30409e-23
1.0,1.09654e-30
1.0,8.04212e-17
1.0,1.45819e-16
1.0,6.84397e-13
1.0,1.50313e-17
1.0,1.3729e-15
1.0,8.75524e-20
1.0,6.76703e-32
1.0,8.29359e-15
1.0,3.32452e-21
1.0,9.09725e-17
1.0,3.29988e-16
1.0,8.95731e-31
1.0,5.1947e-24
1.0,6.60589e-23
1.0,4.26782e-21
1.0,2.42426e-14
1.0,1.41465e-30
1.0,6.34646e-22
1.0,0.0
1.0,0.0
1.0,9.96228e-13
1.0,2.71233e-13
1.0,5.64793e-36
1.0,3.95365e-18
1.0,0.0
1.0,0.0
1.0,0.0
1.0,1.64396e-16
1.0,5.23114e-31
1.0,5.13684e-19
1.0,7.97024e-22
1.0,1.11791e-13
1.0,3.7362e-14
1.0,3.69836e-20
1.0,3.02942e-33
1.0,0.0
1.0,4.13221e-15
1.0,4.5905e-17
1.0,7.71236e-21
1.0,1.99821e-14
1.0,1.2035e-13
1.0,1.63944e-37
1.0,4.07932e-28
1.0,1.15962e-19
1.0,6.51955e-23
1.0,3.03592e-14
1.0,0.0
1.0,4.49482e-14
1.0,2.00748e-18
1.0,7.3364e-14
1.0,5.87181e-25
1.0,2.74971e-15
1.0,2.24583e-14
1.0,7.51784e-25
1.0,7.61714e-12
1.0,0.0
1.0,4.0538e-31
1.0,1.62029e-27
1.0,1.25926e-25
1.0,1.04878e-21
1.0,2.78748e-22
1.0,4.02462e-14
1.0,2.27324e-15
1.0,5.1374e-21
1.0,0.0
1.0,8.59576e-28
1.0,0.0
1.0,2.11699e-22
1.0,5.98541e-17
1.0,0.0
1.0,3.08885e-27
1.0,1.41618e-15
1.0,9.91471e-12
1.0,0.0
1.0,4.67853e-37
1.0,0.0
1.0,6.14146e-23
1.0,1.01921e-16
1.0,2.47888e-19
1.0,5.2005e-15
1.0,8.02594e-14
1.0,0.0
1.0,1.45992e-23
1.0,1.84059e-13
1.0,5.93975e-26
1.0,1.25289e-25
1.0,1.02533e-18
1.0,0.0
1.0,4.58983e-19
1.0,8.58597e-19
1.0,1.51966e-32
1.0,6.8262e-25
1.0,1.56266e-16
1.0,8.75156e-22
1.0,0.0
1.0,3.5661e-15
1.0,4.7237e-15
1.0,8.16699e-24
1.0,3.60114e-37
1.0,3.74088e-23
1.0,2.58453e-14
1.0,3.80139e-14
1.0,3.74444e-27
1.0,3.94853e-32
1.0,1.49801e-31
1.0,1.31291e-24
1.0,4.16034e-25
1.0,0.0
1.0,0.0
1.0,5.85149e-31
1.0,0.0
1.0,6.16532e-21
1.0,1.45809e-13
1.0,0.0
1.0,6.50126e-19
1.0,5.1772e-16
1.0,7.62193e-13
1.0,3.09886e-17
1.0,1.1561e-15
1.0,0.0
1.0,0.0
1.0,0.0
1.0,2.21233e-13
1.0,5.45378e-13
1.0,5.45073e-17
1.0,0.0
1.0,1.81124e-17
1.0,4.32571e-30
1.0,1.06229e-16
1.0,2.54926e-17
1.0,1.5456e-37
1.0,8.94384e-20
1.0,5.02768e-18
1.0,4.57333e-37
1.0,8.41317e-16
1.0,0.0
1.0,0.0
1.0,4.45335e-14
1.0,7.50141e-37
1.0,5.15171e-21
1.0,4.36314e-13
1.0,2.83516e-37
1.0,4.51589e-29
1.0,1.56223e-20
1.0,2.56437e-13
1.0,0.0
1.0,3.0548e-18
1.0,2.08574e-33
1.0,5.50083e-29
1.0,1.39407e-16
1.0,2.01139e-14
1.0,6.41683e-30
1.0,1.28487e-14
1.0,1.2541e-13
1.0,6.81215e-14
1.0,0.0
1.0,3.25399e-16
1.0,1.05695e-15
1.0,0.0
1.0,4.30736e-32
1.0,1.07795e-19
1.0,8.83259e-14
1.0,1.93464e-22
1.0,8.83535e-29
1.0,1.40143e-26
1.0,1.6327e-16
1.0,1.25898e-12
1.0,1.82255e-33
1.0,1.04416e-33
1.0,8.19362e-15
1.0,1.46853e-33
1.0,3.49542e-15
1.0,6.84415e-14
1.0,6.48248e-35
1.0,1.03721e-22
1.0,0.0
1.0,1.6263e-17
1.0,5.78639e-16
1.0,5.37457e-16
1.0,1.51319e-14
1.0,0.0
1.0,0.0
1.0,0.0
1.0,4.7728e-19
1.0,1.00096e-18
1.0,5.68009e-20
1.0,1.47908e-16
1.0,1.30535e-26
1.0,5.94519e-14
1.0,1.39978e-15
1.0,0.0
1.0,6.1685e-19
1.0,0.0
1.0,2.68515e-17
1.0,1.26177e-13
1.0,0.0
1.0,1.23128e-21
1.0,6.96877e-14
1.0,7.93775e-34
1.0,9.13869e-15
1.0,5.31367e-19
1.0,2.11074e-13
1.0,8.61994e-14
1.0,8.58818e-14
1.0,0.0
1.0,1.44828e-26
1.0,0.0
1.0,2.21256e-28
1.0,5.1793e-18
1.0,0.0
1.0,7.8555e-17
1.0,2.89526e-19
1.0,3.81163e-16
1.0,2.78921e-16
1.0,8.46294e-14
1.0,1.39041e-23
1.0,0.0
1.0,7.23893e-15
1.0,0.0
1.0,8.91057e-20
1.0,2.23733e-13
1.0,2.86998e-17
1.0,1.5347e-15
1.0,0.0
1.0,6.00082e-15
1.0,1.46458e-29
1.0,3.60595e-25
1.0,5.5451e-19
1.0,5.00223e-18
1.0,4.11044e-13
1.0,1.19906e-22
1.0,0.0
1.0,0.0
1.0,3.39444e-15
1.0,3.78309e-14
1.0,0.0
1.0,9.64318e-37
1.0,4.72774e-14
1.0,5.38046e-13
1.0,2.93564e-30
1.0,1.71543e-23
1.0,3.60535e-14
1.0,4.13105e-12
1.0,0.0
1.0,1.57148e-23
1.0,4.81362e-15
1.0,0.0
1.0,1.51399e-18
1.0,0.0
1.0,2.25674e-38
1.0,5.13636e-24
1.0,5.85218e-17
1.0,3.941e-14
1.0,9.42944e-13
1.0,3.20459e-15
1.0,4.19216e-14
1.0,8.37408e-16
1.0,0.0
1.0,0.0
1.0,4.94652e-13
1.0,8.48621e-12
1.0,5.59094e-19
1.0,1.93177e-16
1.0,7.28712e-12
1.0,1.57107e-18
1.0,1.45024e-17
1.0,1.49442e-26
1.0,4.35423e-17
1.0,3.54082e-14
1.0,0.0
1.0,8.4933e-24
1.0,7.82882e-15
1.0,1.86484e-14
1.0,0.0
1.0,1.30556e-20
1.0,1.68979e-25
1.0,8.20387e-16
1.0,7.67705e-13
1.0,0.0
1.0,4.82028e-17
1.0,6.37457e-18
1.0,2.54233e-12
1.0,0.0
1.0,1.11563e-26
1.0,2.15065e-21
1.0,1.37824e-18
1.0,1.00896e-14
1.0,1.8088e-13
1.0,3.29956e-24
1.0,0.0
1.0,2.95163e-14
1.0,2.25755e-14
1.0,1.12881e-12
1.0,7.93857e-19
1.0,5.4442e-19
1.0,8.05079e-13
1.0,4.47414e-23
1.0,1.59954e-19
1.0,0.0
1.0,8.40492e-24
1.0,8.65751e-18
1.0,0.0
1.0,1.21366e-23
1.0,1.94759e-27
1.0,9.01061e-14
1.0,1.98862e-15
1.0,0.0
1.0,5.01048e-18
1.0,0.0
1.0,3.74768e-16
1.0,0.0
1.0,1.45422e-24
1.0,6.68363e-24
1.0,4.31042e-12
1.0,0.0
1.0,2.12014e-29
1.0,2.81305e-29
1.0,1.48444e-15
1.0,5.61729e-21
1.0,5.77695e-15
1.0,3.74516e-14
1.0,0.0
1.0,2.34423e-18
1.0,8.96363e-17
1.0,1.65962e-17
1.0,4.82092e-14
1.0,6.02311e-31
1.0,0.0
1.0,0.0
1.0,2.2701e-14
1.0,3.81742e-14
1.0,1.65236e-15
1.0,7.18156e-20
1.0,3.77512e-19
1.0,2.11189e-15
1.0,4.52884e-25
1.0,3.49669e-33
1.0,1.08791e-19
1.0,1.27799e-13
1.0,0.0
1.0,7.96596e-27
1.0,2.53591e-15
1.0,3.33309e-12
1.0,0.0
1.0,2.18469e-24
1.0,3.91746e-18
1.0,2.47704e-13
1.0,5.3633e-19
1.0,4.18232e-17
1.0,1.00719e-13
1.0,6.54322e-24
1.0,2.77646e-25
1.0,3.44074e-25
1.0,2.20335e-13
1.0,3.33436e-18
1.0,6.4566e-12
1.0,0.0
1.0,1.44892e-14
1.0,7.0324e-14
1.0,1.70833e-13
1.0,2.97766e-21
1.0,1.13063e-18
1.0,7.7241e-17
1.0,2.8331e-13
1.0,3.41033e-25
1.0,4.19098e-20
1.0,4.48291e-14
1.0,1.04011e-16
1.0,6.53272e-14
1.0,0.0
1.0,4.38806e-26
1.0,2.77221e-24
1.0,3.21603e-16
1.0,1.2465e-14
1.0,0.0
1.0,1.01777e-23
1.0,1.26344e-36
1.0,6.17063e-16
1.0,3.53271e-31
1.0,1.2964e-21
1.0,8.20194e-13
1.0,9.53131e-22
1.0,9.66353e-13
1.0,0.0
1.0,2.62757e-29
1.0,5.14222e-22
1.0,0.0
1.0,7.371e-19
1.0,3.10481e-15
1.0,9.0444e-13
1.0,2.71789e-13
1.0,7.55976e-20
1.0,1.67389e-18
1.0,2.41924e-16
1.0,2.0502e-17
1.0,1.01991e-16
1.0,3.74212e-16
1.0,0.0
1.0,1.231e-26
1.0,8.81323e-12
1.0,0.0
1.0,1.45484e-29
1.0,3.30774e-26
1.0,0.0
1.0,4.62364e-37
1.0,3.81095e-22
1.0,1.66961e-15
1.0,1.81664e-13
1.0,8.74672e-15
1.0,6.56792e-17
1.0,2.96713e-14
1.0,3.33979e-34
1.0,5.71026e-28
1.0,1.40639e-26
1.0,6.18827e-21
1.0,4.15019e-19
1.0,1.83519e-16
1.0,0.0
1.0,1.09337e-18
1.0,1.45051e-33
1.0,1.19767e-18
1.0,4.93177e-24
1.0,7.00711e-24
1.0,5.3841e-26
1.0,6.01949e-21
1.0,0.0
1.0,4.01455e-17
1.0,0.0
1.0,0.0
1.0,1.8932e-18
1.0,7.66048e-13
1.0,8.00744e-13
1.0,0.0
1.0,3.99454e-14
1.0,3.29389e-18
1.0,3.82947e-30
1.0,5.90334e-27
1.0,5.71216e-19
1.0,0.0
1.0,1.24595e-20
1.0,4.55314e-26
1.0,2.59319e-18
1.0,1.34314e-13
1.0,0.0
1.0,6.86284e-15
1.0,5.79667e-29
1.0,1.02242e-21
1.0,3.37294e-24
1.0,7.86051e-14
1.0,3.21272e-24
1.0,5.27833e-34
1.0,9.5841e-22
1.0,0.0
1.0,1.36805e-16
1.0,2.29942e-30
1.0,8.07069e-27
1.0,1.83153e-19
1.0,2.57105e-16
1.0,1.00484e-24
1.0,1.99206e-22
1.0,2.21627e-15
1.0,1.94073e-28
1.0,2.56927e-26
1.0,7.82609e-19
1.0,2.29351e-12
1.0,9.01801e-13
1.0,0.0
1.0,7.07496e-24
1.0,0.0
1.0,1.37463e-19
1.0,3.3141e-14
1.0,2.41991e-13
1.0,2.3712e-13
1.0,9.96997e-19
1.0,9.84548e-14
1.0,9.28113e-19
1.0,3.98854e-38
1.0,2.63625e-20
1.0,8.25338e-13
1.0,1.11255e-26
1.0,5.19811e-19
1.0,5.78846e-16
1.0,0.0
1.0,1.77024e-17
1.0,5.68516e-18
1.0,8.01655e-17
1.0,2.04414e-26
1.0,1.77893e-13
1.0,2.02051e-19
1.0,3.31428e-18
1.0,3.50039e-13
1.0,0.0
1.0,8.03663e-17
1.0,9.34656e-15
1.0,9.18867e-16
1.0,4.73626e-14
1.0,2.52912e-13
1.0,1.36771e-18
1.0,9.57604e-18
1.0,4.73688e-15
1.0,2.53367e-13
1.0,0.0
1.0,1.73546e-22
1.0,1.46777e-17
1.0,2.24067e-21
1.0,0.0
1.0,0.0
1.0,1.40399e-35
1.0,0.0
1.0,5.80247e-20
1.0,8.50683e-21
1.0,1.46765e-13
1.0,1.11248e-27
1.0,2.19316e-15
1.0,0.0
1.0,2.58861e-35
1.0,8.10899e-19
1.0,1.52535e-15
1.0,8.61765e-29
1.0,1.90511e-16
1.0,1.48404e-14
1.0,2.33107e-32
1.0,2.87686e-19
1.0,0.0
1.0,5.62156e-19
1.0,0.0
1.0,3.74545e-28
1.0,2.08471e-24
1.0,4.9913e-15
1.0,9.83679e-15
1.0,2.26506e-38
1.0,1.19265e-11
1.0,0.0
1.0,1.95969e-22
1.0,1.08323e-14
1.0,0.0
1.0,1.99084e-13
1.0,5.00135e-15
1.0,3.01371e-25
1.0,3.88037e-21
1.0,8.72169e-15
1.0,0.0
1.0,0.0
1.0,0.0
1.0,1.66301e-14
1.0,1.04805e-15
1.0,1.43507e-13
1.0,0.0
1.0,0.0
1.0,9.82409e-18
1.0,5.19067e-12
1.0,5.04661e-29
1.0,6.00742e-15
1.0,4.09645e-15
1.0,3.75375e-26
1.0,3.41589e-20
1.0,1.99325e-14
1.0,1.03358e-29
1.0,1.36465e-21
1.0,3.57718e-14
1.0,5.75723e-16
1.0,1.75139e-18
1.0,0.0
1.0,3.47609e-22
1.0,2.78208e-13
1.0,9.77378e-18
1.0,1.20203e-12
1.0,4.51307e-14
1.0,0.0
1.0,2.03052e-17
1.0,0.0
1.0,0.0
1.0,1.8413e-21
1.0,0.0
1.0,7.46037e-23
1.0,1.33438e-13
1.0,5.31874e-24
1.0,1.03552e-18
1.0,0.0
1.0,1.44929e-13
1.0,6.38345e-33
1.0,3.16491e-23
1.0,0.0
1.0,4.37021e-15
1.0,4.39541e-13
1.0,6.19256e-32
1.0,3.33692e-30
1.0,1.90304e-13
1.0,0.0
1.0,5.78756e-15
1.0,2.77881e-13
1.0,4.87671e-13
1.0,4.75861e-38
1.0,3.29305e-31
1.0,0.0
1.0,1.1698e-17
1.0,0.0
1.0,6.12959e-17
1.0,5.68844e-26
1.0,4.67106e-20
1.0,1.66443e-13
1.0,3.88064e-15
1.0,8.2123e-36
1.0,6.85279e-23
1.0,1.10221e-15
1.0,7.93211e-14
1.0,3.00261e-17
1.0,2.20893e-18
1.0,6.97165e-16
1.0,0.0
1.0,9.82503e-27
1.0,2.97666e-17
1.0,0.0
1.0,1.2223e-30
1.0,3.38612e-27
1.0,2.38868e-20
1.0,1.32389e-17
1.0,2.59034e-24
1.0,3.93541e-15
1.0,3.27355e-14
1.0,2.15033e-17
1.0,0.0
1.0,1.33018e-36
1.0,4.68941e-16
1.0,2.61428e-16
1.0,0.0
1.0,1.23658e-21
1.0,1.26459e-20
1.0,0.0
1.0,2.04687e-22
1.0,9.38862e-22
1.0,8.05079e-13
1.0,1.08433e-21
1.0,2.65085e-14
1.0,1.30938e-13
1.0,1.54921e-17
1.0,3.19146e-26
1.0,0.0
1.0,0.0
1.0,1.40954e-19
1.0,3.71366e-18
1.0,6.97981e-18
1.0,5.88665e-22
1.0,3.36895e-14
1.0,8.85606e-25
1.0,5.18779e-25
1.0,0.0
1.0,1.29803e-22
1.0,5.34428e-21
1.0,0.0
1.0,4.5675e-30
1.0,3.91811e-22
1.0,8.65968e-19
1.0,4.28604e-15
1.0,4.17541e-13
1.0,1.31918e-26
1.0,4.48463e-23
1.0,1.93844e-16
1.0,1.56533e-13
1.0,4.3701e-14
1.0,8.07117e-15
1.0,0.0
1.0,1.13705e-14
1.0,8.34078e-12
1.0,4.46891e-36
1.0,1.14031e-15
1.0,4.203e-13
1.0,0.0
1.0,1.35072e-16
1.0,5.9101e-19
1.0,1.32504e-13
1.0,1.1013e-20
1.0,7.621e-21
1.0,6.30323e-19
1.0,1.16426e-17
1.0,1.20202e-23
1.0,2.8881e-26
1.0,1.44064e-12
1.0,0.0
1.0,8.84147e-18
1.0,1.33105e-13
1.0,1.12671e-18
1.0,0.0
1.0,1.42671e-26
1.0,1.74328e-14
1.0,1.25355e-21
1.0,6.96028e-16
1.0,4.80036e-17
1.0,0.0
1.0,6.18184e-14
1.0,1.52908e-15
1.0,0.0
1.0,4.42551e-20
1.0,3.05958e-16
1.0,4.69939e-14
1.0,7.85913e-14
1.0,0.0
1.0,4.96029e-19
1.0,1.65508e-14
1.0,0.0
1.0,3.77551e-20
1.0,4.06206e-27
1.0,7.09376e-19
1.0,1.7916e-18
1.0,1.01871e-14
1.0,8.1762e-13
1.0,7.87408e-14
1.0,1.07577e-21
1.0,4.60904e-12
1.0,1.66733e-24
1.0,2.73006e-15
1.0,6.68537e-21
1.0,0.0
1.0,9.38318e-36
1.0,0.0
1.0,2.17969e-30
1.0,5.72379e-26
1.0,5.0298e-20
1.0,2.16592e-14
1.0,1.03965e-14
1.0,1.95643e-25
1.0,1.43513e-12
1.0,0.0
1.0,1.35645e-15
1.0,4.12274e-23
1.0,2.88605e-22
1.0,0.0
1.0,3.68355e-18
1.0,1.55599e-17
1.0,1.22175e-24
1.0,2.9519e-28
1.0,1.24271e-19
1.0,2.98301e-15
1.0,0.0
1.0,6.86782e-21
1.0,9.66307e-35
1.0,3.52952e-12
1.0,9.45858e-14
1.0,6.39292e-27
1.0,0.0
1.0,7.08633e-16
1.0,4.05489e-14
1.0,4.12589e-18
1.0,4.45766e-31
1.0,1.59013e-30
1.0,2.71438e-22
1.0,9.8399e-16
1.0,6.97309e-15
1.0,6.67075e-20
1.0,0.0
1.0,1.64237e-13
1.0,3.14597e-20
1.0,2.28718e-13
1.0,1.89945e-18
1.0,8.42373e-17
1.0,2.76807e-15
1.0,0.0
1.0,0.0
1.0,5.29403e-17
1.0,4.59045e-19
1.0,3.46426e-20
1.0,3.35756e-15
1.0,2.53959e-15
1.0,3.86144e-13
1.0,3.50581e-36
1.0,4.37414e-24
1.0,2.80499e-22
1.0,1.75834e-16
1.0,3.43409e-15
1.0,0.0
1.0,1.87218e-25
1.0,1.43796e-20
1.0,0.0
1.0,1.45002e-31
1.0,1.3504e-32
1.0,1.54893e-28
1.0,8.5787e-20
1.0,1.98668e-20
1.0,2.37856e-26
1.0,0.0
1.0,7.43355e-16
1.0,0.0
1.0,8.17567e-21
1.0,5.06417e-18
1.0,1.36547e-12
1.0,0.0
1.0,6.36169e-18
1.0,0.0
1.0,0.0
1.0,3.96199e-23
1.0,6.65892e-13
1.0,0.0
1.0,0.0
1.0,0.0
1.0,4.68291e-20
1.0,6.9272e-14
1.0,9.42553e-34
1.0,1.39832e-27
1.0,4.60903e-18
1.0,0.0
1.0,0.0
1.0,1.35574e-26
1.0,1.54232e-19
1.0,4.98219e-29
1.0,2.66622e-26
1.0,2.43767e-16
1.0,2.06039e-15
1.0,5.10173e-19
1.0,1.38753e-26
1.0,2.10936e-13
1.0,0.0
1.0,3.40008e-23
1.0,3.04039e-13
1.0,0.0
1.0,0.0
1.0,9.30182e-22
1.0,6.89906e-15
1.0,0.0
1.0,3.13714e-14
1.0,5.21803e-14
1.0,3.021e-12
1.0,6.48285e-14
1.0,1.04248e-13
1.0,0.0
1.0,1.19843e-37
1.0,2.899e-24
1.0,7.52468e-16
1.0,1.52278e-15
1.0,2.2368e-28
1.0,5.43758e-20
1.0,4.46085e-15
1.0,3.71025e-15
1.0,4.24987e-15
1.0,3.59997e-22
1.0,0.0
1.0,2.13781e-16
1.0,1.02582e-12
1.0,0.0
1.0,2.50212e-14
1.0,1.99637e-17
1.0,6.08074e-15
1.0,6.81497e-20
1.0,9.26227e-20
1.0,3.36747e-22
1.0,2.04147e-17
1.0,8.95191e-17
1.0,7.50087e-21
1.0,0.0
1.0,9.29255e-31
1.0,2.18541e-26
1.0,2.74673e-15
1.0,1.04092e-14
1.0,9.32043e-21
1.0,5.78007e-27
1.0,7.82619e-22
1.0,4.21263e-21
1.0,4.37942e-17
1.0,6.74585e-16
1.0,5.7782e-13
1.0,5.00933e-15
1.0,7.79195e-12
1.0,5.73889e-13
1.0,3.81622e-14
1.0,4.03246e-34
1.0,0.0
1.0,0.0
1.0,9.93775e-30
1.0,1.912e-24
1.0,5.94122e-15
1.0,2.62919e-14
1.0,0.0
1.0,0.0
1.0,2.55882e-16
1.0,2.68358e-14
1.0,1.13183e-13
1.0,1.72679e-14
1.0,0.0
1.0,1.78412e-26
1.0,3.87162e-14
1.0,1.80204e-23
1.0,8.02052e-33
1.0,0.0
1.0,3.671e-29
1.0,5.02675e-20
1.0,1.99614e-19
1.0,4.65507e-19
1.0,2.35354e-15
1.0,0.0
1.0,2.2096e-14
1.0,4.55211e-15
1.0,1.87926e-15
1.0,0.0
1.0,1.60329e-29
1.0,8.00067e-29
1.0,1.2013e-24
1.0,5.2277e-24
1.0,1.33088e-13
1.0,2.88557e-25
1.0,1.60883e-20
1.0,0.0
1.0,1.10438e-26
1.0,3.88084e-16
1.0,0.0
1.0,4.09816e-28
1.0,1.87748e-13
1.0,1.41563e-36
1.0,1.03923e-18
1.0,0.0
1.0,6.34346e-13
1.0,6.05329e-29
1.0,5.14867e-27
1.0,2.55685e-24
1.0,1.31205e-16
1.0,1.27735e-13
1.0,1.5984e-26
1.0,2.84022e-19
1.0,2.45326e-15
1.0,3.95413e-15
1.0,0.0
1.0,2.68529e-24
1.0,9.16826e-38
1.0,7.61052e-25
1.0,0.0
1.0,0.0
1.0,2.96692e-23
1.0,7.54411e-22
1.0,0.0
1.0,0.0
1.0,0.0
1.0,8.69739e-19
1.0,5.34384e-31
1.0,2.54761e-13
1.0,4.52497e-13
1.0,3.88705e-32
1.0,0.0
1.0,1.59803e-28
1.0,3.03175e-30
1.0,4.6136e-14
1.0,2.38095e-21
1.0,2.64347e-21
1.0,9.52645e-19
1.0,0.0
1.0,6.41444e-21
1.0,0.0
1.0,2.62798e-28
1.0,4.30528e-15
1.0,0.0
1.0,1.541e-31
1.0,5.47837e-18
1.0,6.16501e-22
1.0,7.91711e-17
1.0,0.0
1.0,8.70159e-30
1.0,0.0
1.0,7.28046e-16
1.0,4.99091e-27
1.0,1.22645e-16
1.0,2.26483e-15
1.0,2.79265e-13
1.0,0.0
1.0,5.64541e-22
1.0,6.20729e-31
1.0,9.28154e-22
1.0,1.08752e-19
1.0,3.98385e-19
1.0,2.0251e-14
1.0,1.4278e-21
1.0,3.37842e-19
1.0,0.0
1.0,0.0
1.0,2.13878e-36
1.0,1.44762e-27
1.0,0.0
1.0,0.0
1.0,2.22995e-27
1.0,1.96251e-18
1.0,3.49383e-15
1.0,0.0
1.0,0.0
1.0,0.0
1.0,3.40326e-18
1.0,2.50315e-25
1.0,1.24727e-13
1.0,1.99359e-13
1.0,3.60858e-14
1.0,3.5238e-22
1.0,1.91605e-13
1.0,4.21373e-12
1.0,0.0
1.0,1.34828e-26
1.0,3.19101e-18
1.0,0.0
1.0,1.46394e-24
1.0,8.35022e-15
1.0,1.71714e-13
1.0,4.10143e-12
1.0,6.9873e-13
1.0,0.0
1.0,2.0508e-21
1.0,0.0
1.0,6.28993e-18
1.0,0.0
1.0,1.25252e-15
1.0,0.0
1.0,1.16478e-18
1.0,3.96556e-14
1.0,3.74843e-18
1.0,5.22485e-16
1.0,1.57861e-13
1.0,8.72745e-16
1.0,0.0
1.0,2.00904e-26
1.0,6.43387e-29
1.0,2.25483e-15
1.0,5.26026e-18
1.0,0.0
1.0,1.77656e-13
1.0,5.48643e-16
1.0,1.34483e-16
1.0,0.0
1.0,9.53786e-29
1.0,9.48569e-20
1.0,9.27802e-14
1.0,1.11972e-16
1.0,1.46913e-20
1.0,0.0
1.0,1.03974e-11
1.0,3.05583e-15
1.0,0.0
1.0,4.98038e-16
1.0,0.0
1.0,6.29643e-35
1.0,4.74549e-27
1.0,2.56452e-20
1.0,5.60677e-25
1.0,3.20162e-19
1.0,5.50922e-19
1.0,9.64449e-18
1.0,2.45274e-16
1.0,2.22362e-24
1.0,0.0
1.0,2.00621e-20
1.0,0.0
1.0,3.17997e-22
1.0,2.10554e-17
1.0,2.8578e-24
1.0,3.90375e-18
1.0,3.87679e-13
1.0,5.83498e-21
1.0,1.21888e-18
1.0,3.42423e-16
1.0,2.07751e-14
1.0,2.38971e-16
1.0,0.0
1.0,0.0
1.0,2.36302e-28
1.0,5.3752e-17
1.0,1.04554e-13
1.0,0.0
1.0,1.05167e-30
1.0,2.86557e-15
1.0,1.85894e-13
1.0,1.24161e-23
1.0,4.94128e-32
1.0,1.393e-15
1.0,1.01445e-14
1.0,6.29717e-13
1.0,2.26056e-34
1.0,4.45362e-13
1.0,1.01148e-13
1.0,3.45034e-12
1.0,7.49066e-23
1.0,1.13433e-24
1.0,0.0
1.0,9.09823e-23
1.0,1.16678e-18
1.0,3.10706e-12
1.0,0.0
1.0,6.49681e-15
1.0,2.02815e-33
1.0,1.92243e-15
1.0,1.17589e-31
1.0,0.0
1.0,1.2489e-24
1.0,1.96176e-13
1.0,0.0
1.0,1.45083e-18
1.0,3.72544e-16
1.0,1.32405e-30
1.0,1.94196e-38
1.0,1.2346e-11
1.0,0.0
1.0,0.0
1.0,0.0
1.0,0.0
1.0,4.63896e-14
1.0,4.10558e-13
1.0,6.43077e-24
1.0,2.66084e-14
1.0,6.52493e-14
1.0,0.0
1.0,1.33933e-24
1.0,2.79404e-23
1.0,5.07832e-17
1.0,1.78581e-13
1.0,2.96092e-13
1.0,9.12742e-17
1.0,4.05089e-16
1.0,6.99263e-19
1.0,9.98087e-15
1.0,1.61833e-19
1.0,1.16255e-34
1.0,6.91324e-13
1.0,1.07385e-13
1.0,2.99565e-15
1.0,5.14128e-14
1.0,5.58838e-20
1.0,7.16608e-14
1.0,0.0
1.0,0.0
1.0,0.0
1.0,8.90542e-32
1.0,3.93339e-31
1.0,2.00472e-24
1.0,6.91035e-13
1.0,1.0091e-15
1.0,0.0
1.0,0.0
1.0,1.4177e-26
1.0,2.71092e-15
1.0,1.39157e-13
1.0,1.6748e-12
1.0,1.51432e-29
1.0,0.0
1.0,1.02304e-19
1.0,5.37366e-18
1.0,6.78987e-14
1.0,1.31995e-13
1.0,0.0
1.0,3.52815e-15
1.0,0.0
1.0,9.14797e-15
1.0,6.93379e-12
1.0,6.33797e-37
1.0,1.00388e-12
1.0,0.0
1.0,2.55281e-37
1.0,3.00777e-23
1.0,4.40457e-12
1.0,4.94201e-19
1.0,4.54275e-18
1.0,2.85051e-15
1.0,6.59197e-15
1.0,9.91437e-26
1.0,9.15444e-19
1.0,6.85204e-19
1.0,4.94612e-28
1.0,4.68879e-21
1.0,5.51082e-18
1.0,2.57621e-14
1.0,1.87499e-26
1.0,6.75932e-25
1.0,1.85022e-14
1.0,4.30604e-13
1.0,0.0
1.0,1.14522e-17
1.0,3.94281e-30
1.0,5.80108e-17
1.0,1.47194e-14
1.0,3.60108e-19
1.0,0.0
1.0,8.13883e-20
1.0,1.63434e-18
1.0,2.65793e-16
1.0,2.46303e-13
1.0,0.0
1.0,2.89346e-25
1.0,1.63324e-22
1.0,8.59457e-22
1.0,1.88239e-38
1.0,1.30419e-38
1.0,0.0
1.0,9.98291e-33
1.0,4.78494e-28
1.0,3.80538e-14
1.0,6.85596e-20
1.0,6.02316e-17
1.0,1.2944e-13
1.0,0.0
1.0,1.58678e-22
1.0,6.25759e-19
1.0,1.91527e-15
1.0,1.0214e-13
1.0,3.13433e-20
1.0,2.14535e-15
1.0,1.08217e-18
1.0,0.0
1.0,0.0
1.0,4.15589e-22
1.0,1.36591e-15
1.0,6.65824e-36
1.0,4.46829e-15
1.0,8.94592e-20
1.0,1.01444e-16
1.0,7.08012e-30
1.0,2.42245e-13
1.0,4.19391e-14
1.0,3.86049e-13
1.0,1.31388e-38
1.0,3.01505e-24
1.0,4.99194e-18
1.0,6.89132e-16
1.0,3.21638e-14
1.0,9.04475e-12
1.0,0.0
1.0,3.12492e-24
1.0,1.30941e-23
1.0,6.38956e-20
1.0,6.14436e-18
1.0,1.10065e-16
1.0,1.14844e-15
1.0,6.92628e-14
1.0,1.18575e-20
1.0,4.91621e-15
1.0,1.88344e-18
1.0,1.87179e-14
